2024-11-19 17:20:29,261 - konomi.utils.schema_manager - ERROR - Failed to get current version for db_grid/A1/database.db: no such table: schema_versions
2024-11-19 17:20:29,262 - konomi.utils.schema_manager - ERROR - Failed to get migration history for db_grid/A1/database.db: no such table: schema_versions
2024-11-19 17:20:29,881 - konomi.utils.schema_manager - INFO - Initialized version control in db_grid/A1/database.db
2024-11-19 17:20:29,916 - konomi.utils.schema_manager - INFO - Registered migration version 1 for db_grid/A1/database.db
2024-11-19 17:20:29,917 - konomi.utils.schema_manager - ERROR - Failed to apply migration to db_grid/A1/database.db: near "CREATE": syntax error
2024-11-19 17:20:29,978 - konomi.utils.schema_manager - INFO - Initialized version control in db_grid/A2/database.db
2024-11-19 17:20:30,016 - konomi.utils.schema_manager - INFO - Registered migration version 1 for db_grid/A2/database.db
2024-11-19 17:20:30,016 - konomi.utils.schema_manager - ERROR - Failed to apply migration to db_grid/A2/database.db: near "CREATE": syntax error
2024-11-19 17:20:30,096 - konomi.utils.schema_manager - INFO - Initialized version control in db_grid/A3/database.db
2024-11-19 17:20:30,128 - konomi.utils.schema_manager - INFO - Registered migration version 1 for db_grid/A3/database.db
2024-11-19 17:20:30,159 - konomi.utils.schema_manager - INFO - Applied migration version 1 to db_grid/A3/database.db
2024-11-19 17:20:30,212 - konomi.utils.schema_manager - INFO - Initialized version control in db_grid/A4/database.db
2024-11-19 17:20:30,240 - konomi.utils.schema_manager - INFO - Registered migration version 1 for db_grid/A4/database.db
2024-11-19 17:20:30,241 - konomi.utils.schema_manager - ERROR - Failed to apply migration to db_grid/A4/database.db: near "CREATE": syntax error
2024-11-19 17:20:30,291 - konomi.utils.schema_manager - INFO - Initialized version control in db_grid/A5/database.db
2024-11-19 17:20:30,316 - konomi.utils.schema_manager - INFO - Registered migration version 1 for db_grid/A5/database.db
2024-11-19 17:20:30,342 - konomi.utils.schema_manager - INFO - Applied migration version 1 to db_grid/A5/database.db
2024-11-19 17:20:30,397 - konomi.utils.schema_manager - INFO - Initialized version control in db_grid/B1/database.db
2024-11-19 17:20:30,428 - konomi.utils.schema_manager - INFO - Registered migration version 1 for db_grid/B1/database.db
2024-11-19 17:20:30,460 - konomi.utils.schema_manager - INFO - Applied migration version 1 to db_grid/B1/database.db
2024-11-19 17:20:30,529 - konomi.utils.schema_manager - INFO - Initialized version control in db_grid/B2/database.db
2024-11-19 17:20:30,558 - konomi.utils.schema_manager - INFO - Registered migration version 1 for db_grid/B2/database.db
2024-11-19 17:20:30,582 - konomi.utils.schema_manager - INFO - Applied migration version 1 to db_grid/B2/database.db
2024-11-19 17:20:30,674 - konomi.utils.schema_manager - INFO - Initialized version control in db_grid/B3/database.db
2024-11-19 17:20:30,702 - konomi.utils.schema_manager - INFO - Registered migration version 1 for db_grid/B3/database.db
2024-11-19 17:20:30,734 - konomi.utils.schema_manager - INFO - Applied migration version 1 to db_grid/B3/database.db
2024-11-19 17:20:30,797 - konomi.utils.schema_manager - INFO - Initialized version control in db_grid/B4/database.db
2024-11-19 17:20:30,824 - konomi.utils.schema_manager - INFO - Registered migration version 1 for db_grid/B4/database.db
2024-11-19 17:20:30,853 - konomi.utils.schema_manager - INFO - Applied migration version 1 to db_grid/B4/database.db
2024-11-19 17:20:30,910 - konomi.utils.schema_manager - INFO - Initialized version control in db_grid/B5/database.db
2024-11-19 17:20:30,937 - konomi.utils.schema_manager - INFO - Registered migration version 1 for db_grid/B5/database.db
2024-11-19 17:20:30,966 - konomi.utils.schema_manager - INFO - Applied migration version 1 to db_grid/B5/database.db
2024-11-19 17:20:31,033 - konomi.utils.schema_manager - INFO - Initialized version control in db_grid/C1/database.db
2024-11-19 17:20:31,060 - konomi.utils.schema_manager - INFO - Registered migration version 1 for db_grid/C1/database.db
2024-11-19 17:20:31,089 - konomi.utils.schema_manager - INFO - Applied migration version 1 to db_grid/C1/database.db
2024-11-19 17:20:31,163 - konomi.utils.schema_manager - INFO - Initialized version control in db_grid/C2/database.db
2024-11-19 17:20:31,206 - konomi.utils.schema_manager - INFO - Registered migration version 1 for db_grid/C2/database.db
2024-11-19 17:20:31,236 - konomi.utils.schema_manager - INFO - Applied migration version 1 to db_grid/C2/database.db
2024-11-19 17:20:31,498 - konomi.utils.schema_manager - INFO - Initialized version control in db_grid/C3/database.db
2024-11-19 17:20:31,526 - konomi.utils.schema_manager - INFO - Registered migration version 1 for db_grid/C3/database.db
2024-11-19 17:20:31,559 - konomi.utils.schema_manager - INFO - Applied migration version 1 to db_grid/C3/database.db
2024-11-19 17:20:31,615 - konomi.utils.schema_manager - INFO - Initialized version control in db_grid/C4/database.db
2024-11-19 17:20:31,641 - konomi.utils.schema_manager - INFO - Registered migration version 1 for db_grid/C4/database.db
2024-11-19 17:20:31,667 - konomi.utils.schema_manager - INFO - Applied migration version 1 to db_grid/C4/database.db
2024-11-19 17:20:31,727 - konomi.utils.schema_manager - INFO - Initialized version control in db_grid/C5/database.db
2024-11-19 17:20:31,751 - konomi.utils.schema_manager - INFO - Registered migration version 1 for db_grid/C5/database.db
2024-11-19 17:20:31,776 - konomi.utils.schema_manager - INFO - Applied migration version 1 to db_grid/C5/database.db
2024-11-19 17:20:31,834 - konomi.utils.schema_manager - INFO - Initialized version control in db_grid/D1/database.db
2024-11-19 17:20:31,858 - konomi.utils.schema_manager - INFO - Registered migration version 1 for db_grid/D1/database.db
2024-11-19 17:20:31,884 - konomi.utils.schema_manager - INFO - Applied migration version 1 to db_grid/D1/database.db
2024-11-19 17:20:31,933 - konomi.utils.schema_manager - INFO - Initialized version control in db_grid/D2/database.db
2024-11-19 17:20:31,957 - konomi.utils.schema_manager - INFO - Registered migration version 1 for db_grid/D2/database.db
2024-11-19 17:20:31,984 - konomi.utils.schema_manager - INFO - Applied migration version 1 to db_grid/D2/database.db
2024-11-19 17:20:32,041 - konomi.utils.schema_manager - INFO - Initialized version control in db_grid/D3/database.db
2024-11-19 17:20:32,067 - konomi.utils.schema_manager - INFO - Registered migration version 1 for db_grid/D3/database.db
2024-11-19 17:20:32,091 - konomi.utils.schema_manager - INFO - Applied migration version 1 to db_grid/D3/database.db
2024-11-19 17:20:32,145 - konomi.utils.schema_manager - INFO - Initialized version control in db_grid/D4/database.db
2024-11-19 17:20:32,169 - konomi.utils.schema_manager - INFO - Registered migration version 1 for db_grid/D4/database.db
2024-11-19 17:20:32,193 - konomi.utils.schema_manager - INFO - Applied migration version 1 to db_grid/D4/database.db
2024-11-19 17:20:32,249 - konomi.utils.schema_manager - INFO - Initialized version control in db_grid/D5/database.db
2024-11-19 17:20:32,275 - konomi.utils.schema_manager - INFO - Registered migration version 1 for db_grid/D5/database.db
2024-11-19 17:20:32,303 - konomi.utils.schema_manager - INFO - Applied migration version 1 to db_grid/D5/database.db
2024-11-19 17:20:32,353 - konomi.utils.schema_manager - INFO - Initialized version control in db_grid/E1/database.db
2024-11-19 17:20:32,378 - konomi.utils.schema_manager - INFO - Registered migration version 1 for db_grid/E1/database.db
2024-11-19 17:20:32,404 - konomi.utils.schema_manager - INFO - Applied migration version 1 to db_grid/E1/database.db
2024-11-19 17:20:32,464 - konomi.utils.schema_manager - INFO - Initialized version control in db_grid/E2/database.db
2024-11-19 17:20:32,492 - konomi.utils.schema_manager - INFO - Registered migration version 1 for db_grid/E2/database.db
2024-11-19 17:20:32,516 - konomi.utils.schema_manager - INFO - Applied migration version 1 to db_grid/E2/database.db
2024-11-19 17:20:32,564 - konomi.utils.schema_manager - INFO - Initialized version control in db_grid/E3/database.db
2024-11-19 17:20:32,589 - konomi.utils.schema_manager - INFO - Registered migration version 1 for db_grid/E3/database.db
2024-11-19 17:20:32,614 - konomi.utils.schema_manager - INFO - Applied migration version 1 to db_grid/E3/database.db
2024-11-19 17:20:32,672 - konomi.utils.schema_manager - INFO - Initialized version control in db_grid/E4/database.db
2024-11-19 17:20:32,696 - konomi.utils.schema_manager - INFO - Registered migration version 1 for db_grid/E4/database.db
2024-11-19 17:20:32,721 - konomi.utils.schema_manager - INFO - Applied migration version 1 to db_grid/E4/database.db
2024-11-19 17:20:32,774 - konomi.utils.schema_manager - INFO - Initialized version control in db_grid/E5/database.db
2024-11-19 17:20:32,803 - konomi.utils.schema_manager - INFO - Registered migration version 1 for db_grid/E5/database.db
2024-11-19 17:20:32,829 - konomi.utils.schema_manager - INFO - Applied migration version 1 to db_grid/E5/database.db
2024-11-19 17:20:32,885 - konomi.utils.schema_manager - INFO - Initialized version control in db_grid/F1/database.db
2024-11-19 17:20:32,911 - konomi.utils.schema_manager - INFO - Registered migration version 1 for db_grid/F1/database.db
2024-11-19 17:20:32,912 - konomi.utils.schema_manager - ERROR - Failed to apply migration to db_grid/F1/database.db: near "CREATE": syntax error
2024-11-19 17:20:32,968 - konomi.utils.schema_manager - INFO - Initialized version control in db_grid/F2/database.db
2024-11-19 17:20:32,998 - konomi.utils.schema_manager - INFO - Registered migration version 1 for db_grid/F2/database.db
2024-11-19 17:20:32,998 - konomi.utils.schema_manager - ERROR - Failed to apply migration to db_grid/F2/database.db: near "CREATE": syntax error
2024-11-19 17:20:33,060 - konomi.utils.schema_manager - INFO - Initialized version control in db_grid/F3/database.db
2024-11-19 17:20:33,091 - konomi.utils.schema_manager - INFO - Registered migration version 1 for db_grid/F3/database.db
2024-11-19 17:20:33,091 - konomi.utils.schema_manager - ERROR - Failed to apply migration to db_grid/F3/database.db: near "CREATE": syntax error
2024-11-19 17:20:33,147 - konomi.utils.schema_manager - INFO - Initialized version control in db_grid/F4/database.db
2024-11-19 17:20:33,172 - konomi.utils.schema_manager - INFO - Registered migration version 1 for db_grid/F4/database.db
2024-11-19 17:20:33,172 - konomi.utils.schema_manager - ERROR - Failed to apply migration to db_grid/F4/database.db: near "CREATE": syntax error
2024-11-19 17:20:33,385 - konomi.utils.schema_manager - INFO - Initialized version control in db_grid/F5/database.db
2024-11-19 17:20:33,411 - konomi.utils.schema_manager - INFO - Registered migration version 1 for db_grid/F5/database.db
2024-11-19 17:20:33,412 - konomi.utils.schema_manager - ERROR - Failed to apply migration to db_grid/F5/database.db: near "CREATE": syntax error
2024-11-19 17:20:33,470 - konomi.utils.schema_manager - INFO - Initialized version control in db_grid/G1/database.db
2024-11-19 17:20:33,499 - konomi.utils.schema_manager - INFO - Registered migration version 1 for db_grid/G1/database.db
2024-11-19 17:20:33,499 - konomi.utils.schema_manager - ERROR - Failed to apply migration to db_grid/G1/database.db: near "CREATE": syntax error
2024-11-19 17:20:33,556 - konomi.utils.schema_manager - INFO - Initialized version control in db_grid/G2/database.db
2024-11-19 17:20:33,579 - konomi.utils.schema_manager - INFO - Registered migration version 1 for db_grid/G2/database.db
2024-11-19 17:20:33,580 - konomi.utils.schema_manager - ERROR - Failed to apply migration to db_grid/G2/database.db: near "CREATE": syntax error
2024-11-19 17:20:33,637 - konomi.utils.schema_manager - INFO - Initialized version control in db_grid/G3/database.db
2024-11-19 17:20:33,666 - konomi.utils.schema_manager - INFO - Registered migration version 1 for db_grid/G3/database.db
2024-11-19 17:20:33,667 - konomi.utils.schema_manager - ERROR - Failed to apply migration to db_grid/G3/database.db: near "CREATE": syntax error
2024-11-19 17:20:33,723 - konomi.utils.schema_manager - INFO - Initialized version control in db_grid/G4/database.db
2024-11-19 17:20:33,757 - konomi.utils.schema_manager - INFO - Registered migration version 1 for db_grid/G4/database.db
2024-11-19 17:20:33,757 - konomi.utils.schema_manager - ERROR - Failed to apply migration to db_grid/G4/database.db: near "CREATE": syntax error
2024-11-19 17:20:33,821 - konomi.utils.schema_manager - INFO - Initialized version control in db_grid/G5/database.db
2024-11-19 17:20:33,847 - konomi.utils.schema_manager - INFO - Registered migration version 1 for db_grid/G5/database.db
2024-11-19 17:20:33,848 - konomi.utils.schema_manager - ERROR - Failed to apply migration to db_grid/G5/database.db: near "CREATE": syntax error
2024-11-19 17:21:36,331 - konomi.utils.schema_manager - INFO - Initialized version control in db_grid/A1/database.db
2024-11-19 17:21:36,818 - konomi.utils.schema_manager - INFO - Registered migration version 1 for db_grid/A1/database.db
2024-11-19 17:21:36,818 - konomi.utils.schema_manager - ERROR - Failed to apply migration to db_grid/A1/database.db: near "CREATE": syntax error
2024-11-19 17:21:36,826 - konomi.utils.schema_manager - INFO - Initialized version control in db_grid/A2/database.db
2024-11-19 17:21:36,872 - konomi.utils.schema_manager - INFO - Registered migration version 1 for db_grid/A2/database.db
2024-11-19 17:21:36,873 - konomi.utils.schema_manager - ERROR - Failed to apply migration to db_grid/A2/database.db: near "CREATE": syntax error
2024-11-19 17:21:36,875 - konomi.utils.schema_manager - INFO - Initialized version control in db_grid/A3/database.db
2024-11-19 17:21:36,918 - konomi.utils.schema_manager - INFO - Registered migration version 1 for db_grid/A3/database.db
2024-11-19 17:21:36,948 - konomi.utils.schema_manager - INFO - Applied migration version 1 to db_grid/A3/database.db
2024-11-19 17:21:36,952 - konomi.utils.schema_manager - INFO - Initialized version control in db_grid/A4/database.db
2024-11-19 17:21:36,985 - konomi.utils.schema_manager - INFO - Registered migration version 1 for db_grid/A4/database.db
2024-11-19 17:21:36,986 - konomi.utils.schema_manager - ERROR - Failed to apply migration to db_grid/A4/database.db: near "CREATE": syntax error
2024-11-19 17:21:36,990 - konomi.utils.schema_manager - INFO - Initialized version control in db_grid/A5/database.db
2024-11-19 17:21:37,036 - konomi.utils.schema_manager - INFO - Registered migration version 1 for db_grid/A5/database.db
2024-11-19 17:21:37,076 - konomi.utils.schema_manager - INFO - Applied migration version 1 to db_grid/A5/database.db
2024-11-19 17:21:37,084 - konomi.utils.schema_manager - INFO - Initialized version control in db_grid/B1/database.db
2024-11-19 17:21:37,123 - konomi.utils.schema_manager - INFO - Registered migration version 1 for db_grid/B1/database.db
2024-11-19 17:21:37,166 - konomi.utils.schema_manager - INFO - Applied migration version 1 to db_grid/B1/database.db
2024-11-19 17:21:37,169 - konomi.utils.schema_manager - INFO - Initialized version control in db_grid/B2/database.db
2024-11-19 17:21:37,219 - konomi.utils.schema_manager - INFO - Registered migration version 1 for db_grid/B2/database.db
2024-11-19 17:21:37,250 - konomi.utils.schema_manager - INFO - Applied migration version 1 to db_grid/B2/database.db
2024-11-19 17:21:37,262 - konomi.utils.schema_manager - INFO - Initialized version control in db_grid/B3/database.db
2024-11-19 17:21:37,307 - konomi.utils.schema_manager - INFO - Registered migration version 1 for db_grid/B3/database.db
2024-11-19 17:21:37,343 - konomi.utils.schema_manager - INFO - Applied migration version 1 to db_grid/B3/database.db
2024-11-19 17:21:37,349 - konomi.utils.schema_manager - INFO - Initialized version control in db_grid/B4/database.db
2024-11-19 17:21:37,402 - konomi.utils.schema_manager - INFO - Registered migration version 1 for db_grid/B4/database.db
2024-11-19 17:21:37,445 - konomi.utils.schema_manager - INFO - Applied migration version 1 to db_grid/B4/database.db
2024-11-19 17:21:37,447 - konomi.utils.schema_manager - INFO - Initialized version control in db_grid/B5/database.db
2024-11-19 17:21:37,482 - konomi.utils.schema_manager - INFO - Registered migration version 1 for db_grid/B5/database.db
2024-11-19 17:21:37,510 - konomi.utils.schema_manager - INFO - Applied migration version 1 to db_grid/B5/database.db
2024-11-19 17:21:37,514 - konomi.utils.schema_manager - INFO - Initialized version control in db_grid/C1/database.db
2024-11-19 17:21:37,540 - konomi.utils.schema_manager - INFO - Registered migration version 1 for db_grid/C1/database.db
2024-11-19 17:21:37,565 - konomi.utils.schema_manager - INFO - Applied migration version 1 to db_grid/C1/database.db
2024-11-19 17:21:37,571 - konomi.utils.schema_manager - INFO - Initialized version control in db_grid/C2/database.db
2024-11-19 17:21:37,606 - konomi.utils.schema_manager - INFO - Registered migration version 1 for db_grid/C2/database.db
2024-11-19 17:21:37,635 - konomi.utils.schema_manager - INFO - Applied migration version 1 to db_grid/C2/database.db
2024-11-19 17:21:37,638 - konomi.utils.schema_manager - INFO - Initialized version control in db_grid/C3/database.db
2024-11-19 17:21:37,669 - konomi.utils.schema_manager - INFO - Registered migration version 1 for db_grid/C3/database.db
2024-11-19 17:21:37,697 - konomi.utils.schema_manager - INFO - Applied migration version 1 to db_grid/C3/database.db
2024-11-19 17:21:37,700 - konomi.utils.schema_manager - INFO - Initialized version control in db_grid/C4/database.db
2024-11-19 17:21:37,730 - konomi.utils.schema_manager - INFO - Registered migration version 1 for db_grid/C4/database.db
2024-11-19 17:21:37,769 - konomi.utils.schema_manager - INFO - Applied migration version 1 to db_grid/C4/database.db
2024-11-19 17:21:37,771 - konomi.utils.schema_manager - INFO - Initialized version control in db_grid/C5/database.db
2024-11-19 17:21:37,798 - konomi.utils.schema_manager - INFO - Registered migration version 1 for db_grid/C5/database.db
2024-11-19 17:21:37,827 - konomi.utils.schema_manager - INFO - Applied migration version 1 to db_grid/C5/database.db
2024-11-19 17:21:37,829 - konomi.utils.schema_manager - INFO - Initialized version control in db_grid/D1/database.db
2024-11-19 17:21:37,862 - konomi.utils.schema_manager - INFO - Registered migration version 1 for db_grid/D1/database.db
2024-11-19 17:21:37,889 - konomi.utils.schema_manager - INFO - Applied migration version 1 to db_grid/D1/database.db
2024-11-19 17:21:37,893 - konomi.utils.schema_manager - INFO - Initialized version control in db_grid/D2/database.db
2024-11-19 17:21:37,922 - konomi.utils.schema_manager - INFO - Registered migration version 1 for db_grid/D2/database.db
2024-11-19 17:21:37,948 - konomi.utils.schema_manager - INFO - Applied migration version 1 to db_grid/D2/database.db
2024-11-19 17:21:37,950 - konomi.utils.schema_manager - INFO - Initialized version control in db_grid/D3/database.db
2024-11-19 17:21:37,979 - konomi.utils.schema_manager - INFO - Registered migration version 1 for db_grid/D3/database.db
2024-11-19 17:21:38,023 - konomi.utils.schema_manager - INFO - Applied migration version 1 to db_grid/D3/database.db
2024-11-19 17:21:38,026 - konomi.utils.schema_manager - INFO - Initialized version control in db_grid/D4/database.db
2024-11-19 17:21:38,055 - konomi.utils.schema_manager - INFO - Registered migration version 1 for db_grid/D4/database.db
2024-11-19 17:21:38,080 - konomi.utils.schema_manager - INFO - Applied migration version 1 to db_grid/D4/database.db
2024-11-19 17:21:38,083 - konomi.utils.schema_manager - INFO - Initialized version control in db_grid/D5/database.db
2024-11-19 17:21:38,124 - konomi.utils.schema_manager - INFO - Registered migration version 1 for db_grid/D5/database.db
2024-11-19 17:21:38,155 - konomi.utils.schema_manager - INFO - Applied migration version 1 to db_grid/D5/database.db
2024-11-19 17:21:38,156 - konomi.utils.schema_manager - INFO - Initialized version control in db_grid/E1/database.db
2024-11-19 17:21:38,183 - konomi.utils.schema_manager - INFO - Registered migration version 1 for db_grid/E1/database.db
2024-11-19 17:21:38,214 - konomi.utils.schema_manager - INFO - Applied migration version 1 to db_grid/E1/database.db
2024-11-19 17:21:38,217 - konomi.utils.schema_manager - INFO - Initialized version control in db_grid/E2/database.db
2024-11-19 17:21:38,263 - konomi.utils.schema_manager - INFO - Registered migration version 1 for db_grid/E2/database.db
2024-11-19 17:21:38,319 - konomi.utils.schema_manager - INFO - Applied migration version 1 to db_grid/E2/database.db
2024-11-19 17:21:38,322 - konomi.utils.schema_manager - INFO - Initialized version control in db_grid/E3/database.db
2024-11-19 17:21:38,352 - konomi.utils.schema_manager - INFO - Registered migration version 1 for db_grid/E3/database.db
2024-11-19 17:21:38,377 - konomi.utils.schema_manager - INFO - Applied migration version 1 to db_grid/E3/database.db
2024-11-19 17:21:38,379 - konomi.utils.schema_manager - INFO - Initialized version control in db_grid/E4/database.db
2024-11-19 17:21:38,411 - konomi.utils.schema_manager - INFO - Registered migration version 1 for db_grid/E4/database.db
2024-11-19 17:21:38,443 - konomi.utils.schema_manager - INFO - Applied migration version 1 to db_grid/E4/database.db
2024-11-19 17:21:38,445 - konomi.utils.schema_manager - INFO - Initialized version control in db_grid/E5/database.db
2024-11-19 17:21:38,473 - konomi.utils.schema_manager - INFO - Registered migration version 1 for db_grid/E5/database.db
2024-11-19 17:21:38,523 - konomi.utils.schema_manager - INFO - Applied migration version 1 to db_grid/E5/database.db
2024-11-19 17:21:38,530 - konomi.utils.schema_manager - INFO - Initialized version control in db_grid/F1/database.db
2024-11-19 17:21:38,567 - konomi.utils.schema_manager - INFO - Registered migration version 1 for db_grid/F1/database.db
2024-11-19 17:21:38,568 - konomi.utils.schema_manager - ERROR - Failed to apply migration to db_grid/F1/database.db: near "CREATE": syntax error
2024-11-19 17:21:38,571 - konomi.utils.schema_manager - INFO - Initialized version control in db_grid/F2/database.db
2024-11-19 17:21:38,622 - konomi.utils.schema_manager - INFO - Registered migration version 1 for db_grid/F2/database.db
2024-11-19 17:21:38,623 - konomi.utils.schema_manager - ERROR - Failed to apply migration to db_grid/F2/database.db: near "CREATE": syntax error
2024-11-19 17:21:38,625 - konomi.utils.schema_manager - INFO - Initialized version control in db_grid/F3/database.db
2024-11-19 17:21:38,662 - konomi.utils.schema_manager - INFO - Registered migration version 1 for db_grid/F3/database.db
2024-11-19 17:21:38,663 - konomi.utils.schema_manager - ERROR - Failed to apply migration to db_grid/F3/database.db: near "CREATE": syntax error
2024-11-19 17:21:38,665 - konomi.utils.schema_manager - INFO - Initialized version control in db_grid/F4/database.db
2024-11-19 17:21:38,698 - konomi.utils.schema_manager - INFO - Registered migration version 1 for db_grid/F4/database.db
2024-11-19 17:21:38,699 - konomi.utils.schema_manager - ERROR - Failed to apply migration to db_grid/F4/database.db: near "CREATE": syntax error
2024-11-19 17:21:38,702 - konomi.utils.schema_manager - INFO - Initialized version control in db_grid/F5/database.db
2024-11-19 17:21:38,894 - konomi.utils.schema_manager - INFO - Registered migration version 1 for db_grid/F5/database.db
2024-11-19 17:21:38,895 - konomi.utils.schema_manager - ERROR - Failed to apply migration to db_grid/F5/database.db: near "CREATE": syntax error
2024-11-19 17:21:38,897 - konomi.utils.schema_manager - INFO - Initialized version control in db_grid/G1/database.db
2024-11-19 17:21:38,923 - konomi.utils.schema_manager - INFO - Registered migration version 1 for db_grid/G1/database.db
2024-11-19 17:21:38,924 - konomi.utils.schema_manager - ERROR - Failed to apply migration to db_grid/G1/database.db: near "CREATE": syntax error
2024-11-19 17:21:38,926 - konomi.utils.schema_manager - INFO - Initialized version control in db_grid/G2/database.db
2024-11-19 17:21:38,953 - konomi.utils.schema_manager - INFO - Registered migration version 1 for db_grid/G2/database.db
2024-11-19 17:21:38,953 - konomi.utils.schema_manager - ERROR - Failed to apply migration to db_grid/G2/database.db: near "CREATE": syntax error
2024-11-19 17:21:38,955 - konomi.utils.schema_manager - INFO - Initialized version control in db_grid/G3/database.db
2024-11-19 17:21:38,983 - konomi.utils.schema_manager - INFO - Registered migration version 1 for db_grid/G3/database.db
2024-11-19 17:21:38,983 - konomi.utils.schema_manager - ERROR - Failed to apply migration to db_grid/G3/database.db: near "CREATE": syntax error
2024-11-19 17:21:38,999 - konomi.utils.schema_manager - INFO - Initialized version control in db_grid/G4/database.db
2024-11-19 17:21:39,037 - konomi.utils.schema_manager - INFO - Registered migration version 1 for db_grid/G4/database.db
2024-11-19 17:21:39,038 - konomi.utils.schema_manager - ERROR - Failed to apply migration to db_grid/G4/database.db: near "CREATE": syntax error
2024-11-19 17:21:39,042 - konomi.utils.schema_manager - INFO - Initialized version control in db_grid/G5/database.db
2024-11-19 17:21:39,083 - konomi.utils.schema_manager - INFO - Registered migration version 1 for db_grid/G5/database.db
2024-11-19 17:21:39,083 - konomi.utils.schema_manager - ERROR - Failed to apply migration to db_grid/G5/database.db: near "CREATE": syntax error
2024-11-19 17:22:17,123 - konomi.utils.schema_manager - INFO - Initialized version control in db_grid/A1/database.db
2024-11-19 17:22:17,160 - konomi.utils.schema_manager - INFO - Registered migration version 1 for db_grid/A1/database.db
2024-11-19 17:22:17,160 - konomi.utils.schema_manager - ERROR - Failed to apply migration to db_grid/A1/database.db: near "CREATE": syntax error
2024-11-19 17:22:17,162 - konomi.utils.schema_manager - INFO - Initialized version control in db_grid/A2/database.db
2024-11-19 17:22:17,201 - konomi.utils.schema_manager - INFO - Registered migration version 1 for db_grid/A2/database.db
2024-11-19 17:22:17,201 - konomi.utils.schema_manager - ERROR - Failed to apply migration to db_grid/A2/database.db: near "CREATE": syntax error
2024-11-19 17:22:17,204 - konomi.utils.schema_manager - INFO - Initialized version control in db_grid/A3/database.db
2024-11-19 17:22:17,236 - konomi.utils.schema_manager - INFO - Registered migration version 1 for db_grid/A3/database.db
2024-11-19 17:22:17,262 - konomi.utils.schema_manager - INFO - Applied migration version 1 to db_grid/A3/database.db
2024-11-19 17:22:17,264 - konomi.utils.schema_manager - INFO - Initialized version control in db_grid/A4/database.db
2024-11-19 17:22:17,293 - konomi.utils.schema_manager - INFO - Registered migration version 1 for db_grid/A4/database.db
2024-11-19 17:22:17,293 - konomi.utils.schema_manager - ERROR - Failed to apply migration to db_grid/A4/database.db: near "CREATE": syntax error
2024-11-19 17:22:17,295 - konomi.utils.schema_manager - INFO - Initialized version control in db_grid/A5/database.db
2024-11-19 17:22:17,330 - konomi.utils.schema_manager - INFO - Registered migration version 1 for db_grid/A5/database.db
2024-11-19 17:22:17,358 - konomi.utils.schema_manager - INFO - Applied migration version 1 to db_grid/A5/database.db
2024-11-19 17:22:17,361 - konomi.utils.schema_manager - INFO - Initialized version control in db_grid/B1/database.db
2024-11-19 17:22:17,401 - konomi.utils.schema_manager - INFO - Registered migration version 1 for db_grid/B1/database.db
2024-11-19 17:22:17,430 - konomi.utils.schema_manager - INFO - Applied migration version 1 to db_grid/B1/database.db
2024-11-19 17:22:17,433 - konomi.utils.schema_manager - INFO - Initialized version control in db_grid/B2/database.db
2024-11-19 17:22:17,468 - konomi.utils.schema_manager - INFO - Registered migration version 1 for db_grid/B2/database.db
2024-11-19 17:22:17,498 - konomi.utils.schema_manager - INFO - Applied migration version 1 to db_grid/B2/database.db
2024-11-19 17:22:17,500 - konomi.utils.schema_manager - INFO - Initialized version control in db_grid/B3/database.db
2024-11-19 17:22:17,526 - konomi.utils.schema_manager - INFO - Registered migration version 1 for db_grid/B3/database.db
2024-11-19 17:22:17,555 - konomi.utils.schema_manager - INFO - Applied migration version 1 to db_grid/B3/database.db
2024-11-19 17:22:17,558 - konomi.utils.schema_manager - INFO - Initialized version control in db_grid/B4/database.db
2024-11-19 17:22:17,586 - konomi.utils.schema_manager - INFO - Registered migration version 1 for db_grid/B4/database.db
2024-11-19 17:22:17,613 - konomi.utils.schema_manager - INFO - Applied migration version 1 to db_grid/B4/database.db
2024-11-19 17:22:17,617 - konomi.utils.schema_manager - INFO - Initialized version control in db_grid/B5/database.db
2024-11-19 17:22:17,644 - konomi.utils.schema_manager - INFO - Registered migration version 1 for db_grid/B5/database.db
2024-11-19 17:22:17,673 - konomi.utils.schema_manager - INFO - Applied migration version 1 to db_grid/B5/database.db
2024-11-19 17:22:17,676 - konomi.utils.schema_manager - INFO - Initialized version control in db_grid/C1/database.db
2024-11-19 17:22:17,709 - konomi.utils.schema_manager - INFO - Registered migration version 1 for db_grid/C1/database.db
2024-11-19 17:22:17,733 - konomi.utils.schema_manager - INFO - Applied migration version 1 to db_grid/C1/database.db
2024-11-19 17:22:17,736 - konomi.utils.schema_manager - INFO - Initialized version control in db_grid/C2/database.db
2024-11-19 17:22:17,767 - konomi.utils.schema_manager - INFO - Registered migration version 1 for db_grid/C2/database.db
2024-11-19 17:22:17,798 - konomi.utils.schema_manager - INFO - Applied migration version 1 to db_grid/C2/database.db
2024-11-19 17:22:17,800 - konomi.utils.schema_manager - INFO - Initialized version control in db_grid/C3/database.db
2024-11-19 17:22:17,828 - konomi.utils.schema_manager - INFO - Registered migration version 1 for db_grid/C3/database.db
2024-11-19 17:22:17,859 - konomi.utils.schema_manager - INFO - Applied migration version 1 to db_grid/C3/database.db
2024-11-19 17:22:17,862 - konomi.utils.schema_manager - INFO - Initialized version control in db_grid/C4/database.db
2024-11-19 17:22:17,892 - konomi.utils.schema_manager - INFO - Registered migration version 1 for db_grid/C4/database.db
2024-11-19 17:22:17,919 - konomi.utils.schema_manager - INFO - Applied migration version 1 to db_grid/C4/database.db
2024-11-19 17:22:17,921 - konomi.utils.schema_manager - INFO - Initialized version control in db_grid/C5/database.db
2024-11-19 17:22:17,956 - konomi.utils.schema_manager - INFO - Registered migration version 1 for db_grid/C5/database.db
2024-11-19 17:22:17,985 - konomi.utils.schema_manager - INFO - Applied migration version 1 to db_grid/C5/database.db
2024-11-19 17:22:17,989 - konomi.utils.schema_manager - INFO - Initialized version control in db_grid/D1/database.db
2024-11-19 17:22:18,018 - konomi.utils.schema_manager - INFO - Registered migration version 1 for db_grid/D1/database.db
2024-11-19 17:22:18,049 - konomi.utils.schema_manager - INFO - Applied migration version 1 to db_grid/D1/database.db
2024-11-19 17:22:18,052 - konomi.utils.schema_manager - INFO - Initialized version control in db_grid/D2/database.db
2024-11-19 17:22:18,081 - konomi.utils.schema_manager - INFO - Registered migration version 1 for db_grid/D2/database.db
2024-11-19 17:22:18,109 - konomi.utils.schema_manager - INFO - Applied migration version 1 to db_grid/D2/database.db
2024-11-19 17:22:18,112 - konomi.utils.schema_manager - INFO - Initialized version control in db_grid/D3/database.db
2024-11-19 17:22:18,138 - konomi.utils.schema_manager - INFO - Registered migration version 1 for db_grid/D3/database.db
2024-11-19 17:22:18,165 - konomi.utils.schema_manager - INFO - Applied migration version 1 to db_grid/D3/database.db
2024-11-19 17:22:18,167 - konomi.utils.schema_manager - INFO - Initialized version control in db_grid/D4/database.db
2024-11-19 17:22:18,200 - konomi.utils.schema_manager - INFO - Registered migration version 1 for db_grid/D4/database.db
2024-11-19 17:22:18,234 - konomi.utils.schema_manager - INFO - Applied migration version 1 to db_grid/D4/database.db
2024-11-19 17:22:18,237 - konomi.utils.schema_manager - INFO - Initialized version control in db_grid/D5/database.db
2024-11-19 17:22:18,275 - konomi.utils.schema_manager - INFO - Registered migration version 1 for db_grid/D5/database.db
2024-11-19 17:22:18,309 - konomi.utils.schema_manager - INFO - Applied migration version 1 to db_grid/D5/database.db
2024-11-19 17:22:18,311 - konomi.utils.schema_manager - INFO - Initialized version control in db_grid/E1/database.db
2024-11-19 17:22:18,342 - konomi.utils.schema_manager - INFO - Registered migration version 1 for db_grid/E1/database.db
2024-11-19 17:22:18,386 - konomi.utils.schema_manager - INFO - Applied migration version 1 to db_grid/E1/database.db
2024-11-19 17:22:18,402 - konomi.utils.schema_manager - INFO - Initialized version control in db_grid/E2/database.db
2024-11-19 17:22:18,443 - konomi.utils.schema_manager - INFO - Registered migration version 1 for db_grid/E2/database.db
2024-11-19 17:22:18,477 - konomi.utils.schema_manager - INFO - Applied migration version 1 to db_grid/E2/database.db
2024-11-19 17:22:18,479 - konomi.utils.schema_manager - INFO - Initialized version control in db_grid/E3/database.db
2024-11-19 17:22:18,508 - konomi.utils.schema_manager - INFO - Registered migration version 1 for db_grid/E3/database.db
2024-11-19 17:22:18,538 - konomi.utils.schema_manager - INFO - Applied migration version 1 to db_grid/E3/database.db
2024-11-19 17:22:18,540 - konomi.utils.schema_manager - INFO - Initialized version control in db_grid/E4/database.db
2024-11-19 17:22:18,583 - konomi.utils.schema_manager - INFO - Registered migration version 1 for db_grid/E4/database.db
2024-11-19 17:22:18,619 - konomi.utils.schema_manager - INFO - Applied migration version 1 to db_grid/E4/database.db
2024-11-19 17:22:18,622 - konomi.utils.schema_manager - INFO - Initialized version control in db_grid/E5/database.db
2024-11-19 17:22:18,658 - konomi.utils.schema_manager - INFO - Registered migration version 1 for db_grid/E5/database.db
2024-11-19 17:22:18,684 - konomi.utils.schema_manager - INFO - Applied migration version 1 to db_grid/E5/database.db
2024-11-19 17:22:18,691 - konomi.utils.schema_manager - INFO - Initialized version control in db_grid/F1/database.db
2024-11-19 17:22:18,722 - konomi.utils.schema_manager - INFO - Registered migration version 1 for db_grid/F1/database.db
2024-11-19 17:22:18,731 - konomi.utils.schema_manager - ERROR - Failed to apply migration to db_grid/F1/database.db: near "CREATE": syntax error
2024-11-19 17:22:18,733 - konomi.utils.schema_manager - INFO - Initialized version control in db_grid/F2/database.db
2024-11-19 17:22:18,777 - konomi.utils.schema_manager - INFO - Registered migration version 1 for db_grid/F2/database.db
2024-11-19 17:22:18,777 - konomi.utils.schema_manager - ERROR - Failed to apply migration to db_grid/F2/database.db: near "CREATE": syntax error
2024-11-19 17:22:18,780 - konomi.utils.schema_manager - INFO - Initialized version control in db_grid/F3/database.db
2024-11-19 17:22:18,813 - konomi.utils.schema_manager - INFO - Registered migration version 1 for db_grid/F3/database.db
2024-11-19 17:22:18,814 - konomi.utils.schema_manager - ERROR - Failed to apply migration to db_grid/F3/database.db: near "CREATE": syntax error
2024-11-19 17:22:18,816 - konomi.utils.schema_manager - INFO - Initialized version control in db_grid/F4/database.db
2024-11-19 17:22:18,844 - konomi.utils.schema_manager - INFO - Registered migration version 1 for db_grid/F4/database.db
2024-11-19 17:22:18,844 - konomi.utils.schema_manager - ERROR - Failed to apply migration to db_grid/F4/database.db: near "CREATE": syntax error
2024-11-19 17:22:18,847 - konomi.utils.schema_manager - INFO - Initialized version control in db_grid/F5/database.db
2024-11-19 17:22:18,879 - konomi.utils.schema_manager - INFO - Registered migration version 1 for db_grid/F5/database.db
2024-11-19 17:22:18,879 - konomi.utils.schema_manager - ERROR - Failed to apply migration to db_grid/F5/database.db: near "CREATE": syntax error
2024-11-19 17:22:18,882 - konomi.utils.schema_manager - INFO - Initialized version control in db_grid/G1/database.db
2024-11-19 17:22:18,909 - konomi.utils.schema_manager - INFO - Registered migration version 1 for db_grid/G1/database.db
2024-11-19 17:22:18,910 - konomi.utils.schema_manager - ERROR - Failed to apply migration to db_grid/G1/database.db: near "CREATE": syntax error
2024-11-19 17:22:18,912 - konomi.utils.schema_manager - INFO - Initialized version control in db_grid/G2/database.db
2024-11-19 17:22:18,941 - konomi.utils.schema_manager - INFO - Registered migration version 1 for db_grid/G2/database.db
2024-11-19 17:22:18,942 - konomi.utils.schema_manager - ERROR - Failed to apply migration to db_grid/G2/database.db: near "CREATE": syntax error
2024-11-19 17:22:18,944 - konomi.utils.schema_manager - INFO - Initialized version control in db_grid/G3/database.db
2024-11-19 17:22:18,973 - konomi.utils.schema_manager - INFO - Registered migration version 1 for db_grid/G3/database.db
2024-11-19 17:22:18,973 - konomi.utils.schema_manager - ERROR - Failed to apply migration to db_grid/G3/database.db: near "CREATE": syntax error
2024-11-19 17:22:18,975 - konomi.utils.schema_manager - INFO - Initialized version control in db_grid/G4/database.db
2024-11-19 17:22:19,006 - konomi.utils.schema_manager - INFO - Registered migration version 1 for db_grid/G4/database.db
2024-11-19 17:22:19,007 - konomi.utils.schema_manager - ERROR - Failed to apply migration to db_grid/G4/database.db: near "CREATE": syntax error
2024-11-19 17:22:19,009 - konomi.utils.schema_manager - INFO - Initialized version control in db_grid/G5/database.db
2024-11-19 17:22:19,049 - konomi.utils.schema_manager - INFO - Registered migration version 1 for db_grid/G5/database.db
2024-11-19 17:22:19,049 - konomi.utils.schema_manager - ERROR - Failed to apply migration to db_grid/G5/database.db: near "CREATE": syntax error
2024-11-19 17:23:11,719 - __main__ - INFO - Initializing database A1...
2024-11-19 17:23:11,730 - __main__ - INFO - Successfully initialized db_grid/A1/database.db
2024-11-19 17:23:11,762 - konomi.utils.schema_manager - INFO - Registered migration version 1 for db_grid/A1/database.db
2024-11-19 17:23:11,762 - konomi.utils.schema_manager - INFO - Registered migration version 1 for db_grid/A1/database.db
2024-11-19 17:23:11,763 - konomi.utils.schema_manager - ERROR - Failed to apply migration to db_grid/A1/database.db: near "CREATE": syntax error
2024-11-19 17:23:11,763 - konomi.utils.schema_manager - ERROR - Failed to apply migration to db_grid/A1/database.db: near "CREATE": syntax error
2024-11-19 17:23:11,763 - __main__ - ERROR - Failed to apply migration for database A1
2024-11-19 17:23:11,763 - __main__ - INFO - Initializing database A2...
2024-11-19 17:23:11,765 - __main__ - INFO - Successfully initialized db_grid/A2/database.db
2024-11-19 17:23:11,795 - konomi.utils.schema_manager - INFO - Registered migration version 1 for db_grid/A2/database.db
2024-11-19 17:23:11,795 - konomi.utils.schema_manager - INFO - Registered migration version 1 for db_grid/A2/database.db
2024-11-19 17:23:11,796 - konomi.utils.schema_manager - ERROR - Failed to apply migration to db_grid/A2/database.db: near "CREATE": syntax error
2024-11-19 17:23:11,796 - konomi.utils.schema_manager - ERROR - Failed to apply migration to db_grid/A2/database.db: near "CREATE": syntax error
2024-11-19 17:23:11,796 - __main__ - ERROR - Failed to apply migration for database A2
2024-11-19 17:23:11,796 - __main__ - INFO - Initializing database A3...
2024-11-19 17:23:11,801 - __main__ - INFO - Successfully initialized db_grid/A3/database.db
2024-11-19 17:23:11,826 - konomi.utils.schema_manager - INFO - Registered migration version 1 for db_grid/A3/database.db
2024-11-19 17:23:11,826 - konomi.utils.schema_manager - INFO - Registered migration version 1 for db_grid/A3/database.db
2024-11-19 17:23:11,855 - konomi.utils.schema_manager - INFO - Applied migration version 1 to db_grid/A3/database.db
2024-11-19 17:23:11,855 - konomi.utils.schema_manager - INFO - Applied migration version 1 to db_grid/A3/database.db
2024-11-19 17:23:11,855 - __main__ - INFO - Successfully applied migration for database A3
2024-11-19 17:23:11,855 - __main__ - INFO - Initializing database A4...
2024-11-19 17:23:11,858 - __main__ - INFO - Successfully initialized db_grid/A4/database.db
2024-11-19 17:23:11,889 - konomi.utils.schema_manager - INFO - Registered migration version 1 for db_grid/A4/database.db
2024-11-19 17:23:11,889 - konomi.utils.schema_manager - INFO - Registered migration version 1 for db_grid/A4/database.db
2024-11-19 17:23:11,889 - konomi.utils.schema_manager - ERROR - Failed to apply migration to db_grid/A4/database.db: near "CREATE": syntax error
2024-11-19 17:23:11,889 - konomi.utils.schema_manager - ERROR - Failed to apply migration to db_grid/A4/database.db: near "CREATE": syntax error
2024-11-19 17:23:11,889 - __main__ - ERROR - Failed to apply migration for database A4
2024-11-19 17:23:11,889 - __main__ - INFO - Initializing database A5...
2024-11-19 17:23:11,892 - __main__ - INFO - Successfully initialized db_grid/A5/database.db
2024-11-19 17:23:11,922 - konomi.utils.schema_manager - INFO - Registered migration version 1 for db_grid/A5/database.db
2024-11-19 17:23:11,922 - konomi.utils.schema_manager - INFO - Registered migration version 1 for db_grid/A5/database.db
2024-11-19 17:23:11,950 - konomi.utils.schema_manager - INFO - Applied migration version 1 to db_grid/A5/database.db
2024-11-19 17:23:11,950 - konomi.utils.schema_manager - INFO - Applied migration version 1 to db_grid/A5/database.db
2024-11-19 17:23:11,951 - __main__ - INFO - Successfully applied migration for database A5
2024-11-19 17:23:11,951 - __main__ - INFO - Initializing database B1...
2024-11-19 17:23:11,955 - __main__ - INFO - Successfully initialized db_grid/B1/database.db
2024-11-19 17:23:11,983 - konomi.utils.schema_manager - INFO - Registered migration version 1 for db_grid/B1/database.db
2024-11-19 17:23:11,983 - konomi.utils.schema_manager - INFO - Registered migration version 1 for db_grid/B1/database.db
2024-11-19 17:23:12,013 - konomi.utils.schema_manager - INFO - Applied migration version 1 to db_grid/B1/database.db
2024-11-19 17:23:12,013 - konomi.utils.schema_manager - INFO - Applied migration version 1 to db_grid/B1/database.db
2024-11-19 17:23:12,013 - __main__ - INFO - Successfully applied migration for database B1
2024-11-19 17:23:12,013 - __main__ - INFO - Initializing database B2...
2024-11-19 17:23:12,017 - __main__ - INFO - Successfully initialized db_grid/B2/database.db
2024-11-19 17:23:12,044 - konomi.utils.schema_manager - INFO - Registered migration version 1 for db_grid/B2/database.db
2024-11-19 17:23:12,044 - konomi.utils.schema_manager - INFO - Registered migration version 1 for db_grid/B2/database.db
2024-11-19 17:23:12,069 - konomi.utils.schema_manager - INFO - Applied migration version 1 to db_grid/B2/database.db
2024-11-19 17:23:12,069 - konomi.utils.schema_manager - INFO - Applied migration version 1 to db_grid/B2/database.db
2024-11-19 17:23:12,070 - __main__ - INFO - Successfully applied migration for database B2
2024-11-19 17:23:12,070 - __main__ - INFO - Initializing database B3...
2024-11-19 17:23:12,072 - __main__ - INFO - Successfully initialized db_grid/B3/database.db
2024-11-19 17:23:12,109 - konomi.utils.schema_manager - INFO - Registered migration version 1 for db_grid/B3/database.db
2024-11-19 17:23:12,109 - konomi.utils.schema_manager - INFO - Registered migration version 1 for db_grid/B3/database.db
2024-11-19 17:23:12,141 - konomi.utils.schema_manager - INFO - Applied migration version 1 to db_grid/B3/database.db
2024-11-19 17:23:12,141 - konomi.utils.schema_manager - INFO - Applied migration version 1 to db_grid/B3/database.db
2024-11-19 17:23:12,141 - __main__ - INFO - Successfully applied migration for database B3
2024-11-19 17:23:12,142 - __main__ - INFO - Initializing database B4...
2024-11-19 17:23:12,144 - __main__ - INFO - Successfully initialized db_grid/B4/database.db
2024-11-19 17:23:12,171 - konomi.utils.schema_manager - INFO - Registered migration version 1 for db_grid/B4/database.db
2024-11-19 17:23:12,171 - konomi.utils.schema_manager - INFO - Registered migration version 1 for db_grid/B4/database.db
2024-11-19 17:23:12,198 - konomi.utils.schema_manager - INFO - Applied migration version 1 to db_grid/B4/database.db
2024-11-19 17:23:12,198 - konomi.utils.schema_manager - INFO - Applied migration version 1 to db_grid/B4/database.db
2024-11-19 17:23:12,199 - __main__ - INFO - Successfully applied migration for database B4
2024-11-19 17:23:12,199 - __main__ - INFO - Initializing database B5...
2024-11-19 17:23:12,202 - __main__ - INFO - Successfully initialized db_grid/B5/database.db
2024-11-19 17:23:12,429 - konomi.utils.schema_manager - INFO - Registered migration version 1 for db_grid/B5/database.db
2024-11-19 17:23:12,429 - konomi.utils.schema_manager - INFO - Registered migration version 1 for db_grid/B5/database.db
2024-11-19 17:23:12,456 - konomi.utils.schema_manager - INFO - Applied migration version 1 to db_grid/B5/database.db
2024-11-19 17:23:12,456 - konomi.utils.schema_manager - INFO - Applied migration version 1 to db_grid/B5/database.db
2024-11-19 17:23:12,456 - __main__ - INFO - Successfully applied migration for database B5
2024-11-19 17:23:12,456 - __main__ - INFO - Initializing database C1...
2024-11-19 17:23:12,459 - __main__ - INFO - Successfully initialized db_grid/C1/database.db
2024-11-19 17:23:12,487 - konomi.utils.schema_manager - INFO - Registered migration version 1 for db_grid/C1/database.db
2024-11-19 17:23:12,487 - konomi.utils.schema_manager - INFO - Registered migration version 1 for db_grid/C1/database.db
2024-11-19 17:23:12,517 - konomi.utils.schema_manager - INFO - Applied migration version 1 to db_grid/C1/database.db
2024-11-19 17:23:12,517 - konomi.utils.schema_manager - INFO - Applied migration version 1 to db_grid/C1/database.db
2024-11-19 17:23:12,517 - __main__ - INFO - Successfully applied migration for database C1
2024-11-19 17:23:12,517 - __main__ - INFO - Initializing database C2...
2024-11-19 17:23:12,519 - __main__ - INFO - Successfully initialized db_grid/C2/database.db
2024-11-19 17:23:12,552 - konomi.utils.schema_manager - INFO - Registered migration version 1 for db_grid/C2/database.db
2024-11-19 17:23:12,552 - konomi.utils.schema_manager - INFO - Registered migration version 1 for db_grid/C2/database.db
2024-11-19 17:23:12,586 - konomi.utils.schema_manager - INFO - Applied migration version 1 to db_grid/C2/database.db
2024-11-19 17:23:12,586 - konomi.utils.schema_manager - INFO - Applied migration version 1 to db_grid/C2/database.db
2024-11-19 17:23:12,586 - __main__ - INFO - Successfully applied migration for database C2
2024-11-19 17:23:12,586 - __main__ - INFO - Initializing database C3...
2024-11-19 17:23:12,588 - __main__ - INFO - Successfully initialized db_grid/C3/database.db
2024-11-19 17:23:12,618 - konomi.utils.schema_manager - INFO - Registered migration version 1 for db_grid/C3/database.db
2024-11-19 17:23:12,618 - konomi.utils.schema_manager - INFO - Registered migration version 1 for db_grid/C3/database.db
2024-11-19 17:23:12,646 - konomi.utils.schema_manager - INFO - Applied migration version 1 to db_grid/C3/database.db
2024-11-19 17:23:12,646 - konomi.utils.schema_manager - INFO - Applied migration version 1 to db_grid/C3/database.db
2024-11-19 17:23:12,646 - __main__ - INFO - Successfully applied migration for database C3
2024-11-19 17:23:12,646 - __main__ - INFO - Initializing database C4...
2024-11-19 17:23:12,648 - __main__ - INFO - Successfully initialized db_grid/C4/database.db
2024-11-19 17:23:12,686 - konomi.utils.schema_manager - INFO - Registered migration version 1 for db_grid/C4/database.db
2024-11-19 17:23:12,686 - konomi.utils.schema_manager - INFO - Registered migration version 1 for db_grid/C4/database.db
2024-11-19 17:23:12,726 - konomi.utils.schema_manager - INFO - Applied migration version 1 to db_grid/C4/database.db
2024-11-19 17:23:12,726 - konomi.utils.schema_manager - INFO - Applied migration version 1 to db_grid/C4/database.db
2024-11-19 17:23:12,726 - __main__ - INFO - Successfully applied migration for database C4
2024-11-19 17:23:12,726 - __main__ - INFO - Initializing database C5...
2024-11-19 17:23:12,728 - __main__ - INFO - Successfully initialized db_grid/C5/database.db
2024-11-19 17:23:12,763 - konomi.utils.schema_manager - INFO - Registered migration version 1 for db_grid/C5/database.db
2024-11-19 17:23:12,763 - konomi.utils.schema_manager - INFO - Registered migration version 1 for db_grid/C5/database.db
2024-11-19 17:23:12,797 - konomi.utils.schema_manager - INFO - Applied migration version 1 to db_grid/C5/database.db
2024-11-19 17:23:12,797 - konomi.utils.schema_manager - INFO - Applied migration version 1 to db_grid/C5/database.db
2024-11-19 17:23:12,797 - __main__ - INFO - Successfully applied migration for database C5
2024-11-19 17:23:12,797 - __main__ - INFO - Initializing database D1...
2024-11-19 17:23:12,799 - __main__ - INFO - Successfully initialized db_grid/D1/database.db
2024-11-19 17:23:12,837 - konomi.utils.schema_manager - INFO - Registered migration version 1 for db_grid/D1/database.db
2024-11-19 17:23:12,837 - konomi.utils.schema_manager - INFO - Registered migration version 1 for db_grid/D1/database.db
2024-11-19 17:23:12,865 - konomi.utils.schema_manager - INFO - Applied migration version 1 to db_grid/D1/database.db
2024-11-19 17:23:12,865 - konomi.utils.schema_manager - INFO - Applied migration version 1 to db_grid/D1/database.db
2024-11-19 17:23:12,866 - __main__ - INFO - Successfully applied migration for database D1
2024-11-19 17:23:12,866 - __main__ - INFO - Initializing database D2...
2024-11-19 17:23:12,868 - __main__ - INFO - Successfully initialized db_grid/D2/database.db
2024-11-19 17:23:12,898 - konomi.utils.schema_manager - INFO - Registered migration version 1 for db_grid/D2/database.db
2024-11-19 17:23:12,898 - konomi.utils.schema_manager - INFO - Registered migration version 1 for db_grid/D2/database.db
2024-11-19 17:23:12,932 - konomi.utils.schema_manager - INFO - Applied migration version 1 to db_grid/D2/database.db
2024-11-19 17:23:12,932 - konomi.utils.schema_manager - INFO - Applied migration version 1 to db_grid/D2/database.db
2024-11-19 17:23:12,933 - __main__ - INFO - Successfully applied migration for database D2
2024-11-19 17:23:12,933 - __main__ - INFO - Initializing database D3...
2024-11-19 17:23:12,936 - __main__ - INFO - Successfully initialized db_grid/D3/database.db
2024-11-19 17:23:12,973 - konomi.utils.schema_manager - INFO - Registered migration version 1 for db_grid/D3/database.db
2024-11-19 17:23:12,973 - konomi.utils.schema_manager - INFO - Registered migration version 1 for db_grid/D3/database.db
2024-11-19 17:23:13,006 - konomi.utils.schema_manager - INFO - Applied migration version 1 to db_grid/D3/database.db
2024-11-19 17:23:13,006 - konomi.utils.schema_manager - INFO - Applied migration version 1 to db_grid/D3/database.db
2024-11-19 17:23:13,007 - __main__ - INFO - Successfully applied migration for database D3
2024-11-19 17:23:13,007 - __main__ - INFO - Initializing database D4...
2024-11-19 17:23:13,013 - __main__ - INFO - Successfully initialized db_grid/D4/database.db
2024-11-19 17:23:13,084 - konomi.utils.schema_manager - INFO - Registered migration version 1 for db_grid/D4/database.db
2024-11-19 17:23:13,084 - konomi.utils.schema_manager - INFO - Registered migration version 1 for db_grid/D4/database.db
2024-11-19 17:23:13,114 - konomi.utils.schema_manager - INFO - Applied migration version 1 to db_grid/D4/database.db
2024-11-19 17:23:13,114 - konomi.utils.schema_manager - INFO - Applied migration version 1 to db_grid/D4/database.db
2024-11-19 17:23:13,115 - __main__ - INFO - Successfully applied migration for database D4
2024-11-19 17:23:13,115 - __main__ - INFO - Initializing database D5...
2024-11-19 17:23:13,117 - __main__ - INFO - Successfully initialized db_grid/D5/database.db
2024-11-19 17:23:13,150 - konomi.utils.schema_manager - INFO - Registered migration version 1 for db_grid/D5/database.db
2024-11-19 17:23:13,150 - konomi.utils.schema_manager - INFO - Registered migration version 1 for db_grid/D5/database.db
2024-11-19 17:23:13,177 - konomi.utils.schema_manager - INFO - Applied migration version 1 to db_grid/D5/database.db
2024-11-19 17:23:13,177 - konomi.utils.schema_manager - INFO - Applied migration version 1 to db_grid/D5/database.db
2024-11-19 17:23:13,177 - __main__ - INFO - Successfully applied migration for database D5
2024-11-19 17:23:13,178 - __main__ - INFO - Initializing database E1...
2024-11-19 17:23:13,180 - __main__ - INFO - Successfully initialized db_grid/E1/database.db
2024-11-19 17:23:13,205 - konomi.utils.schema_manager - INFO - Registered migration version 1 for db_grid/E1/database.db
2024-11-19 17:23:13,205 - konomi.utils.schema_manager - INFO - Registered migration version 1 for db_grid/E1/database.db
2024-11-19 17:23:13,233 - konomi.utils.schema_manager - INFO - Applied migration version 1 to db_grid/E1/database.db
2024-11-19 17:23:13,233 - konomi.utils.schema_manager - INFO - Applied migration version 1 to db_grid/E1/database.db
2024-11-19 17:23:13,233 - __main__ - INFO - Successfully applied migration for database E1
2024-11-19 17:23:13,233 - __main__ - INFO - Initializing database E2...
2024-11-19 17:23:13,235 - __main__ - INFO - Successfully initialized db_grid/E2/database.db
2024-11-19 17:23:13,287 - konomi.utils.schema_manager - INFO - Registered migration version 1 for db_grid/E2/database.db
2024-11-19 17:23:13,287 - konomi.utils.schema_manager - INFO - Registered migration version 1 for db_grid/E2/database.db
2024-11-19 17:23:13,319 - konomi.utils.schema_manager - INFO - Applied migration version 1 to db_grid/E2/database.db
2024-11-19 17:23:13,319 - konomi.utils.schema_manager - INFO - Applied migration version 1 to db_grid/E2/database.db
2024-11-19 17:23:13,319 - __main__ - INFO - Successfully applied migration for database E2
2024-11-19 17:23:13,319 - __main__ - INFO - Initializing database E3...
2024-11-19 17:23:13,321 - __main__ - INFO - Successfully initialized db_grid/E3/database.db
2024-11-19 17:23:13,348 - konomi.utils.schema_manager - INFO - Registered migration version 1 for db_grid/E3/database.db
2024-11-19 17:23:13,348 - konomi.utils.schema_manager - INFO - Registered migration version 1 for db_grid/E3/database.db
2024-11-19 17:23:13,374 - konomi.utils.schema_manager - INFO - Applied migration version 1 to db_grid/E3/database.db
2024-11-19 17:23:13,374 - konomi.utils.schema_manager - INFO - Applied migration version 1 to db_grid/E3/database.db
2024-11-19 17:23:13,374 - __main__ - INFO - Successfully applied migration for database E3
2024-11-19 17:23:13,374 - __main__ - INFO - Initializing database E4...
2024-11-19 17:23:13,376 - __main__ - INFO - Successfully initialized db_grid/E4/database.db
2024-11-19 17:23:13,411 - konomi.utils.schema_manager - INFO - Registered migration version 1 for db_grid/E4/database.db
2024-11-19 17:23:13,411 - konomi.utils.schema_manager - INFO - Registered migration version 1 for db_grid/E4/database.db
2024-11-19 17:23:13,444 - konomi.utils.schema_manager - INFO - Applied migration version 1 to db_grid/E4/database.db
2024-11-19 17:23:13,444 - konomi.utils.schema_manager - INFO - Applied migration version 1 to db_grid/E4/database.db
2024-11-19 17:23:13,445 - __main__ - INFO - Successfully applied migration for database E4
2024-11-19 17:23:13,445 - __main__ - INFO - Initializing database E5...
2024-11-19 17:23:13,447 - __main__ - INFO - Successfully initialized db_grid/E5/database.db
2024-11-19 17:23:13,496 - konomi.utils.schema_manager - INFO - Registered migration version 1 for db_grid/E5/database.db
2024-11-19 17:23:13,496 - konomi.utils.schema_manager - INFO - Registered migration version 1 for db_grid/E5/database.db
2024-11-19 17:23:13,536 - konomi.utils.schema_manager - INFO - Applied migration version 1 to db_grid/E5/database.db
2024-11-19 17:23:13,536 - konomi.utils.schema_manager - INFO - Applied migration version 1 to db_grid/E5/database.db
2024-11-19 17:23:13,537 - __main__ - INFO - Successfully applied migration for database E5
2024-11-19 17:23:13,537 - __main__ - INFO - Initializing database F1...
2024-11-19 17:23:13,539 - __main__ - INFO - Successfully initialized db_grid/F1/database.db
2024-11-19 17:23:13,609 - konomi.utils.schema_manager - INFO - Registered migration version 1 for db_grid/F1/database.db
2024-11-19 17:23:13,609 - konomi.utils.schema_manager - INFO - Registered migration version 1 for db_grid/F1/database.db
2024-11-19 17:23:13,611 - konomi.utils.schema_manager - ERROR - Failed to apply migration to db_grid/F1/database.db: near "CREATE": syntax error
2024-11-19 17:23:13,611 - konomi.utils.schema_manager - ERROR - Failed to apply migration to db_grid/F1/database.db: near "CREATE": syntax error
2024-11-19 17:23:13,612 - __main__ - ERROR - Failed to apply migration for database F1
2024-11-19 17:23:13,612 - __main__ - INFO - Initializing database F2...
2024-11-19 17:23:13,617 - __main__ - INFO - Successfully initialized db_grid/F2/database.db
2024-11-19 17:23:13,686 - konomi.utils.schema_manager - INFO - Registered migration version 1 for db_grid/F2/database.db
2024-11-19 17:23:13,686 - konomi.utils.schema_manager - INFO - Registered migration version 1 for db_grid/F2/database.db
2024-11-19 17:23:13,687 - konomi.utils.schema_manager - ERROR - Failed to apply migration to db_grid/F2/database.db: near "CREATE": syntax error
2024-11-19 17:23:13,687 - konomi.utils.schema_manager - ERROR - Failed to apply migration to db_grid/F2/database.db: near "CREATE": syntax error
2024-11-19 17:23:13,687 - __main__ - ERROR - Failed to apply migration for database F2
2024-11-19 17:23:13,687 - __main__ - INFO - Initializing database F3...
2024-11-19 17:23:13,689 - __main__ - INFO - Successfully initialized db_grid/F3/database.db
2024-11-19 17:23:13,730 - konomi.utils.schema_manager - INFO - Registered migration version 1 for db_grid/F3/database.db
2024-11-19 17:23:13,730 - konomi.utils.schema_manager - INFO - Registered migration version 1 for db_grid/F3/database.db
2024-11-19 17:23:13,730 - konomi.utils.schema_manager - ERROR - Failed to apply migration to db_grid/F3/database.db: near "CREATE": syntax error
2024-11-19 17:23:13,730 - konomi.utils.schema_manager - ERROR - Failed to apply migration to db_grid/F3/database.db: near "CREATE": syntax error
2024-11-19 17:23:13,730 - __main__ - ERROR - Failed to apply migration for database F3
2024-11-19 17:23:13,731 - __main__ - INFO - Initializing database F4...
2024-11-19 17:23:13,732 - __main__ - INFO - Successfully initialized db_grid/F4/database.db
2024-11-19 17:23:13,777 - konomi.utils.schema_manager - INFO - Registered migration version 1 for db_grid/F4/database.db
2024-11-19 17:23:13,777 - konomi.utils.schema_manager - INFO - Registered migration version 1 for db_grid/F4/database.db
2024-11-19 17:23:13,778 - konomi.utils.schema_manager - ERROR - Failed to apply migration to db_grid/F4/database.db: near "CREATE": syntax error
2024-11-19 17:23:13,778 - konomi.utils.schema_manager - ERROR - Failed to apply migration to db_grid/F4/database.db: near "CREATE": syntax error
2024-11-19 17:23:13,778 - __main__ - ERROR - Failed to apply migration for database F4
2024-11-19 17:23:13,778 - __main__ - INFO - Initializing database F5...
2024-11-19 17:23:13,780 - __main__ - INFO - Successfully initialized db_grid/F5/database.db
2024-11-19 17:23:14,693 - konomi.utils.schema_manager - INFO - Registered migration version 1 for db_grid/F5/database.db
2024-11-19 17:23:14,693 - konomi.utils.schema_manager - INFO - Registered migration version 1 for db_grid/F5/database.db
2024-11-19 17:23:14,694 - konomi.utils.schema_manager - ERROR - Failed to apply migration to db_grid/F5/database.db: near "CREATE": syntax error
2024-11-19 17:23:14,694 - konomi.utils.schema_manager - ERROR - Failed to apply migration to db_grid/F5/database.db: near "CREATE": syntax error
2024-11-19 17:23:14,694 - __main__ - ERROR - Failed to apply migration for database F5
2024-11-19 17:23:14,694 - __main__ - INFO - Initializing database G1...
2024-11-19 17:23:14,699 - __main__ - INFO - Successfully initialized db_grid/G1/database.db
2024-11-19 17:23:14,730 - konomi.utils.schema_manager - INFO - Registered migration version 1 for db_grid/G1/database.db
2024-11-19 17:23:14,730 - konomi.utils.schema_manager - INFO - Registered migration version 1 for db_grid/G1/database.db
2024-11-19 17:23:14,731 - konomi.utils.schema_manager - ERROR - Failed to apply migration to db_grid/G1/database.db: near "CREATE": syntax error
2024-11-19 17:23:14,731 - konomi.utils.schema_manager - ERROR - Failed to apply migration to db_grid/G1/database.db: near "CREATE": syntax error
2024-11-19 17:23:14,731 - __main__ - ERROR - Failed to apply migration for database G1
2024-11-19 17:23:14,731 - __main__ - INFO - Initializing database G2...
2024-11-19 17:23:14,733 - __main__ - INFO - Successfully initialized db_grid/G2/database.db
2024-11-19 17:23:14,759 - konomi.utils.schema_manager - INFO - Registered migration version 1 for db_grid/G2/database.db
2024-11-19 17:23:14,759 - konomi.utils.schema_manager - INFO - Registered migration version 1 for db_grid/G2/database.db
2024-11-19 17:23:14,759 - konomi.utils.schema_manager - ERROR - Failed to apply migration to db_grid/G2/database.db: near "CREATE": syntax error
2024-11-19 17:23:14,759 - konomi.utils.schema_manager - ERROR - Failed to apply migration to db_grid/G2/database.db: near "CREATE": syntax error
2024-11-19 17:23:14,759 - __main__ - ERROR - Failed to apply migration for database G2
2024-11-19 17:23:14,760 - __main__ - INFO - Initializing database G3...
2024-11-19 17:23:14,761 - __main__ - INFO - Successfully initialized db_grid/G3/database.db
2024-11-19 17:23:14,789 - konomi.utils.schema_manager - INFO - Registered migration version 1 for db_grid/G3/database.db
2024-11-19 17:23:14,789 - konomi.utils.schema_manager - INFO - Registered migration version 1 for db_grid/G3/database.db
2024-11-19 17:23:14,790 - konomi.utils.schema_manager - ERROR - Failed to apply migration to db_grid/G3/database.db: near "CREATE": syntax error
2024-11-19 17:23:14,790 - konomi.utils.schema_manager - ERROR - Failed to apply migration to db_grid/G3/database.db: near "CREATE": syntax error
2024-11-19 17:23:14,790 - __main__ - ERROR - Failed to apply migration for database G3
2024-11-19 17:23:14,790 - __main__ - INFO - Initializing database G4...
2024-11-19 17:23:14,792 - __main__ - INFO - Successfully initialized db_grid/G4/database.db
2024-11-19 17:23:14,817 - konomi.utils.schema_manager - INFO - Registered migration version 1 for db_grid/G4/database.db
2024-11-19 17:23:14,817 - konomi.utils.schema_manager - INFO - Registered migration version 1 for db_grid/G4/database.db
2024-11-19 17:23:14,817 - konomi.utils.schema_manager - ERROR - Failed to apply migration to db_grid/G4/database.db: near "CREATE": syntax error
2024-11-19 17:23:14,817 - konomi.utils.schema_manager - ERROR - Failed to apply migration to db_grid/G4/database.db: near "CREATE": syntax error
2024-11-19 17:23:14,817 - __main__ - ERROR - Failed to apply migration for database G4
2024-11-19 17:23:14,818 - __main__ - INFO - Initializing database G5...
2024-11-19 17:23:14,819 - __main__ - INFO - Successfully initialized db_grid/G5/database.db
2024-11-19 17:23:14,845 - konomi.utils.schema_manager - INFO - Registered migration version 1 for db_grid/G5/database.db
2024-11-19 17:23:14,845 - konomi.utils.schema_manager - INFO - Registered migration version 1 for db_grid/G5/database.db
2024-11-19 17:23:14,846 - konomi.utils.schema_manager - ERROR - Failed to apply migration to db_grid/G5/database.db: near "CREATE": syntax error
2024-11-19 17:23:14,846 - konomi.utils.schema_manager - ERROR - Failed to apply migration to db_grid/G5/database.db: near "CREATE": syntax error
2024-11-19 17:23:14,846 - __main__ - ERROR - Failed to apply migration for database G5
2024-11-19 17:23:48,240 - __main__ - INFO - Initializing database A1...
2024-11-19 17:23:48,241 - __main__ - INFO - Successfully initialized db_grid/A1/database.db
2024-11-19 17:23:48,278 - konomi.utils.schema_manager - INFO - Registered migration version 1 for db_grid/A1/database.db
2024-11-19 17:23:48,278 - konomi.utils.schema_manager - INFO - Registered migration version 1 for db_grid/A1/database.db
2024-11-19 17:23:48,279 - konomi.utils.schema_manager - ERROR - Failed to apply migration to db_grid/A1/database.db: near "CREATE": syntax error
2024-11-19 17:23:48,279 - konomi.utils.schema_manager - ERROR - Failed to apply migration to db_grid/A1/database.db: near "CREATE": syntax error
2024-11-19 17:23:48,279 - __main__ - ERROR - Failed to apply migration for database A1
2024-11-19 17:23:48,279 - __main__ - WARNING - No schema defined for database A2
2024-11-19 17:23:48,279 - __main__ - WARNING - No schema defined for database A3
2024-11-19 17:23:48,279 - __main__ - WARNING - No schema defined for database A4
2024-11-19 17:23:48,279 - __main__ - WARNING - No schema defined for database A5
2024-11-19 17:23:48,279 - __main__ - WARNING - No schema defined for database B1
2024-11-19 17:23:48,280 - __main__ - WARNING - No schema defined for database B2
2024-11-19 17:23:48,280 - __main__ - WARNING - No schema defined for database B3
2024-11-19 17:23:48,280 - __main__ - WARNING - No schema defined for database B4
2024-11-19 17:23:48,280 - __main__ - WARNING - No schema defined for database B5
2024-11-19 17:23:48,280 - __main__ - WARNING - No schema defined for database C1
2024-11-19 17:23:48,280 - __main__ - WARNING - No schema defined for database C2
2024-11-19 17:23:48,280 - __main__ - WARNING - No schema defined for database C3
2024-11-19 17:23:48,280 - __main__ - WARNING - No schema defined for database C4
2024-11-19 17:23:48,280 - __main__ - WARNING - No schema defined for database C5
2024-11-19 17:23:48,286 - __main__ - WARNING - No schema defined for database D1
2024-11-19 17:23:48,286 - __main__ - WARNING - No schema defined for database D2
2024-11-19 17:23:48,287 - __main__ - WARNING - No schema defined for database D3
2024-11-19 17:23:48,287 - __main__ - WARNING - No schema defined for database D4
2024-11-19 17:23:48,287 - __main__ - WARNING - No schema defined for database D5
2024-11-19 17:23:48,288 - __main__ - WARNING - No schema defined for database E1
2024-11-19 17:23:48,288 - __main__ - WARNING - No schema defined for database E2
2024-11-19 17:23:48,288 - __main__ - WARNING - No schema defined for database E3
2024-11-19 17:23:48,288 - __main__ - WARNING - No schema defined for database E4
2024-11-19 17:23:48,288 - __main__ - WARNING - No schema defined for database E5
2024-11-19 17:23:48,288 - __main__ - WARNING - No schema defined for database F1
2024-11-19 17:23:48,288 - __main__ - WARNING - No schema defined for database F2
2024-11-19 17:23:48,288 - __main__ - WARNING - No schema defined for database F3
2024-11-19 17:23:48,288 - __main__ - WARNING - No schema defined for database F4
2024-11-19 17:23:48,289 - __main__ - WARNING - No schema defined for database F5
2024-11-19 17:23:48,289 - __main__ - WARNING - No schema defined for database G1
2024-11-19 17:23:48,289 - __main__ - WARNING - No schema defined for database G2
2024-11-19 17:23:48,289 - __main__ - WARNING - No schema defined for database G3
2024-11-19 17:23:48,289 - __main__ - WARNING - No schema defined for database G4
2024-11-19 17:23:48,289 - __main__ - WARNING - No schema defined for database G5
2024-11-19 17:25:18,495 - __main__ - INFO - Initializing database A1...
2024-11-19 17:25:18,495 - __main__ - INFO - Successfully initialized db_grid/A1/database.db
2024-11-19 17:25:18,529 - konomi.utils.schema_manager - INFO - Registered migration version 1 for db_grid/A1/database.db
2024-11-19 17:25:18,529 - konomi.utils.schema_manager - INFO - Registered migration version 1 for db_grid/A1/database.db
2024-11-19 17:25:18,530 - konomi.utils.schema_manager - ERROR - Failed to apply migration to db_grid/A1/database.db: near "CREATE": syntax error
2024-11-19 17:25:18,530 - konomi.utils.schema_manager - ERROR - Failed to apply migration to db_grid/A1/database.db: near "CREATE": syntax error
2024-11-19 17:25:18,530 - __main__ - ERROR - Failed to apply migration for database A1
2024-11-19 17:25:18,530 - __main__ - INFO - Initializing database A2...
2024-11-19 17:25:18,530 - __main__ - INFO - Successfully initialized db_grid/A2/database.db
2024-11-19 17:25:18,557 - konomi.utils.schema_manager - INFO - Registered migration version 1 for db_grid/A2/database.db
2024-11-19 17:25:18,557 - konomi.utils.schema_manager - INFO - Registered migration version 1 for db_grid/A2/database.db
2024-11-19 17:25:18,558 - konomi.utils.schema_manager - ERROR - Failed to apply migration to db_grid/A2/database.db: near "CREATE": syntax error
2024-11-19 17:25:18,558 - konomi.utils.schema_manager - ERROR - Failed to apply migration to db_grid/A2/database.db: near "CREATE": syntax error
2024-11-19 17:25:18,558 - __main__ - ERROR - Failed to apply migration for database A2
2024-11-19 17:25:18,558 - __main__ - INFO - Initializing database A3...
2024-11-19 17:25:18,559 - __main__ - INFO - Successfully initialized db_grid/A3/database.db
2024-11-19 17:25:18,586 - konomi.utils.schema_manager - INFO - Registered migration version 1 for db_grid/A3/database.db
2024-11-19 17:25:18,586 - konomi.utils.schema_manager - INFO - Registered migration version 1 for db_grid/A3/database.db
2024-11-19 17:25:18,616 - konomi.utils.schema_manager - INFO - Applied migration version 1 to db_grid/A3/database.db
2024-11-19 17:25:18,616 - konomi.utils.schema_manager - INFO - Applied migration version 1 to db_grid/A3/database.db
2024-11-19 17:25:18,616 - __main__ - INFO - Successfully applied migration for database A3
2024-11-19 17:25:18,616 - __main__ - INFO - Initializing database A4...
2024-11-19 17:25:18,617 - __main__ - INFO - Successfully initialized db_grid/A4/database.db
2024-11-19 17:25:18,644 - konomi.utils.schema_manager - INFO - Registered migration version 1 for db_grid/A4/database.db
2024-11-19 17:25:18,644 - konomi.utils.schema_manager - INFO - Registered migration version 1 for db_grid/A4/database.db
2024-11-19 17:25:18,645 - konomi.utils.schema_manager - ERROR - Failed to apply migration to db_grid/A4/database.db: near "CREATE": syntax error
2024-11-19 17:25:18,645 - konomi.utils.schema_manager - ERROR - Failed to apply migration to db_grid/A4/database.db: near "CREATE": syntax error
2024-11-19 17:25:18,645 - __main__ - ERROR - Failed to apply migration for database A4
2024-11-19 17:25:18,645 - __main__ - INFO - Initializing database A5...
2024-11-19 17:25:18,646 - __main__ - INFO - Successfully initialized db_grid/A5/database.db
2024-11-19 17:25:18,671 - konomi.utils.schema_manager - INFO - Registered migration version 1 for db_grid/A5/database.db
2024-11-19 17:25:18,671 - konomi.utils.schema_manager - INFO - Registered migration version 1 for db_grid/A5/database.db
2024-11-19 17:25:18,698 - konomi.utils.schema_manager - INFO - Applied migration version 1 to db_grid/A5/database.db
2024-11-19 17:25:18,698 - konomi.utils.schema_manager - INFO - Applied migration version 1 to db_grid/A5/database.db
2024-11-19 17:25:18,698 - __main__ - INFO - Successfully applied migration for database A5
2024-11-19 17:25:18,698 - __main__ - INFO - Initializing database B1...
2024-11-19 17:25:18,699 - __main__ - INFO - Successfully initialized db_grid/B1/database.db
2024-11-19 17:25:18,726 - konomi.utils.schema_manager - INFO - Registered migration version 1 for db_grid/B1/database.db
2024-11-19 17:25:18,726 - konomi.utils.schema_manager - INFO - Registered migration version 1 for db_grid/B1/database.db
2024-11-19 17:25:18,751 - konomi.utils.schema_manager - INFO - Applied migration version 1 to db_grid/B1/database.db
2024-11-19 17:25:18,751 - konomi.utils.schema_manager - INFO - Applied migration version 1 to db_grid/B1/database.db
2024-11-19 17:25:18,751 - __main__ - INFO - Successfully applied migration for database B1
2024-11-19 17:25:18,751 - __main__ - INFO - Initializing database B2...
2024-11-19 17:25:18,752 - __main__ - INFO - Successfully initialized db_grid/B2/database.db
2024-11-19 17:25:18,777 - konomi.utils.schema_manager - INFO - Registered migration version 1 for db_grid/B2/database.db
2024-11-19 17:25:18,777 - konomi.utils.schema_manager - INFO - Registered migration version 1 for db_grid/B2/database.db
2024-11-19 17:25:18,803 - konomi.utils.schema_manager - INFO - Applied migration version 1 to db_grid/B2/database.db
2024-11-19 17:25:18,803 - konomi.utils.schema_manager - INFO - Applied migration version 1 to db_grid/B2/database.db
2024-11-19 17:25:18,803 - __main__ - INFO - Successfully applied migration for database B2
2024-11-19 17:25:18,804 - __main__ - INFO - Initializing database B3...
2024-11-19 17:25:18,804 - __main__ - INFO - Successfully initialized db_grid/B3/database.db
2024-11-19 17:25:18,829 - konomi.utils.schema_manager - INFO - Registered migration version 1 for db_grid/B3/database.db
2024-11-19 17:25:18,829 - konomi.utils.schema_manager - INFO - Registered migration version 1 for db_grid/B3/database.db
2024-11-19 17:25:18,856 - konomi.utils.schema_manager - INFO - Applied migration version 1 to db_grid/B3/database.db
2024-11-19 17:25:18,856 - konomi.utils.schema_manager - INFO - Applied migration version 1 to db_grid/B3/database.db
2024-11-19 17:25:18,858 - __main__ - INFO - Successfully applied migration for database B3
2024-11-19 17:25:18,858 - __main__ - INFO - Initializing database B4...
2024-11-19 17:25:18,858 - __main__ - INFO - Successfully initialized db_grid/B4/database.db
2024-11-19 17:25:18,884 - konomi.utils.schema_manager - INFO - Registered migration version 1 for db_grid/B4/database.db
2024-11-19 17:25:18,884 - konomi.utils.schema_manager - INFO - Registered migration version 1 for db_grid/B4/database.db
2024-11-19 17:25:18,907 - konomi.utils.schema_manager - INFO - Applied migration version 1 to db_grid/B4/database.db
2024-11-19 17:25:18,907 - konomi.utils.schema_manager - INFO - Applied migration version 1 to db_grid/B4/database.db
2024-11-19 17:25:18,907 - __main__ - INFO - Successfully applied migration for database B4
2024-11-19 17:25:18,907 - __main__ - INFO - Initializing database B5...
2024-11-19 17:25:18,908 - __main__ - INFO - Successfully initialized db_grid/B5/database.db
2024-11-19 17:25:18,938 - konomi.utils.schema_manager - INFO - Registered migration version 1 for db_grid/B5/database.db
2024-11-19 17:25:18,938 - konomi.utils.schema_manager - INFO - Registered migration version 1 for db_grid/B5/database.db
2024-11-19 17:25:18,963 - konomi.utils.schema_manager - INFO - Applied migration version 1 to db_grid/B5/database.db
2024-11-19 17:25:18,963 - konomi.utils.schema_manager - INFO - Applied migration version 1 to db_grid/B5/database.db
2024-11-19 17:25:18,963 - __main__ - INFO - Successfully applied migration for database B5
2024-11-19 17:25:18,964 - __main__ - INFO - Initializing database C1...
2024-11-19 17:25:18,964 - __main__ - INFO - Successfully initialized db_grid/C1/database.db
2024-11-19 17:25:18,990 - konomi.utils.schema_manager - INFO - Registered migration version 1 for db_grid/C1/database.db
2024-11-19 17:25:18,990 - konomi.utils.schema_manager - INFO - Registered migration version 1 for db_grid/C1/database.db
2024-11-19 17:25:19,016 - konomi.utils.schema_manager - INFO - Applied migration version 1 to db_grid/C1/database.db
2024-11-19 17:25:19,016 - konomi.utils.schema_manager - INFO - Applied migration version 1 to db_grid/C1/database.db
2024-11-19 17:25:19,016 - __main__ - INFO - Successfully applied migration for database C1
2024-11-19 17:25:19,016 - __main__ - INFO - Initializing database C2...
2024-11-19 17:25:19,017 - __main__ - INFO - Successfully initialized db_grid/C2/database.db
2024-11-19 17:25:19,044 - konomi.utils.schema_manager - INFO - Registered migration version 1 for db_grid/C2/database.db
2024-11-19 17:25:19,044 - konomi.utils.schema_manager - INFO - Registered migration version 1 for db_grid/C2/database.db
2024-11-19 17:25:19,070 - konomi.utils.schema_manager - INFO - Applied migration version 1 to db_grid/C2/database.db
2024-11-19 17:25:19,070 - konomi.utils.schema_manager - INFO - Applied migration version 1 to db_grid/C2/database.db
2024-11-19 17:25:19,070 - __main__ - INFO - Successfully applied migration for database C2
2024-11-19 17:25:19,070 - __main__ - INFO - Initializing database C3...
2024-11-19 17:25:19,071 - __main__ - INFO - Successfully initialized db_grid/C3/database.db
2024-11-19 17:25:19,098 - konomi.utils.schema_manager - INFO - Registered migration version 1 for db_grid/C3/database.db
2024-11-19 17:25:19,098 - konomi.utils.schema_manager - INFO - Registered migration version 1 for db_grid/C3/database.db
2024-11-19 17:25:19,125 - konomi.utils.schema_manager - INFO - Applied migration version 1 to db_grid/C3/database.db
2024-11-19 17:25:19,125 - konomi.utils.schema_manager - INFO - Applied migration version 1 to db_grid/C3/database.db
2024-11-19 17:25:19,125 - __main__ - INFO - Successfully applied migration for database C3
2024-11-19 17:25:19,125 - __main__ - INFO - Initializing database C4...
2024-11-19 17:25:19,126 - __main__ - INFO - Successfully initialized db_grid/C4/database.db
2024-11-19 17:25:19,159 - konomi.utils.schema_manager - INFO - Registered migration version 1 for db_grid/C4/database.db
2024-11-19 17:25:19,159 - konomi.utils.schema_manager - INFO - Registered migration version 1 for db_grid/C4/database.db
2024-11-19 17:25:19,186 - konomi.utils.schema_manager - INFO - Applied migration version 1 to db_grid/C4/database.db
2024-11-19 17:25:19,186 - konomi.utils.schema_manager - INFO - Applied migration version 1 to db_grid/C4/database.db
2024-11-19 17:25:19,186 - __main__ - INFO - Successfully applied migration for database C4
2024-11-19 17:25:19,186 - __main__ - INFO - Initializing database C5...
2024-11-19 17:25:19,187 - __main__ - INFO - Successfully initialized db_grid/C5/database.db
2024-11-19 17:25:19,214 - konomi.utils.schema_manager - INFO - Registered migration version 1 for db_grid/C5/database.db
2024-11-19 17:25:19,214 - konomi.utils.schema_manager - INFO - Registered migration version 1 for db_grid/C5/database.db
2024-11-19 17:25:19,239 - konomi.utils.schema_manager - INFO - Applied migration version 1 to db_grid/C5/database.db
2024-11-19 17:25:19,239 - konomi.utils.schema_manager - INFO - Applied migration version 1 to db_grid/C5/database.db
2024-11-19 17:25:19,239 - __main__ - INFO - Successfully applied migration for database C5
2024-11-19 17:25:19,239 - __main__ - INFO - Initializing database D1...
2024-11-19 17:25:19,240 - __main__ - INFO - Successfully initialized db_grid/D1/database.db
2024-11-19 17:25:19,267 - konomi.utils.schema_manager - INFO - Registered migration version 1 for db_grid/D1/database.db
2024-11-19 17:25:19,267 - konomi.utils.schema_manager - INFO - Registered migration version 1 for db_grid/D1/database.db
2024-11-19 17:25:19,295 - konomi.utils.schema_manager - INFO - Applied migration version 1 to db_grid/D1/database.db
2024-11-19 17:25:19,295 - konomi.utils.schema_manager - INFO - Applied migration version 1 to db_grid/D1/database.db
2024-11-19 17:25:19,296 - __main__ - INFO - Successfully applied migration for database D1
2024-11-19 17:25:19,296 - __main__ - INFO - Initializing database D2...
2024-11-19 17:25:19,296 - __main__ - INFO - Successfully initialized db_grid/D2/database.db
2024-11-19 17:25:19,324 - konomi.utils.schema_manager - INFO - Registered migration version 1 for db_grid/D2/database.db
2024-11-19 17:25:19,324 - konomi.utils.schema_manager - INFO - Registered migration version 1 for db_grid/D2/database.db
2024-11-19 17:25:19,546 - konomi.utils.schema_manager - INFO - Applied migration version 1 to db_grid/D2/database.db
2024-11-19 17:25:19,546 - konomi.utils.schema_manager - INFO - Applied migration version 1 to db_grid/D2/database.db
2024-11-19 17:25:19,546 - __main__ - INFO - Successfully applied migration for database D2
2024-11-19 17:25:19,546 - __main__ - INFO - Initializing database D3...
2024-11-19 17:25:19,547 - __main__ - INFO - Successfully initialized db_grid/D3/database.db
2024-11-19 17:25:19,572 - konomi.utils.schema_manager - INFO - Registered migration version 1 for db_grid/D3/database.db
2024-11-19 17:25:19,572 - konomi.utils.schema_manager - INFO - Registered migration version 1 for db_grid/D3/database.db
2024-11-19 17:25:19,606 - konomi.utils.schema_manager - INFO - Applied migration version 1 to db_grid/D3/database.db
2024-11-19 17:25:19,606 - konomi.utils.schema_manager - INFO - Applied migration version 1 to db_grid/D3/database.db
2024-11-19 17:25:19,606 - __main__ - INFO - Successfully applied migration for database D3
2024-11-19 17:25:19,606 - __main__ - INFO - Initializing database D4...
2024-11-19 17:25:19,607 - __main__ - INFO - Successfully initialized db_grid/D4/database.db
2024-11-19 17:25:19,659 - konomi.utils.schema_manager - INFO - Registered migration version 1 for db_grid/D4/database.db
2024-11-19 17:25:19,659 - konomi.utils.schema_manager - INFO - Registered migration version 1 for db_grid/D4/database.db
2024-11-19 17:25:19,704 - konomi.utils.schema_manager - INFO - Applied migration version 1 to db_grid/D4/database.db
2024-11-19 17:25:19,704 - konomi.utils.schema_manager - INFO - Applied migration version 1 to db_grid/D4/database.db
2024-11-19 17:25:19,704 - __main__ - INFO - Successfully applied migration for database D4
2024-11-19 17:25:19,704 - __main__ - INFO - Initializing database D5...
2024-11-19 17:25:19,705 - __main__ - INFO - Successfully initialized db_grid/D5/database.db
2024-11-19 17:25:19,751 - konomi.utils.schema_manager - INFO - Registered migration version 1 for db_grid/D5/database.db
2024-11-19 17:25:19,751 - konomi.utils.schema_manager - INFO - Registered migration version 1 for db_grid/D5/database.db
2024-11-19 17:25:19,784 - konomi.utils.schema_manager - INFO - Applied migration version 1 to db_grid/D5/database.db
2024-11-19 17:25:19,784 - konomi.utils.schema_manager - INFO - Applied migration version 1 to db_grid/D5/database.db
2024-11-19 17:25:19,784 - __main__ - INFO - Successfully applied migration for database D5
2024-11-19 17:25:19,785 - __main__ - INFO - Initializing database E1...
2024-11-19 17:25:19,785 - __main__ - INFO - Successfully initialized db_grid/E1/database.db
2024-11-19 17:25:19,817 - konomi.utils.schema_manager - INFO - Registered migration version 1 for db_grid/E1/database.db
2024-11-19 17:25:19,817 - konomi.utils.schema_manager - INFO - Registered migration version 1 for db_grid/E1/database.db
2024-11-19 17:25:19,848 - konomi.utils.schema_manager - INFO - Applied migration version 1 to db_grid/E1/database.db
2024-11-19 17:25:19,848 - konomi.utils.schema_manager - INFO - Applied migration version 1 to db_grid/E1/database.db
2024-11-19 17:25:19,848 - __main__ - INFO - Successfully applied migration for database E1
2024-11-19 17:25:19,848 - __main__ - INFO - Initializing database E2...
2024-11-19 17:25:19,849 - __main__ - INFO - Successfully initialized db_grid/E2/database.db
2024-11-19 17:25:19,883 - konomi.utils.schema_manager - INFO - Registered migration version 1 for db_grid/E2/database.db
2024-11-19 17:25:19,883 - konomi.utils.schema_manager - INFO - Registered migration version 1 for db_grid/E2/database.db
2024-11-19 17:25:19,915 - konomi.utils.schema_manager - INFO - Applied migration version 1 to db_grid/E2/database.db
2024-11-19 17:25:19,915 - konomi.utils.schema_manager - INFO - Applied migration version 1 to db_grid/E2/database.db
2024-11-19 17:25:19,915 - __main__ - INFO - Successfully applied migration for database E2
2024-11-19 17:25:19,915 - __main__ - INFO - Initializing database E3...
2024-11-19 17:25:19,916 - __main__ - INFO - Successfully initialized db_grid/E3/database.db
2024-11-19 17:25:19,947 - konomi.utils.schema_manager - INFO - Registered migration version 1 for db_grid/E3/database.db
2024-11-19 17:25:19,947 - konomi.utils.schema_manager - INFO - Registered migration version 1 for db_grid/E3/database.db
2024-11-19 17:25:19,975 - konomi.utils.schema_manager - INFO - Applied migration version 1 to db_grid/E3/database.db
2024-11-19 17:25:19,975 - konomi.utils.schema_manager - INFO - Applied migration version 1 to db_grid/E3/database.db
2024-11-19 17:25:19,975 - __main__ - INFO - Successfully applied migration for database E3
2024-11-19 17:25:19,975 - __main__ - INFO - Initializing database E4...
2024-11-19 17:25:19,976 - __main__ - INFO - Successfully initialized db_grid/E4/database.db
2024-11-19 17:25:20,004 - konomi.utils.schema_manager - INFO - Registered migration version 1 for db_grid/E4/database.db
2024-11-19 17:25:20,004 - konomi.utils.schema_manager - INFO - Registered migration version 1 for db_grid/E4/database.db
2024-11-19 17:25:20,032 - konomi.utils.schema_manager - INFO - Applied migration version 1 to db_grid/E4/database.db
2024-11-19 17:25:20,032 - konomi.utils.schema_manager - INFO - Applied migration version 1 to db_grid/E4/database.db
2024-11-19 17:25:20,033 - __main__ - INFO - Successfully applied migration for database E4
2024-11-19 17:25:20,033 - __main__ - INFO - Initializing database E5...
2024-11-19 17:25:20,034 - __main__ - INFO - Successfully initialized db_grid/E5/database.db
2024-11-19 17:25:20,059 - konomi.utils.schema_manager - INFO - Registered migration version 1 for db_grid/E5/database.db
2024-11-19 17:25:20,059 - konomi.utils.schema_manager - INFO - Registered migration version 1 for db_grid/E5/database.db
2024-11-19 17:25:20,084 - konomi.utils.schema_manager - INFO - Applied migration version 1 to db_grid/E5/database.db
2024-11-19 17:25:20,084 - konomi.utils.schema_manager - INFO - Applied migration version 1 to db_grid/E5/database.db
2024-11-19 17:25:20,084 - __main__ - INFO - Successfully applied migration for database E5
2024-11-19 17:25:20,085 - __main__ - WARNING - No schema defined for database F1
2024-11-19 17:25:20,085 - __main__ - WARNING - No schema defined for database F2
2024-11-19 17:25:20,085 - __main__ - WARNING - No schema defined for database F3
2024-11-19 17:25:20,085 - __main__ - WARNING - No schema defined for database F4
2024-11-19 17:25:20,085 - __main__ - WARNING - No schema defined for database F5
2024-11-19 17:25:20,085 - __main__ - WARNING - No schema defined for database G1
2024-11-19 17:25:20,085 - __main__ - WARNING - No schema defined for database G2
2024-11-19 17:25:20,085 - __main__ - WARNING - No schema defined for database G3
2024-11-19 17:25:20,085 - __main__ - WARNING - No schema defined for database G4
2024-11-19 17:25:20,086 - __main__ - WARNING - No schema defined for database G5
2024-11-19 17:25:51,835 - __main__ - INFO - Initializing database A1...
2024-11-19 17:25:51,836 - __main__ - INFO - Successfully initialized db_grid/A1/database.db
2024-11-19 17:25:51,836 - __main__ - INFO - Registering migration for database A1
2024-11-19 17:25:51,927 - konomi.utils.schema_manager - INFO - Registered migration version 1 for db_grid/A1/database.db
2024-11-19 17:25:51,927 - konomi.utils.schema_manager - INFO - Registered migration version 1 for db_grid/A1/database.db
2024-11-19 17:25:51,928 - __main__ - INFO - Applying migration for database A1
2024-11-19 17:25:51,928 - konomi.utils.schema_manager - ERROR - Failed to apply migration to db_grid/A1/database.db: near "CREATE": syntax error
2024-11-19 17:25:51,928 - konomi.utils.schema_manager - ERROR - Failed to apply migration to db_grid/A1/database.db: near "CREATE": syntax error
2024-11-19 17:25:51,928 - __main__ - ERROR - Failed to apply migration for database A1
2024-11-19 17:25:51,928 - __main__ - INFO - Initializing database A2...
2024-11-19 17:25:51,929 - __main__ - INFO - Successfully initialized db_grid/A2/database.db
2024-11-19 17:25:51,929 - __main__ - INFO - Registering migration for database A2
2024-11-19 17:25:51,958 - konomi.utils.schema_manager - INFO - Registered migration version 1 for db_grid/A2/database.db
2024-11-19 17:25:51,958 - konomi.utils.schema_manager - INFO - Registered migration version 1 for db_grid/A2/database.db
2024-11-19 17:25:51,958 - __main__ - INFO - Applying migration for database A2
2024-11-19 17:25:51,958 - konomi.utils.schema_manager - ERROR - Failed to apply migration to db_grid/A2/database.db: near "CREATE": syntax error
2024-11-19 17:25:51,958 - konomi.utils.schema_manager - ERROR - Failed to apply migration to db_grid/A2/database.db: near "CREATE": syntax error
2024-11-19 17:25:51,958 - __main__ - ERROR - Failed to apply migration for database A2
2024-11-19 17:25:51,959 - __main__ - INFO - Initializing database A3...
2024-11-19 17:25:51,959 - __main__ - INFO - Successfully initialized db_grid/A3/database.db
2024-11-19 17:25:51,959 - __main__ - INFO - Registering migration for database A3
2024-11-19 17:25:51,983 - konomi.utils.schema_manager - INFO - Registered migration version 1 for db_grid/A3/database.db
2024-11-19 17:25:51,983 - konomi.utils.schema_manager - INFO - Registered migration version 1 for db_grid/A3/database.db
2024-11-19 17:25:51,984 - __main__ - INFO - Applying migration for database A3
2024-11-19 17:25:52,014 - konomi.utils.schema_manager - INFO - Applied migration version 1 to db_grid/A3/database.db
2024-11-19 17:25:52,014 - konomi.utils.schema_manager - INFO - Applied migration version 1 to db_grid/A3/database.db
2024-11-19 17:25:52,014 - __main__ - INFO - Successfully applied migration for database A3
2024-11-19 17:25:52,014 - __main__ - INFO - Initializing database A4...
2024-11-19 17:25:52,015 - __main__ - INFO - Successfully initialized db_grid/A4/database.db
2024-11-19 17:25:52,015 - __main__ - INFO - Registering migration for database A4
2024-11-19 17:25:52,044 - konomi.utils.schema_manager - INFO - Registered migration version 1 for db_grid/A4/database.db
2024-11-19 17:25:52,044 - konomi.utils.schema_manager - INFO - Registered migration version 1 for db_grid/A4/database.db
2024-11-19 17:25:52,044 - __main__ - INFO - Applying migration for database A4
2024-11-19 17:25:52,045 - konomi.utils.schema_manager - ERROR - Failed to apply migration to db_grid/A4/database.db: near "CREATE": syntax error
2024-11-19 17:25:52,045 - konomi.utils.schema_manager - ERROR - Failed to apply migration to db_grid/A4/database.db: near "CREATE": syntax error
2024-11-19 17:25:52,045 - __main__ - ERROR - Failed to apply migration for database A4
2024-11-19 17:25:52,045 - __main__ - INFO - Initializing database A5...
2024-11-19 17:25:52,046 - __main__ - INFO - Successfully initialized db_grid/A5/database.db
2024-11-19 17:25:52,046 - __main__ - INFO - Registering migration for database A5
2024-11-19 17:25:52,078 - konomi.utils.schema_manager - INFO - Registered migration version 1 for db_grid/A5/database.db
2024-11-19 17:25:52,078 - konomi.utils.schema_manager - INFO - Registered migration version 1 for db_grid/A5/database.db
2024-11-19 17:25:52,079 - __main__ - INFO - Applying migration for database A5
2024-11-19 17:25:52,107 - konomi.utils.schema_manager - INFO - Applied migration version 1 to db_grid/A5/database.db
2024-11-19 17:25:52,107 - konomi.utils.schema_manager - INFO - Applied migration version 1 to db_grid/A5/database.db
2024-11-19 17:25:52,107 - __main__ - INFO - Successfully applied migration for database A5
2024-11-19 17:25:52,107 - __main__ - INFO - Initializing database B1...
2024-11-19 17:25:52,108 - __main__ - INFO - Successfully initialized db_grid/B1/database.db
2024-11-19 17:25:52,108 - __main__ - INFO - Registering migration for database B1
2024-11-19 17:25:52,133 - konomi.utils.schema_manager - INFO - Registered migration version 1 for db_grid/B1/database.db
2024-11-19 17:25:52,133 - konomi.utils.schema_manager - INFO - Registered migration version 1 for db_grid/B1/database.db
2024-11-19 17:25:52,133 - __main__ - INFO - Applying migration for database B1
2024-11-19 17:25:52,160 - konomi.utils.schema_manager - INFO - Applied migration version 1 to db_grid/B1/database.db
2024-11-19 17:25:52,160 - konomi.utils.schema_manager - INFO - Applied migration version 1 to db_grid/B1/database.db
2024-11-19 17:25:52,160 - __main__ - INFO - Successfully applied migration for database B1
2024-11-19 17:25:52,160 - __main__ - INFO - Initializing database B2...
2024-11-19 17:25:52,160 - __main__ - INFO - Successfully initialized db_grid/B2/database.db
2024-11-19 17:25:52,161 - __main__ - INFO - Registering migration for database B2
2024-11-19 17:25:52,185 - konomi.utils.schema_manager - INFO - Registered migration version 1 for db_grid/B2/database.db
2024-11-19 17:25:52,185 - konomi.utils.schema_manager - INFO - Registered migration version 1 for db_grid/B2/database.db
2024-11-19 17:25:52,185 - __main__ - INFO - Applying migration for database B2
2024-11-19 17:25:52,213 - konomi.utils.schema_manager - INFO - Applied migration version 1 to db_grid/B2/database.db
2024-11-19 17:25:52,213 - konomi.utils.schema_manager - INFO - Applied migration version 1 to db_grid/B2/database.db
2024-11-19 17:25:52,213 - __main__ - INFO - Successfully applied migration for database B2
2024-11-19 17:25:52,213 - __main__ - INFO - Initializing database B3...
2024-11-19 17:25:52,214 - __main__ - INFO - Successfully initialized db_grid/B3/database.db
2024-11-19 17:25:52,214 - __main__ - INFO - Registering migration for database B3
2024-11-19 17:25:52,238 - konomi.utils.schema_manager - INFO - Registered migration version 1 for db_grid/B3/database.db
2024-11-19 17:25:52,238 - konomi.utils.schema_manager - INFO - Registered migration version 1 for db_grid/B3/database.db
2024-11-19 17:25:52,239 - __main__ - INFO - Applying migration for database B3
2024-11-19 17:25:52,273 - konomi.utils.schema_manager - INFO - Applied migration version 1 to db_grid/B3/database.db
2024-11-19 17:25:52,273 - konomi.utils.schema_manager - INFO - Applied migration version 1 to db_grid/B3/database.db
2024-11-19 17:25:52,273 - __main__ - INFO - Successfully applied migration for database B3
2024-11-19 17:25:52,273 - __main__ - INFO - Initializing database B4...
2024-11-19 17:25:52,273 - __main__ - INFO - Successfully initialized db_grid/B4/database.db
2024-11-19 17:25:52,273 - __main__ - INFO - Registering migration for database B4
2024-11-19 17:25:52,316 - konomi.utils.schema_manager - INFO - Registered migration version 1 for db_grid/B4/database.db
2024-11-19 17:25:52,316 - konomi.utils.schema_manager - INFO - Registered migration version 1 for db_grid/B4/database.db
2024-11-19 17:25:52,316 - __main__ - INFO - Applying migration for database B4
2024-11-19 17:25:52,363 - konomi.utils.schema_manager - INFO - Applied migration version 1 to db_grid/B4/database.db
2024-11-19 17:25:52,363 - konomi.utils.schema_manager - INFO - Applied migration version 1 to db_grid/B4/database.db
2024-11-19 17:25:52,363 - __main__ - INFO - Successfully applied migration for database B4
2024-11-19 17:25:52,363 - __main__ - INFO - Initializing database B5...
2024-11-19 17:25:52,363 - __main__ - INFO - Successfully initialized db_grid/B5/database.db
2024-11-19 17:25:52,363 - __main__ - INFO - Registering migration for database B5
2024-11-19 17:25:52,435 - konomi.utils.schema_manager - INFO - Registered migration version 1 for db_grid/B5/database.db
2024-11-19 17:25:52,435 - konomi.utils.schema_manager - INFO - Registered migration version 1 for db_grid/B5/database.db
2024-11-19 17:25:52,436 - __main__ - INFO - Applying migration for database B5
2024-11-19 17:25:52,469 - konomi.utils.schema_manager - INFO - Applied migration version 1 to db_grid/B5/database.db
2024-11-19 17:25:52,469 - konomi.utils.schema_manager - INFO - Applied migration version 1 to db_grid/B5/database.db
2024-11-19 17:25:52,470 - __main__ - INFO - Successfully applied migration for database B5
2024-11-19 17:25:52,470 - __main__ - INFO - Initializing database C1...
2024-11-19 17:25:52,470 - __main__ - INFO - Successfully initialized db_grid/C1/database.db
2024-11-19 17:25:52,470 - __main__ - INFO - Registering migration for database C1
2024-11-19 17:25:52,497 - konomi.utils.schema_manager - INFO - Registered migration version 1 for db_grid/C1/database.db
2024-11-19 17:25:52,497 - konomi.utils.schema_manager - INFO - Registered migration version 1 for db_grid/C1/database.db
2024-11-19 17:25:52,498 - __main__ - INFO - Applying migration for database C1
2024-11-19 17:25:52,524 - konomi.utils.schema_manager - INFO - Applied migration version 1 to db_grid/C1/database.db
2024-11-19 17:25:52,524 - konomi.utils.schema_manager - INFO - Applied migration version 1 to db_grid/C1/database.db
2024-11-19 17:25:52,524 - __main__ - INFO - Successfully applied migration for database C1
2024-11-19 17:25:52,524 - __main__ - INFO - Initializing database C2...
2024-11-19 17:25:52,524 - __main__ - INFO - Successfully initialized db_grid/C2/database.db
2024-11-19 17:25:52,524 - __main__ - INFO - Registering migration for database C2
2024-11-19 17:25:52,550 - konomi.utils.schema_manager - INFO - Registered migration version 1 for db_grid/C2/database.db
2024-11-19 17:25:52,550 - konomi.utils.schema_manager - INFO - Registered migration version 1 for db_grid/C2/database.db
2024-11-19 17:25:52,550 - __main__ - INFO - Applying migration for database C2
2024-11-19 17:25:52,576 - konomi.utils.schema_manager - INFO - Applied migration version 1 to db_grid/C2/database.db
2024-11-19 17:25:52,576 - konomi.utils.schema_manager - INFO - Applied migration version 1 to db_grid/C2/database.db
2024-11-19 17:25:52,576 - __main__ - INFO - Successfully applied migration for database C2
2024-11-19 17:25:52,576 - __main__ - INFO - Initializing database C3...
2024-11-19 17:25:52,576 - __main__ - INFO - Successfully initialized db_grid/C3/database.db
2024-11-19 17:25:52,577 - __main__ - INFO - Registering migration for database C3
2024-11-19 17:25:52,602 - konomi.utils.schema_manager - INFO - Registered migration version 1 for db_grid/C3/database.db
2024-11-19 17:25:52,602 - konomi.utils.schema_manager - INFO - Registered migration version 1 for db_grid/C3/database.db
2024-11-19 17:25:52,602 - __main__ - INFO - Applying migration for database C3
2024-11-19 17:25:52,627 - konomi.utils.schema_manager - INFO - Applied migration version 1 to db_grid/C3/database.db
2024-11-19 17:25:52,627 - konomi.utils.schema_manager - INFO - Applied migration version 1 to db_grid/C3/database.db
2024-11-19 17:25:52,627 - __main__ - INFO - Successfully applied migration for database C3
2024-11-19 17:25:52,627 - __main__ - INFO - Initializing database C4...
2024-11-19 17:25:52,628 - __main__ - INFO - Successfully initialized db_grid/C4/database.db
2024-11-19 17:25:52,628 - __main__ - INFO - Registering migration for database C4
2024-11-19 17:25:52,654 - konomi.utils.schema_manager - INFO - Registered migration version 1 for db_grid/C4/database.db
2024-11-19 17:25:52,654 - konomi.utils.schema_manager - INFO - Registered migration version 1 for db_grid/C4/database.db
2024-11-19 17:25:52,656 - __main__ - INFO - Applying migration for database C4
2024-11-19 17:25:52,683 - konomi.utils.schema_manager - INFO - Applied migration version 1 to db_grid/C4/database.db
2024-11-19 17:25:52,683 - konomi.utils.schema_manager - INFO - Applied migration version 1 to db_grid/C4/database.db
2024-11-19 17:25:52,684 - __main__ - INFO - Successfully applied migration for database C4
2024-11-19 17:25:52,684 - __main__ - INFO - Initializing database C5...
2024-11-19 17:25:52,684 - __main__ - INFO - Successfully initialized db_grid/C5/database.db
2024-11-19 17:25:52,684 - __main__ - INFO - Registering migration for database C5
2024-11-19 17:25:52,712 - konomi.utils.schema_manager - INFO - Registered migration version 1 for db_grid/C5/database.db
2024-11-19 17:25:52,712 - konomi.utils.schema_manager - INFO - Registered migration version 1 for db_grid/C5/database.db
2024-11-19 17:25:52,712 - __main__ - INFO - Applying migration for database C5
2024-11-19 17:25:52,746 - konomi.utils.schema_manager - INFO - Applied migration version 1 to db_grid/C5/database.db
2024-11-19 17:25:52,746 - konomi.utils.schema_manager - INFO - Applied migration version 1 to db_grid/C5/database.db
2024-11-19 17:25:52,746 - __main__ - INFO - Successfully applied migration for database C5
2024-11-19 17:25:52,746 - __main__ - INFO - Initializing database D1...
2024-11-19 17:25:52,747 - __main__ - INFO - Successfully initialized db_grid/D1/database.db
2024-11-19 17:25:52,747 - __main__ - INFO - Registering migration for database D1
2024-11-19 17:25:52,777 - konomi.utils.schema_manager - INFO - Registered migration version 1 for db_grid/D1/database.db
2024-11-19 17:25:52,777 - konomi.utils.schema_manager - INFO - Registered migration version 1 for db_grid/D1/database.db
2024-11-19 17:25:52,777 - __main__ - INFO - Applying migration for database D1
2024-11-19 17:25:52,804 - konomi.utils.schema_manager - INFO - Applied migration version 1 to db_grid/D1/database.db
2024-11-19 17:25:52,804 - konomi.utils.schema_manager - INFO - Applied migration version 1 to db_grid/D1/database.db
2024-11-19 17:25:52,804 - __main__ - INFO - Successfully applied migration for database D1
2024-11-19 17:25:52,805 - __main__ - INFO - Initializing database D2...
2024-11-19 17:25:52,805 - __main__ - INFO - Successfully initialized db_grid/D2/database.db
2024-11-19 17:25:52,805 - __main__ - INFO - Registering migration for database D2
2024-11-19 17:25:52,833 - konomi.utils.schema_manager - INFO - Registered migration version 1 for db_grid/D2/database.db
2024-11-19 17:25:52,833 - konomi.utils.schema_manager - INFO - Registered migration version 1 for db_grid/D2/database.db
2024-11-19 17:25:52,833 - __main__ - INFO - Applying migration for database D2
2024-11-19 17:25:52,857 - konomi.utils.schema_manager - INFO - Applied migration version 1 to db_grid/D2/database.db
2024-11-19 17:25:52,857 - konomi.utils.schema_manager - INFO - Applied migration version 1 to db_grid/D2/database.db
2024-11-19 17:25:52,858 - __main__ - INFO - Successfully applied migration for database D2
2024-11-19 17:25:52,858 - __main__ - INFO - Initializing database D3...
2024-11-19 17:25:52,858 - __main__ - INFO - Successfully initialized db_grid/D3/database.db
2024-11-19 17:25:52,858 - __main__ - INFO - Registering migration for database D3
2024-11-19 17:25:52,886 - konomi.utils.schema_manager - INFO - Registered migration version 1 for db_grid/D3/database.db
2024-11-19 17:25:52,886 - konomi.utils.schema_manager - INFO - Registered migration version 1 for db_grid/D3/database.db
2024-11-19 17:25:52,887 - __main__ - INFO - Applying migration for database D3
2024-11-19 17:25:52,914 - konomi.utils.schema_manager - INFO - Applied migration version 1 to db_grid/D3/database.db
2024-11-19 17:25:52,914 - konomi.utils.schema_manager - INFO - Applied migration version 1 to db_grid/D3/database.db
2024-11-19 17:25:52,914 - __main__ - INFO - Successfully applied migration for database D3
2024-11-19 17:25:52,914 - __main__ - INFO - Initializing database D4...
2024-11-19 17:25:52,915 - __main__ - INFO - Successfully initialized db_grid/D4/database.db
2024-11-19 17:25:52,915 - __main__ - INFO - Registering migration for database D4
2024-11-19 17:25:52,942 - konomi.utils.schema_manager - INFO - Registered migration version 1 for db_grid/D4/database.db
2024-11-19 17:25:52,942 - konomi.utils.schema_manager - INFO - Registered migration version 1 for db_grid/D4/database.db
2024-11-19 17:25:52,942 - __main__ - INFO - Applying migration for database D4
2024-11-19 17:25:52,976 - konomi.utils.schema_manager - INFO - Applied migration version 1 to db_grid/D4/database.db
2024-11-19 17:25:52,976 - konomi.utils.schema_manager - INFO - Applied migration version 1 to db_grid/D4/database.db
2024-11-19 17:25:52,976 - __main__ - INFO - Successfully applied migration for database D4
2024-11-19 17:25:52,977 - __main__ - INFO - Initializing database D5...
2024-11-19 17:25:52,977 - __main__ - INFO - Successfully initialized db_grid/D5/database.db
2024-11-19 17:25:52,977 - __main__ - INFO - Registering migration for database D5
2024-11-19 17:25:53,004 - konomi.utils.schema_manager - INFO - Registered migration version 1 for db_grid/D5/database.db
2024-11-19 17:25:53,004 - konomi.utils.schema_manager - INFO - Registered migration version 1 for db_grid/D5/database.db
2024-11-19 17:25:53,004 - __main__ - INFO - Applying migration for database D5
2024-11-19 17:25:53,036 - konomi.utils.schema_manager - INFO - Applied migration version 1 to db_grid/D5/database.db
2024-11-19 17:25:53,036 - konomi.utils.schema_manager - INFO - Applied migration version 1 to db_grid/D5/database.db
2024-11-19 17:25:53,037 - __main__ - INFO - Successfully applied migration for database D5
2024-11-19 17:25:53,037 - __main__ - INFO - Initializing database E1...
2024-11-19 17:25:53,037 - __main__ - INFO - Successfully initialized db_grid/E1/database.db
2024-11-19 17:25:53,037 - __main__ - INFO - Registering migration for database E1
2024-11-19 17:25:53,064 - konomi.utils.schema_manager - INFO - Registered migration version 1 for db_grid/E1/database.db
2024-11-19 17:25:53,064 - konomi.utils.schema_manager - INFO - Registered migration version 1 for db_grid/E1/database.db
2024-11-19 17:25:53,065 - __main__ - INFO - Applying migration for database E1
2024-11-19 17:25:53,090 - konomi.utils.schema_manager - INFO - Applied migration version 1 to db_grid/E1/database.db
2024-11-19 17:25:53,090 - konomi.utils.schema_manager - INFO - Applied migration version 1 to db_grid/E1/database.db
2024-11-19 17:25:53,090 - __main__ - INFO - Successfully applied migration for database E1
2024-11-19 17:25:53,090 - __main__ - INFO - Initializing database E2...
2024-11-19 17:25:53,091 - __main__ - INFO - Successfully initialized db_grid/E2/database.db
2024-11-19 17:25:53,091 - __main__ - INFO - Registering migration for database E2
2024-11-19 17:25:53,121 - konomi.utils.schema_manager - INFO - Registered migration version 1 for db_grid/E2/database.db
2024-11-19 17:25:53,121 - konomi.utils.schema_manager - INFO - Registered migration version 1 for db_grid/E2/database.db
2024-11-19 17:25:53,122 - __main__ - INFO - Applying migration for database E2
2024-11-19 17:25:53,154 - konomi.utils.schema_manager - INFO - Applied migration version 1 to db_grid/E2/database.db
2024-11-19 17:25:53,154 - konomi.utils.schema_manager - INFO - Applied migration version 1 to db_grid/E2/database.db
2024-11-19 17:25:53,154 - __main__ - INFO - Successfully applied migration for database E2
2024-11-19 17:25:53,155 - __main__ - INFO - Initializing database E3...
2024-11-19 17:25:53,155 - __main__ - INFO - Successfully initialized db_grid/E3/database.db
2024-11-19 17:25:53,155 - __main__ - INFO - Registering migration for database E3
2024-11-19 17:25:53,183 - konomi.utils.schema_manager - INFO - Registered migration version 1 for db_grid/E3/database.db
2024-11-19 17:25:53,183 - konomi.utils.schema_manager - INFO - Registered migration version 1 for db_grid/E3/database.db
2024-11-19 17:25:53,183 - __main__ - INFO - Applying migration for database E3
2024-11-19 17:25:53,210 - konomi.utils.schema_manager - INFO - Applied migration version 1 to db_grid/E3/database.db
2024-11-19 17:25:53,210 - konomi.utils.schema_manager - INFO - Applied migration version 1 to db_grid/E3/database.db
2024-11-19 17:25:53,211 - __main__ - INFO - Successfully applied migration for database E3
2024-11-19 17:25:53,211 - __main__ - INFO - Initializing database E4...
2024-11-19 17:25:53,211 - __main__ - INFO - Successfully initialized db_grid/E4/database.db
2024-11-19 17:25:53,211 - __main__ - INFO - Registering migration for database E4
2024-11-19 17:25:53,240 - konomi.utils.schema_manager - INFO - Registered migration version 1 for db_grid/E4/database.db
2024-11-19 17:25:53,240 - konomi.utils.schema_manager - INFO - Registered migration version 1 for db_grid/E4/database.db
2024-11-19 17:25:53,240 - __main__ - INFO - Applying migration for database E4
2024-11-19 17:25:53,270 - konomi.utils.schema_manager - INFO - Applied migration version 1 to db_grid/E4/database.db
2024-11-19 17:25:53,270 - konomi.utils.schema_manager - INFO - Applied migration version 1 to db_grid/E4/database.db
2024-11-19 17:25:53,271 - __main__ - INFO - Successfully applied migration for database E4
2024-11-19 17:25:53,271 - __main__ - INFO - Initializing database E5...
2024-11-19 17:25:53,271 - __main__ - INFO - Successfully initialized db_grid/E5/database.db
2024-11-19 17:25:53,271 - __main__ - INFO - Registering migration for database E5
2024-11-19 17:25:53,302 - konomi.utils.schema_manager - INFO - Registered migration version 1 for db_grid/E5/database.db
2024-11-19 17:25:53,302 - konomi.utils.schema_manager - INFO - Registered migration version 1 for db_grid/E5/database.db
2024-11-19 17:25:53,303 - __main__ - INFO - Applying migration for database E5
2024-11-19 17:25:53,330 - konomi.utils.schema_manager - INFO - Applied migration version 1 to db_grid/E5/database.db
2024-11-19 17:25:53,330 - konomi.utils.schema_manager - INFO - Applied migration version 1 to db_grid/E5/database.db
2024-11-19 17:25:53,330 - __main__ - INFO - Successfully applied migration for database E5
2024-11-19 17:25:53,330 - __main__ - WARNING - No schema defined for database F1
2024-11-19 17:25:53,330 - __main__ - WARNING - No schema defined for database F2
2024-11-19 17:25:53,330 - __main__ - WARNING - No schema defined for database F3
2024-11-19 17:25:53,330 - __main__ - WARNING - No schema defined for database F4
2024-11-19 17:25:53,331 - __main__ - WARNING - No schema defined for database F5
2024-11-19 17:25:53,331 - __main__ - WARNING - No schema defined for database G1
2024-11-19 17:25:53,331 - __main__ - WARNING - No schema defined for database G2
2024-11-19 17:25:53,331 - __main__ - WARNING - No schema defined for database G3
2024-11-19 17:25:53,331 - __main__ - WARNING - No schema defined for database G4
2024-11-19 17:25:53,331 - __main__ - WARNING - No schema defined for database G5
2024-11-19 17:26:39,053 - __main__ - INFO - Initializing database A1...
2024-11-19 17:26:39,054 - __main__ - INFO - Successfully initialized db_grid/A1/database.db
2024-11-19 17:26:39,054 - __main__ - INFO - Registering migration for database A1
2024-11-19 17:26:39,091 - konomi.utils.schema_manager - INFO - Registered migration version 1 for db_grid/A1/database.db
2024-11-19 17:26:39,091 - konomi.utils.schema_manager - INFO - Registered migration version 1 for db_grid/A1/database.db
2024-11-19 17:26:39,091 - __main__ - INFO - Applying migration for database A1
2024-11-19 17:26:39,092 - konomi.utils.schema_manager - ERROR - Failed to apply migration to db_grid/A1/database.db: near "CREATE": syntax error
2024-11-19 17:26:39,092 - konomi.utils.schema_manager - ERROR - Failed to apply migration to db_grid/A1/database.db: near "CREATE": syntax error
2024-11-19 17:26:39,092 - __main__ - ERROR - Failed to apply migration for database A1
2024-11-19 17:26:39,092 - __main__ - INFO - Initializing database A2...
2024-11-19 17:26:39,093 - __main__ - INFO - Successfully initialized db_grid/A2/database.db
2024-11-19 17:26:39,093 - __main__ - INFO - Registering migration for database A2
2024-11-19 17:26:39,123 - konomi.utils.schema_manager - INFO - Registered migration version 1 for db_grid/A2/database.db
2024-11-19 17:26:39,123 - konomi.utils.schema_manager - INFO - Registered migration version 1 for db_grid/A2/database.db
2024-11-19 17:26:39,124 - __main__ - INFO - Applying migration for database A2
2024-11-19 17:26:39,124 - konomi.utils.schema_manager - ERROR - Failed to apply migration to db_grid/A2/database.db: near "CREATE": syntax error
2024-11-19 17:26:39,124 - konomi.utils.schema_manager - ERROR - Failed to apply migration to db_grid/A2/database.db: near "CREATE": syntax error
2024-11-19 17:26:39,125 - __main__ - ERROR - Failed to apply migration for database A2
2024-11-19 17:26:39,125 - __main__ - INFO - Initializing database A3...
2024-11-19 17:26:39,125 - __main__ - INFO - Successfully initialized db_grid/A3/database.db
2024-11-19 17:26:39,125 - __main__ - INFO - Registering migration for database A3
2024-11-19 17:26:39,151 - konomi.utils.schema_manager - INFO - Registered migration version 1 for db_grid/A3/database.db
2024-11-19 17:26:39,151 - konomi.utils.schema_manager - INFO - Registered migration version 1 for db_grid/A3/database.db
2024-11-19 17:26:39,151 - __main__ - INFO - Applying migration for database A3
2024-11-19 17:26:39,184 - konomi.utils.schema_manager - INFO - Applied migration version 1 to db_grid/A3/database.db
2024-11-19 17:26:39,184 - konomi.utils.schema_manager - INFO - Applied migration version 1 to db_grid/A3/database.db
2024-11-19 17:26:39,184 - __main__ - INFO - Successfully applied migration for database A3
2024-11-19 17:26:39,184 - __main__ - INFO - Initializing database A4...
2024-11-19 17:26:39,185 - __main__ - INFO - Successfully initialized db_grid/A4/database.db
2024-11-19 17:26:39,185 - __main__ - INFO - Registering migration for database A4
2024-11-19 17:26:39,218 - konomi.utils.schema_manager - INFO - Registered migration version 1 for db_grid/A4/database.db
2024-11-19 17:26:39,218 - konomi.utils.schema_manager - INFO - Registered migration version 1 for db_grid/A4/database.db
2024-11-19 17:26:39,219 - __main__ - INFO - Applying migration for database A4
2024-11-19 17:26:39,219 - konomi.utils.schema_manager - ERROR - Failed to apply migration to db_grid/A4/database.db: near "CREATE": syntax error
2024-11-19 17:26:39,219 - konomi.utils.schema_manager - ERROR - Failed to apply migration to db_grid/A4/database.db: near "CREATE": syntax error
2024-11-19 17:26:39,219 - __main__ - ERROR - Failed to apply migration for database A4
2024-11-19 17:26:39,219 - __main__ - INFO - Initializing database A5...
2024-11-19 17:26:39,220 - __main__ - INFO - Successfully initialized db_grid/A5/database.db
2024-11-19 17:26:39,220 - __main__ - INFO - Registering migration for database A5
2024-11-19 17:26:39,244 - konomi.utils.schema_manager - INFO - Registered migration version 1 for db_grid/A5/database.db
2024-11-19 17:26:39,244 - konomi.utils.schema_manager - INFO - Registered migration version 1 for db_grid/A5/database.db
2024-11-19 17:26:39,245 - __main__ - INFO - Applying migration for database A5
2024-11-19 17:26:39,269 - konomi.utils.schema_manager - INFO - Applied migration version 1 to db_grid/A5/database.db
2024-11-19 17:26:39,269 - konomi.utils.schema_manager - INFO - Applied migration version 1 to db_grid/A5/database.db
2024-11-19 17:26:39,270 - __main__ - INFO - Successfully applied migration for database A5
2024-11-19 17:26:39,270 - __main__ - INFO - Initializing database B1...
2024-11-19 17:26:39,270 - __main__ - INFO - Successfully initialized db_grid/B1/database.db
2024-11-19 17:26:39,271 - __main__ - INFO - Registering migration for database B1
2024-11-19 17:26:39,293 - konomi.utils.schema_manager - INFO - Registered migration version 1 for db_grid/B1/database.db
2024-11-19 17:26:39,293 - konomi.utils.schema_manager - INFO - Registered migration version 1 for db_grid/B1/database.db
2024-11-19 17:26:39,293 - __main__ - INFO - Applying migration for database B1
2024-11-19 17:26:39,326 - konomi.utils.schema_manager - INFO - Applied migration version 1 to db_grid/B1/database.db
2024-11-19 17:26:39,326 - konomi.utils.schema_manager - INFO - Applied migration version 1 to db_grid/B1/database.db
2024-11-19 17:26:39,327 - __main__ - INFO - Successfully applied migration for database B1
2024-11-19 17:26:39,327 - __main__ - INFO - Initializing database B2...
2024-11-19 17:26:39,328 - __main__ - INFO - Successfully initialized db_grid/B2/database.db
2024-11-19 17:26:39,328 - __main__ - INFO - Registering migration for database B2
2024-11-19 17:26:39,359 - konomi.utils.schema_manager - INFO - Registered migration version 1 for db_grid/B2/database.db
2024-11-19 17:26:39,359 - konomi.utils.schema_manager - INFO - Registered migration version 1 for db_grid/B2/database.db
2024-11-19 17:26:39,361 - __main__ - INFO - Applying migration for database B2
2024-11-19 17:26:39,389 - konomi.utils.schema_manager - INFO - Applied migration version 1 to db_grid/B2/database.db
2024-11-19 17:26:39,389 - konomi.utils.schema_manager - INFO - Applied migration version 1 to db_grid/B2/database.db
2024-11-19 17:26:39,390 - __main__ - INFO - Successfully applied migration for database B2
2024-11-19 17:26:39,390 - __main__ - INFO - Initializing database B3...
2024-11-19 17:26:39,391 - __main__ - INFO - Successfully initialized db_grid/B3/database.db
2024-11-19 17:26:39,391 - __main__ - INFO - Registering migration for database B3
2024-11-19 17:26:39,419 - konomi.utils.schema_manager - INFO - Registered migration version 1 for db_grid/B3/database.db
2024-11-19 17:26:39,419 - konomi.utils.schema_manager - INFO - Registered migration version 1 for db_grid/B3/database.db
2024-11-19 17:26:39,419 - __main__ - INFO - Applying migration for database B3
2024-11-19 17:26:39,446 - konomi.utils.schema_manager - INFO - Applied migration version 1 to db_grid/B3/database.db
2024-11-19 17:26:39,446 - konomi.utils.schema_manager - INFO - Applied migration version 1 to db_grid/B3/database.db
2024-11-19 17:26:39,446 - __main__ - INFO - Successfully applied migration for database B3
2024-11-19 17:26:39,446 - __main__ - INFO - Initializing database B4...
2024-11-19 17:26:39,447 - __main__ - INFO - Successfully initialized db_grid/B4/database.db
2024-11-19 17:26:39,447 - __main__ - INFO - Registering migration for database B4
2024-11-19 17:26:39,637 - konomi.utils.schema_manager - INFO - Registered migration version 1 for db_grid/B4/database.db
2024-11-19 17:26:39,637 - konomi.utils.schema_manager - INFO - Registered migration version 1 for db_grid/B4/database.db
2024-11-19 17:26:39,639 - __main__ - INFO - Applying migration for database B4
2024-11-19 17:26:39,663 - konomi.utils.schema_manager - INFO - Applied migration version 1 to db_grid/B4/database.db
2024-11-19 17:26:39,663 - konomi.utils.schema_manager - INFO - Applied migration version 1 to db_grid/B4/database.db
2024-11-19 17:26:39,663 - __main__ - INFO - Successfully applied migration for database B4
2024-11-19 17:26:39,663 - __main__ - INFO - Initializing database B5...
2024-11-19 17:26:39,664 - __main__ - INFO - Successfully initialized db_grid/B5/database.db
2024-11-19 17:26:39,664 - __main__ - INFO - Registering migration for database B5
2024-11-19 17:26:39,691 - konomi.utils.schema_manager - INFO - Registered migration version 1 for db_grid/B5/database.db
2024-11-19 17:26:39,691 - konomi.utils.schema_manager - INFO - Registered migration version 1 for db_grid/B5/database.db
2024-11-19 17:26:39,691 - __main__ - INFO - Applying migration for database B5
2024-11-19 17:26:39,720 - konomi.utils.schema_manager - INFO - Applied migration version 1 to db_grid/B5/database.db
2024-11-19 17:26:39,720 - konomi.utils.schema_manager - INFO - Applied migration version 1 to db_grid/B5/database.db
2024-11-19 17:26:39,720 - __main__ - INFO - Successfully applied migration for database B5
2024-11-19 17:26:39,720 - __main__ - INFO - Initializing database C1...
2024-11-19 17:26:39,721 - __main__ - INFO - Successfully initialized db_grid/C1/database.db
2024-11-19 17:26:39,721 - __main__ - INFO - Registering migration for database C1
2024-11-19 17:26:39,747 - konomi.utils.schema_manager - INFO - Registered migration version 1 for db_grid/C1/database.db
2024-11-19 17:26:39,747 - konomi.utils.schema_manager - INFO - Registered migration version 1 for db_grid/C1/database.db
2024-11-19 17:26:39,747 - __main__ - INFO - Applying migration for database C1
2024-11-19 17:26:39,773 - konomi.utils.schema_manager - INFO - Applied migration version 1 to db_grid/C1/database.db
2024-11-19 17:26:39,773 - konomi.utils.schema_manager - INFO - Applied migration version 1 to db_grid/C1/database.db
2024-11-19 17:26:39,773 - __main__ - INFO - Successfully applied migration for database C1
2024-11-19 17:26:39,773 - __main__ - INFO - Initializing database C2...
2024-11-19 17:26:39,774 - __main__ - INFO - Successfully initialized db_grid/C2/database.db
2024-11-19 17:26:39,774 - __main__ - INFO - Registering migration for database C2
2024-11-19 17:26:39,802 - konomi.utils.schema_manager - INFO - Registered migration version 1 for db_grid/C2/database.db
2024-11-19 17:26:39,802 - konomi.utils.schema_manager - INFO - Registered migration version 1 for db_grid/C2/database.db
2024-11-19 17:26:39,802 - __main__ - INFO - Applying migration for database C2
2024-11-19 17:26:39,844 - konomi.utils.schema_manager - INFO - Applied migration version 1 to db_grid/C2/database.db
2024-11-19 17:26:39,844 - konomi.utils.schema_manager - INFO - Applied migration version 1 to db_grid/C2/database.db
2024-11-19 17:26:39,844 - __main__ - INFO - Successfully applied migration for database C2
2024-11-19 17:26:39,844 - __main__ - INFO - Initializing database C3...
2024-11-19 17:26:39,845 - __main__ - INFO - Successfully initialized db_grid/C3/database.db
2024-11-19 17:26:39,845 - __main__ - INFO - Registering migration for database C3
2024-11-19 17:26:39,869 - konomi.utils.schema_manager - INFO - Registered migration version 1 for db_grid/C3/database.db
2024-11-19 17:26:39,869 - konomi.utils.schema_manager - INFO - Registered migration version 1 for db_grid/C3/database.db
2024-11-19 17:26:39,870 - __main__ - INFO - Applying migration for database C3
2024-11-19 17:26:39,895 - konomi.utils.schema_manager - INFO - Applied migration version 1 to db_grid/C3/database.db
2024-11-19 17:26:39,895 - konomi.utils.schema_manager - INFO - Applied migration version 1 to db_grid/C3/database.db
2024-11-19 17:26:39,896 - __main__ - INFO - Successfully applied migration for database C3
2024-11-19 17:26:39,896 - __main__ - INFO - Initializing database C4...
2024-11-19 17:26:39,896 - __main__ - INFO - Successfully initialized db_grid/C4/database.db
2024-11-19 17:26:39,897 - __main__ - INFO - Registering migration for database C4
2024-11-19 17:26:39,925 - konomi.utils.schema_manager - INFO - Registered migration version 1 for db_grid/C4/database.db
2024-11-19 17:26:39,925 - konomi.utils.schema_manager - INFO - Registered migration version 1 for db_grid/C4/database.db
2024-11-19 17:26:39,925 - __main__ - INFO - Applying migration for database C4
2024-11-19 17:26:39,957 - konomi.utils.schema_manager - INFO - Applied migration version 1 to db_grid/C4/database.db
2024-11-19 17:26:39,957 - konomi.utils.schema_manager - INFO - Applied migration version 1 to db_grid/C4/database.db
2024-11-19 17:26:39,957 - __main__ - INFO - Successfully applied migration for database C4
2024-11-19 17:26:39,957 - __main__ - INFO - Initializing database C5...
2024-11-19 17:26:39,958 - __main__ - INFO - Successfully initialized db_grid/C5/database.db
2024-11-19 17:26:39,958 - __main__ - INFO - Registering migration for database C5
2024-11-19 17:26:39,989 - konomi.utils.schema_manager - INFO - Registered migration version 1 for db_grid/C5/database.db
2024-11-19 17:26:39,989 - konomi.utils.schema_manager - INFO - Registered migration version 1 for db_grid/C5/database.db
2024-11-19 17:26:39,990 - __main__ - INFO - Applying migration for database C5
2024-11-19 17:26:40,012 - konomi.utils.schema_manager - INFO - Applied migration version 1 to db_grid/C5/database.db
2024-11-19 17:26:40,012 - konomi.utils.schema_manager - INFO - Applied migration version 1 to db_grid/C5/database.db
2024-11-19 17:26:40,013 - __main__ - INFO - Successfully applied migration for database C5
2024-11-19 17:26:40,013 - __main__ - INFO - Initializing database D1...
2024-11-19 17:26:40,013 - __main__ - INFO - Successfully initialized db_grid/D1/database.db
2024-11-19 17:26:40,013 - __main__ - INFO - Registering migration for database D1
2024-11-19 17:26:40,040 - konomi.utils.schema_manager - INFO - Registered migration version 1 for db_grid/D1/database.db
2024-11-19 17:26:40,040 - konomi.utils.schema_manager - INFO - Registered migration version 1 for db_grid/D1/database.db
2024-11-19 17:26:40,040 - __main__ - INFO - Applying migration for database D1
2024-11-19 17:26:40,074 - konomi.utils.schema_manager - INFO - Applied migration version 1 to db_grid/D1/database.db
2024-11-19 17:26:40,074 - konomi.utils.schema_manager - INFO - Applied migration version 1 to db_grid/D1/database.db
2024-11-19 17:26:40,075 - __main__ - INFO - Successfully applied migration for database D1
2024-11-19 17:26:40,075 - __main__ - INFO - Initializing database D2...
2024-11-19 17:26:40,075 - __main__ - INFO - Successfully initialized db_grid/D2/database.db
2024-11-19 17:26:40,076 - __main__ - INFO - Registering migration for database D2
2024-11-19 17:26:40,101 - konomi.utils.schema_manager - INFO - Registered migration version 1 for db_grid/D2/database.db
2024-11-19 17:26:40,101 - konomi.utils.schema_manager - INFO - Registered migration version 1 for db_grid/D2/database.db
2024-11-19 17:26:40,101 - __main__ - INFO - Applying migration for database D2
2024-11-19 17:26:40,127 - konomi.utils.schema_manager - INFO - Applied migration version 1 to db_grid/D2/database.db
2024-11-19 17:26:40,127 - konomi.utils.schema_manager - INFO - Applied migration version 1 to db_grid/D2/database.db
2024-11-19 17:26:40,128 - __main__ - INFO - Successfully applied migration for database D2
2024-11-19 17:26:40,128 - __main__ - INFO - Initializing database D3...
2024-11-19 17:26:40,128 - __main__ - INFO - Successfully initialized db_grid/D3/database.db
2024-11-19 17:26:40,128 - __main__ - INFO - Registering migration for database D3
2024-11-19 17:26:40,154 - konomi.utils.schema_manager - INFO - Registered migration version 1 for db_grid/D3/database.db
2024-11-19 17:26:40,154 - konomi.utils.schema_manager - INFO - Registered migration version 1 for db_grid/D3/database.db
2024-11-19 17:26:40,154 - __main__ - INFO - Applying migration for database D3
2024-11-19 17:26:40,181 - konomi.utils.schema_manager - INFO - Applied migration version 1 to db_grid/D3/database.db
2024-11-19 17:26:40,181 - konomi.utils.schema_manager - INFO - Applied migration version 1 to db_grid/D3/database.db
2024-11-19 17:26:40,182 - __main__ - INFO - Successfully applied migration for database D3
2024-11-19 17:26:40,182 - __main__ - INFO - Initializing database D4...
2024-11-19 17:26:40,183 - __main__ - INFO - Successfully initialized db_grid/D4/database.db
2024-11-19 17:26:40,183 - __main__ - INFO - Registering migration for database D4
2024-11-19 17:26:40,210 - konomi.utils.schema_manager - INFO - Registered migration version 1 for db_grid/D4/database.db
2024-11-19 17:26:40,210 - konomi.utils.schema_manager - INFO - Registered migration version 1 for db_grid/D4/database.db
2024-11-19 17:26:40,210 - __main__ - INFO - Applying migration for database D4
2024-11-19 17:26:40,243 - konomi.utils.schema_manager - INFO - Applied migration version 1 to db_grid/D4/database.db
2024-11-19 17:26:40,243 - konomi.utils.schema_manager - INFO - Applied migration version 1 to db_grid/D4/database.db
2024-11-19 17:26:40,244 - __main__ - INFO - Successfully applied migration for database D4
2024-11-19 17:26:40,244 - __main__ - INFO - Initializing database D5...
2024-11-19 17:26:40,244 - __main__ - INFO - Successfully initialized db_grid/D5/database.db
2024-11-19 17:26:40,244 - __main__ - INFO - Registering migration for database D5
2024-11-19 17:26:40,274 - konomi.utils.schema_manager - INFO - Registered migration version 1 for db_grid/D5/database.db
2024-11-19 17:26:40,274 - konomi.utils.schema_manager - INFO - Registered migration version 1 for db_grid/D5/database.db
2024-11-19 17:26:40,274 - __main__ - INFO - Applying migration for database D5
2024-11-19 17:26:40,298 - konomi.utils.schema_manager - INFO - Applied migration version 1 to db_grid/D5/database.db
2024-11-19 17:26:40,298 - konomi.utils.schema_manager - INFO - Applied migration version 1 to db_grid/D5/database.db
2024-11-19 17:26:40,298 - __main__ - INFO - Successfully applied migration for database D5
2024-11-19 17:26:40,298 - __main__ - INFO - Initializing database E1...
2024-11-19 17:26:40,299 - __main__ - INFO - Successfully initialized db_grid/E1/database.db
2024-11-19 17:26:40,299 - __main__ - INFO - Registering migration for database E1
2024-11-19 17:26:40,324 - konomi.utils.schema_manager - INFO - Registered migration version 1 for db_grid/E1/database.db
2024-11-19 17:26:40,324 - konomi.utils.schema_manager - INFO - Registered migration version 1 for db_grid/E1/database.db
2024-11-19 17:26:40,324 - __main__ - INFO - Applying migration for database E1
2024-11-19 17:26:40,352 - konomi.utils.schema_manager - INFO - Applied migration version 1 to db_grid/E1/database.db
2024-11-19 17:26:40,352 - konomi.utils.schema_manager - INFO - Applied migration version 1 to db_grid/E1/database.db
2024-11-19 17:26:40,352 - __main__ - INFO - Successfully applied migration for database E1
2024-11-19 17:26:40,352 - __main__ - INFO - Initializing database E2...
2024-11-19 17:26:40,353 - __main__ - INFO - Successfully initialized db_grid/E2/database.db
2024-11-19 17:26:40,353 - __main__ - INFO - Registering migration for database E2
2024-11-19 17:26:40,384 - konomi.utils.schema_manager - INFO - Registered migration version 1 for db_grid/E2/database.db
2024-11-19 17:26:40,384 - konomi.utils.schema_manager - INFO - Registered migration version 1 for db_grid/E2/database.db
2024-11-19 17:26:40,384 - __main__ - INFO - Applying migration for database E2
2024-11-19 17:26:40,412 - konomi.utils.schema_manager - INFO - Applied migration version 1 to db_grid/E2/database.db
2024-11-19 17:26:40,412 - konomi.utils.schema_manager - INFO - Applied migration version 1 to db_grid/E2/database.db
2024-11-19 17:26:40,414 - __main__ - INFO - Successfully applied migration for database E2
2024-11-19 17:26:40,414 - __main__ - INFO - Initializing database E3...
2024-11-19 17:26:40,415 - __main__ - INFO - Successfully initialized db_grid/E3/database.db
2024-11-19 17:26:40,415 - __main__ - INFO - Registering migration for database E3
2024-11-19 17:26:40,459 - konomi.utils.schema_manager - INFO - Registered migration version 1 for db_grid/E3/database.db
2024-11-19 17:26:40,459 - konomi.utils.schema_manager - INFO - Registered migration version 1 for db_grid/E3/database.db
2024-11-19 17:26:40,460 - __main__ - INFO - Applying migration for database E3
2024-11-19 17:26:40,484 - konomi.utils.schema_manager - INFO - Applied migration version 1 to db_grid/E3/database.db
2024-11-19 17:26:40,484 - konomi.utils.schema_manager - INFO - Applied migration version 1 to db_grid/E3/database.db
2024-11-19 17:26:40,484 - __main__ - INFO - Successfully applied migration for database E3
2024-11-19 17:26:40,485 - __main__ - INFO - Initializing database E4...
2024-11-19 17:26:40,485 - __main__ - INFO - Successfully initialized db_grid/E4/database.db
2024-11-19 17:26:40,485 - __main__ - INFO - Registering migration for database E4
2024-11-19 17:26:40,511 - konomi.utils.schema_manager - INFO - Registered migration version 1 for db_grid/E4/database.db
2024-11-19 17:26:40,511 - konomi.utils.schema_manager - INFO - Registered migration version 1 for db_grid/E4/database.db
2024-11-19 17:26:40,511 - __main__ - INFO - Applying migration for database E4
2024-11-19 17:26:40,538 - konomi.utils.schema_manager - INFO - Applied migration version 1 to db_grid/E4/database.db
2024-11-19 17:26:40,538 - konomi.utils.schema_manager - INFO - Applied migration version 1 to db_grid/E4/database.db
2024-11-19 17:26:40,539 - __main__ - INFO - Successfully applied migration for database E4
2024-11-19 17:26:40,539 - __main__ - INFO - Initializing database E5...
2024-11-19 17:26:40,539 - __main__ - INFO - Successfully initialized db_grid/E5/database.db
2024-11-19 17:26:40,540 - __main__ - INFO - Registering migration for database E5
2024-11-19 17:26:40,565 - konomi.utils.schema_manager - INFO - Registered migration version 1 for db_grid/E5/database.db
2024-11-19 17:26:40,565 - konomi.utils.schema_manager - INFO - Registered migration version 1 for db_grid/E5/database.db
2024-11-19 17:26:40,565 - __main__ - INFO - Applying migration for database E5
2024-11-19 17:26:40,592 - konomi.utils.schema_manager - INFO - Applied migration version 1 to db_grid/E5/database.db
2024-11-19 17:26:40,592 - konomi.utils.schema_manager - INFO - Applied migration version 1 to db_grid/E5/database.db
2024-11-19 17:26:40,592 - __main__ - INFO - Successfully applied migration for database E5
2024-11-19 17:26:40,593 - __main__ - WARNING - No schema defined for database F1
2024-11-19 17:26:40,593 - __main__ - WARNING - No schema defined for database F2
2024-11-19 17:26:40,593 - __main__ - WARNING - No schema defined for database F3
2024-11-19 17:26:40,593 - __main__ - WARNING - No schema defined for database F4
2024-11-19 17:26:40,593 - __main__ - WARNING - No schema defined for database F5
2024-11-19 17:26:40,593 - __main__ - WARNING - No schema defined for database G1
2024-11-19 17:26:40,593 - __main__ - WARNING - No schema defined for database G2
2024-11-19 17:26:40,593 - __main__ - WARNING - No schema defined for database G3
2024-11-19 17:26:40,593 - __main__ - WARNING - No schema defined for database G4
2024-11-19 17:26:40,594 - __main__ - WARNING - No schema defined for database G5
2024-11-19 17:27:25,723 - __main__ - INFO - Initializing database A1...
2024-11-19 17:27:25,724 - __main__ - INFO - Successfully initialized db_grid/A1/database.db
2024-11-19 17:27:25,724 - __main__ - INFO - Registering migration for database A1
2024-11-19 17:27:25,757 - konomi.utils.schema_manager - INFO - Registered migration version 1 for db_grid/A1/database.db
2024-11-19 17:27:25,757 - konomi.utils.schema_manager - INFO - Registered migration version 1 for db_grid/A1/database.db
2024-11-19 17:27:25,758 - __main__ - INFO - Applying migration for database A1
2024-11-19 17:27:25,758 - konomi.utils.schema_manager - ERROR - Failed to execute statement: CREATE TABLE IF NOT EXISTS tokens (
            id INTEGER PRIMARY KEY,
            token_type TEXT NOT NULL,
            pattern TEXT NOT NULL,
            priority INTEGER NOT NULL,
            description TEXT,
            created_at TIMESTAMP DEFAULT CURRENT_TIMESTAMP
        )
CREATE TABLE IF NOT EXISTS token_matches (
            id INTEGER PRIMARY KEY,
            token_id INTEGER,
            source_text TEXT NOT NULL,
            line_number INTEGER,
            column_number INTEGER,
            matched_at TIMESTAMP DEFAULT CURRENT_TIMESTAMP,
            FOREIGN KEY (token_id) REFERENCES tokens(id)
        )
Error: near "CREATE": syntax error
2024-11-19 17:27:25,758 - konomi.utils.schema_manager - ERROR - Failed to execute statement: CREATE TABLE IF NOT EXISTS tokens (
            id INTEGER PRIMARY KEY,
            token_type TEXT NOT NULL,
            pattern TEXT NOT NULL,
            priority INTEGER NOT NULL,
            description TEXT,
            created_at TIMESTAMP DEFAULT CURRENT_TIMESTAMP
        )
CREATE TABLE IF NOT EXISTS token_matches (
            id INTEGER PRIMARY KEY,
            token_id INTEGER,
            source_text TEXT NOT NULL,
            line_number INTEGER,
            column_number INTEGER,
            matched_at TIMESTAMP DEFAULT CURRENT_TIMESTAMP,
            FOREIGN KEY (token_id) REFERENCES tokens(id)
        )
Error: near "CREATE": syntax error
2024-11-19 17:27:25,758 - konomi.utils.schema_manager - ERROR - Failed to apply migration to db_grid/A1/database.db: near "CREATE": syntax error
2024-11-19 17:27:25,758 - konomi.utils.schema_manager - ERROR - Failed to apply migration to db_grid/A1/database.db: near "CREATE": syntax error
2024-11-19 17:27:25,759 - __main__ - ERROR - Failed to apply migration for database A1
2024-11-19 17:27:25,759 - __main__ - INFO - Initializing database A2...
2024-11-19 17:27:25,759 - __main__ - INFO - Successfully initialized db_grid/A2/database.db
2024-11-19 17:27:25,760 - __main__ - INFO - Registering migration for database A2
2024-11-19 17:27:25,790 - konomi.utils.schema_manager - INFO - Registered migration version 1 for db_grid/A2/database.db
2024-11-19 17:27:25,790 - konomi.utils.schema_manager - INFO - Registered migration version 1 for db_grid/A2/database.db
2024-11-19 17:27:25,790 - __main__ - INFO - Applying migration for database A2
2024-11-19 17:27:25,791 - konomi.utils.schema_manager - ERROR - Failed to execute statement: CREATE TABLE IF NOT EXISTS parser_rules (
            id INTEGER PRIMARY KEY,
            rule_name TEXT NOT NULL,
            production TEXT NOT NULL,
            precedence INTEGER,
            created_at TIMESTAMP DEFAULT CURRENT_TIMESTAMP
        )
CREATE TABLE IF NOT EXISTS ast_nodes (
            id INTEGER PRIMARY KEY,
            node_type TEXT NOT NULL,
            parent_id INTEGER,
            source_location TEXT,
            created_at TIMESTAMP DEFAULT CURRENT_TIMESTAMP,
            FOREIGN KEY (parent_id) REFERENCES ast_nodes(id)
        )
Error: near "CREATE": syntax error
2024-11-19 17:27:25,791 - konomi.utils.schema_manager - ERROR - Failed to execute statement: CREATE TABLE IF NOT EXISTS parser_rules (
            id INTEGER PRIMARY KEY,
            rule_name TEXT NOT NULL,
            production TEXT NOT NULL,
            precedence INTEGER,
            created_at TIMESTAMP DEFAULT CURRENT_TIMESTAMP
        )
CREATE TABLE IF NOT EXISTS ast_nodes (
            id INTEGER PRIMARY KEY,
            node_type TEXT NOT NULL,
            parent_id INTEGER,
            source_location TEXT,
            created_at TIMESTAMP DEFAULT CURRENT_TIMESTAMP,
            FOREIGN KEY (parent_id) REFERENCES ast_nodes(id)
        )
Error: near "CREATE": syntax error
2024-11-19 17:27:25,791 - konomi.utils.schema_manager - ERROR - Failed to apply migration to db_grid/A2/database.db: near "CREATE": syntax error
2024-11-19 17:27:25,791 - konomi.utils.schema_manager - ERROR - Failed to apply migration to db_grid/A2/database.db: near "CREATE": syntax error
2024-11-19 17:27:25,791 - __main__ - ERROR - Failed to apply migration for database A2
2024-11-19 17:27:25,792 - __main__ - INFO - Initializing database A3...
2024-11-19 17:27:25,792 - __main__ - INFO - Successfully initialized db_grid/A3/database.db
2024-11-19 17:27:25,792 - __main__ - INFO - Registering migration for database A3
2024-11-19 17:27:25,821 - konomi.utils.schema_manager - INFO - Registered migration version 1 for db_grid/A3/database.db
2024-11-19 17:27:25,821 - konomi.utils.schema_manager - INFO - Registered migration version 1 for db_grid/A3/database.db
2024-11-19 17:27:25,821 - __main__ - INFO - Applying migration for database A3
2024-11-19 17:27:25,848 - konomi.utils.schema_manager - INFO - Applied migration version 1 to db_grid/A3/database.db
2024-11-19 17:27:25,848 - konomi.utils.schema_manager - INFO - Applied migration version 1 to db_grid/A3/database.db
2024-11-19 17:27:25,849 - __main__ - INFO - Successfully applied migration for database A3
2024-11-19 17:27:25,849 - __main__ - INFO - Initializing database A4...
2024-11-19 17:27:25,849 - __main__ - INFO - Successfully initialized db_grid/A4/database.db
2024-11-19 17:27:25,849 - __main__ - INFO - Registering migration for database A4
2024-11-19 17:27:25,875 - konomi.utils.schema_manager - INFO - Registered migration version 1 for db_grid/A4/database.db
2024-11-19 17:27:25,875 - konomi.utils.schema_manager - INFO - Registered migration version 1 for db_grid/A4/database.db
2024-11-19 17:27:25,875 - __main__ - INFO - Applying migration for database A4
2024-11-19 17:27:25,875 - konomi.utils.schema_manager - ERROR - Failed to execute statement: CREATE TABLE IF NOT EXISTS symbols (
            id INTEGER PRIMARY KEY,
            name TEXT NOT NULL,
            type TEXT NOT NULL,
            scope_id INTEGER,
            value TEXT,
            created_at TIMESTAMP DEFAULT CURRENT_TIMESTAMP
        )
CREATE TABLE IF NOT EXISTS scopes (
            id INTEGER PRIMARY KEY,
            scope_type TEXT NOT NULL,
            parent_scope_id INTEGER,
            created_at TIMESTAMP DEFAULT CURRENT_TIMESTAMP,
            FOREIGN KEY (parent_scope_id) REFERENCES scopes(id)
        )
Error: near "CREATE": syntax error
2024-11-19 17:27:25,875 - konomi.utils.schema_manager - ERROR - Failed to execute statement: CREATE TABLE IF NOT EXISTS symbols (
            id INTEGER PRIMARY KEY,
            name TEXT NOT NULL,
            type TEXT NOT NULL,
            scope_id INTEGER,
            value TEXT,
            created_at TIMESTAMP DEFAULT CURRENT_TIMESTAMP
        )
CREATE TABLE IF NOT EXISTS scopes (
            id INTEGER PRIMARY KEY,
            scope_type TEXT NOT NULL,
            parent_scope_id INTEGER,
            created_at TIMESTAMP DEFAULT CURRENT_TIMESTAMP,
            FOREIGN KEY (parent_scope_id) REFERENCES scopes(id)
        )
Error: near "CREATE": syntax error
2024-11-19 17:27:25,875 - konomi.utils.schema_manager - ERROR - Failed to apply migration to db_grid/A4/database.db: near "CREATE": syntax error
2024-11-19 17:27:25,875 - konomi.utils.schema_manager - ERROR - Failed to apply migration to db_grid/A4/database.db: near "CREATE": syntax error
2024-11-19 17:27:25,876 - __main__ - ERROR - Failed to apply migration for database A4
2024-11-19 17:27:25,876 - __main__ - INFO - Initializing database A5...
2024-11-19 17:27:25,876 - __main__ - INFO - Successfully initialized db_grid/A5/database.db
2024-11-19 17:27:25,876 - __main__ - INFO - Registering migration for database A5
2024-11-19 17:27:25,903 - konomi.utils.schema_manager - INFO - Registered migration version 1 for db_grid/A5/database.db
2024-11-19 17:27:25,903 - konomi.utils.schema_manager - INFO - Registered migration version 1 for db_grid/A5/database.db
2024-11-19 17:27:25,903 - __main__ - INFO - Applying migration for database A5
2024-11-19 17:27:25,926 - konomi.utils.schema_manager - INFO - Applied migration version 1 to db_grid/A5/database.db
2024-11-19 17:27:25,926 - konomi.utils.schema_manager - INFO - Applied migration version 1 to db_grid/A5/database.db
2024-11-19 17:27:25,926 - __main__ - INFO - Successfully applied migration for database A5
2024-11-19 17:27:25,926 - __main__ - INFO - Initializing database B1...
2024-11-19 17:27:25,927 - __main__ - INFO - Successfully initialized db_grid/B1/database.db
2024-11-19 17:27:25,927 - __main__ - INFO - Registering migration for database B1
2024-11-19 17:27:25,952 - konomi.utils.schema_manager - INFO - Registered migration version 1 for db_grid/B1/database.db
2024-11-19 17:27:25,952 - konomi.utils.schema_manager - INFO - Registered migration version 1 for db_grid/B1/database.db
2024-11-19 17:27:25,953 - __main__ - INFO - Applying migration for database B1
2024-11-19 17:27:25,980 - konomi.utils.schema_manager - INFO - Applied migration version 1 to db_grid/B1/database.db
2024-11-19 17:27:25,980 - konomi.utils.schema_manager - INFO - Applied migration version 1 to db_grid/B1/database.db
2024-11-19 17:27:25,980 - __main__ - INFO - Successfully applied migration for database B1
2024-11-19 17:27:25,980 - __main__ - INFO - Initializing database B2...
2024-11-19 17:27:25,981 - __main__ - INFO - Successfully initialized db_grid/B2/database.db
2024-11-19 17:27:25,981 - __main__ - INFO - Registering migration for database B2
2024-11-19 17:27:26,007 - konomi.utils.schema_manager - INFO - Registered migration version 1 for db_grid/B2/database.db
2024-11-19 17:27:26,007 - konomi.utils.schema_manager - INFO - Registered migration version 1 for db_grid/B2/database.db
2024-11-19 17:27:26,007 - __main__ - INFO - Applying migration for database B2
2024-11-19 17:27:26,030 - konomi.utils.schema_manager - INFO - Applied migration version 1 to db_grid/B2/database.db
2024-11-19 17:27:26,030 - konomi.utils.schema_manager - INFO - Applied migration version 1 to db_grid/B2/database.db
2024-11-19 17:27:26,031 - __main__ - INFO - Successfully applied migration for database B2
2024-11-19 17:27:26,031 - __main__ - INFO - Initializing database B3...
2024-11-19 17:27:26,032 - __main__ - INFO - Successfully initialized db_grid/B3/database.db
2024-11-19 17:27:26,032 - __main__ - INFO - Registering migration for database B3
2024-11-19 17:27:26,057 - konomi.utils.schema_manager - INFO - Registered migration version 1 for db_grid/B3/database.db
2024-11-19 17:27:26,057 - konomi.utils.schema_manager - INFO - Registered migration version 1 for db_grid/B3/database.db
2024-11-19 17:27:26,057 - __main__ - INFO - Applying migration for database B3
2024-11-19 17:27:26,081 - konomi.utils.schema_manager - INFO - Applied migration version 1 to db_grid/B3/database.db
2024-11-19 17:27:26,081 - konomi.utils.schema_manager - INFO - Applied migration version 1 to db_grid/B3/database.db
2024-11-19 17:27:26,081 - __main__ - INFO - Successfully applied migration for database B3
2024-11-19 17:27:26,081 - __main__ - INFO - Initializing database B4...
2024-11-19 17:27:26,082 - __main__ - INFO - Successfully initialized db_grid/B4/database.db
2024-11-19 17:27:26,082 - __main__ - INFO - Registering migration for database B4
2024-11-19 17:27:26,106 - konomi.utils.schema_manager - INFO - Registered migration version 1 for db_grid/B4/database.db
2024-11-19 17:27:26,106 - konomi.utils.schema_manager - INFO - Registered migration version 1 for db_grid/B4/database.db
2024-11-19 17:27:26,106 - __main__ - INFO - Applying migration for database B4
2024-11-19 17:27:26,134 - konomi.utils.schema_manager - INFO - Applied migration version 1 to db_grid/B4/database.db
2024-11-19 17:27:26,134 - konomi.utils.schema_manager - INFO - Applied migration version 1 to db_grid/B4/database.db
2024-11-19 17:27:26,134 - __main__ - INFO - Successfully applied migration for database B4
2024-11-19 17:27:26,134 - __main__ - INFO - Initializing database B5...
2024-11-19 17:27:26,135 - __main__ - INFO - Successfully initialized db_grid/B5/database.db
2024-11-19 17:27:26,135 - __main__ - INFO - Registering migration for database B5
2024-11-19 17:27:26,163 - konomi.utils.schema_manager - INFO - Registered migration version 1 for db_grid/B5/database.db
2024-11-19 17:27:26,163 - konomi.utils.schema_manager - INFO - Registered migration version 1 for db_grid/B5/database.db
2024-11-19 17:27:26,163 - __main__ - INFO - Applying migration for database B5
2024-11-19 17:27:26,190 - konomi.utils.schema_manager - INFO - Applied migration version 1 to db_grid/B5/database.db
2024-11-19 17:27:26,190 - konomi.utils.schema_manager - INFO - Applied migration version 1 to db_grid/B5/database.db
2024-11-19 17:27:26,191 - __main__ - INFO - Successfully applied migration for database B5
2024-11-19 17:27:26,191 - __main__ - INFO - Initializing database C1...
2024-11-19 17:27:26,191 - __main__ - INFO - Successfully initialized db_grid/C1/database.db
2024-11-19 17:27:26,191 - __main__ - INFO - Registering migration for database C1
2024-11-19 17:27:26,216 - konomi.utils.schema_manager - INFO - Registered migration version 1 for db_grid/C1/database.db
2024-11-19 17:27:26,216 - konomi.utils.schema_manager - INFO - Registered migration version 1 for db_grid/C1/database.db
2024-11-19 17:27:26,216 - __main__ - INFO - Applying migration for database C1
2024-11-19 17:27:26,240 - konomi.utils.schema_manager - INFO - Applied migration version 1 to db_grid/C1/database.db
2024-11-19 17:27:26,240 - konomi.utils.schema_manager - INFO - Applied migration version 1 to db_grid/C1/database.db
2024-11-19 17:27:26,240 - __main__ - INFO - Successfully applied migration for database C1
2024-11-19 17:27:26,240 - __main__ - INFO - Initializing database C2...
2024-11-19 17:27:26,241 - __main__ - INFO - Successfully initialized db_grid/C2/database.db
2024-11-19 17:27:26,241 - __main__ - INFO - Registering migration for database C2
2024-11-19 17:27:26,265 - konomi.utils.schema_manager - INFO - Registered migration version 1 for db_grid/C2/database.db
2024-11-19 17:27:26,265 - konomi.utils.schema_manager - INFO - Registered migration version 1 for db_grid/C2/database.db
2024-11-19 17:27:26,265 - __main__ - INFO - Applying migration for database C2
2024-11-19 17:27:26,290 - konomi.utils.schema_manager - INFO - Applied migration version 1 to db_grid/C2/database.db
2024-11-19 17:27:26,290 - konomi.utils.schema_manager - INFO - Applied migration version 1 to db_grid/C2/database.db
2024-11-19 17:27:26,290 - __main__ - INFO - Successfully applied migration for database C2
2024-11-19 17:27:26,291 - __main__ - INFO - Initializing database C3...
2024-11-19 17:27:26,291 - __main__ - INFO - Successfully initialized db_grid/C3/database.db
2024-11-19 17:27:26,291 - __main__ - INFO - Registering migration for database C3
2024-11-19 17:27:26,314 - konomi.utils.schema_manager - INFO - Registered migration version 1 for db_grid/C3/database.db
2024-11-19 17:27:26,314 - konomi.utils.schema_manager - INFO - Registered migration version 1 for db_grid/C3/database.db
2024-11-19 17:27:26,314 - __main__ - INFO - Applying migration for database C3
2024-11-19 17:27:26,340 - konomi.utils.schema_manager - INFO - Applied migration version 1 to db_grid/C3/database.db
2024-11-19 17:27:26,340 - konomi.utils.schema_manager - INFO - Applied migration version 1 to db_grid/C3/database.db
2024-11-19 17:27:26,340 - __main__ - INFO - Successfully applied migration for database C3
2024-11-19 17:27:26,340 - __main__ - INFO - Initializing database C4...
2024-11-19 17:27:26,341 - __main__ - INFO - Successfully initialized db_grid/C4/database.db
2024-11-19 17:27:26,341 - __main__ - INFO - Registering migration for database C4
2024-11-19 17:27:26,369 - konomi.utils.schema_manager - INFO - Registered migration version 1 for db_grid/C4/database.db
2024-11-19 17:27:26,369 - konomi.utils.schema_manager - INFO - Registered migration version 1 for db_grid/C4/database.db
2024-11-19 17:27:26,369 - __main__ - INFO - Applying migration for database C4
2024-11-19 17:27:26,394 - konomi.utils.schema_manager - INFO - Applied migration version 1 to db_grid/C4/database.db
2024-11-19 17:27:26,394 - konomi.utils.schema_manager - INFO - Applied migration version 1 to db_grid/C4/database.db
2024-11-19 17:27:26,395 - __main__ - INFO - Successfully applied migration for database C4
2024-11-19 17:27:26,395 - __main__ - INFO - Initializing database C5...
2024-11-19 17:27:26,395 - __main__ - INFO - Successfully initialized db_grid/C5/database.db
2024-11-19 17:27:26,395 - __main__ - INFO - Registering migration for database C5
2024-11-19 17:27:26,420 - konomi.utils.schema_manager - INFO - Registered migration version 1 for db_grid/C5/database.db
2024-11-19 17:27:26,420 - konomi.utils.schema_manager - INFO - Registered migration version 1 for db_grid/C5/database.db
2024-11-19 17:27:26,420 - __main__ - INFO - Applying migration for database C5
2024-11-19 17:27:26,448 - konomi.utils.schema_manager - INFO - Applied migration version 1 to db_grid/C5/database.db
2024-11-19 17:27:26,448 - konomi.utils.schema_manager - INFO - Applied migration version 1 to db_grid/C5/database.db
2024-11-19 17:27:26,448 - __main__ - INFO - Successfully applied migration for database C5
2024-11-19 17:27:26,448 - __main__ - INFO - Initializing database D1...
2024-11-19 17:27:26,449 - __main__ - INFO - Successfully initialized db_grid/D1/database.db
2024-11-19 17:27:26,449 - __main__ - INFO - Registering migration for database D1
2024-11-19 17:27:26,477 - konomi.utils.schema_manager - INFO - Registered migration version 1 for db_grid/D1/database.db
2024-11-19 17:27:26,477 - konomi.utils.schema_manager - INFO - Registered migration version 1 for db_grid/D1/database.db
2024-11-19 17:27:26,478 - __main__ - INFO - Applying migration for database D1
2024-11-19 17:27:26,503 - konomi.utils.schema_manager - INFO - Applied migration version 1 to db_grid/D1/database.db
2024-11-19 17:27:26,503 - konomi.utils.schema_manager - INFO - Applied migration version 1 to db_grid/D1/database.db
2024-11-19 17:27:26,503 - __main__ - INFO - Successfully applied migration for database D1
2024-11-19 17:27:26,503 - __main__ - INFO - Initializing database D2...
2024-11-19 17:27:26,504 - __main__ - INFO - Successfully initialized db_grid/D2/database.db
2024-11-19 17:27:26,504 - __main__ - INFO - Registering migration for database D2
2024-11-19 17:27:26,528 - konomi.utils.schema_manager - INFO - Registered migration version 1 for db_grid/D2/database.db
2024-11-19 17:27:26,528 - konomi.utils.schema_manager - INFO - Registered migration version 1 for db_grid/D2/database.db
2024-11-19 17:27:26,529 - __main__ - INFO - Applying migration for database D2
2024-11-19 17:27:26,554 - konomi.utils.schema_manager - INFO - Applied migration version 1 to db_grid/D2/database.db
2024-11-19 17:27:26,554 - konomi.utils.schema_manager - INFO - Applied migration version 1 to db_grid/D2/database.db
2024-11-19 17:27:26,554 - __main__ - INFO - Successfully applied migration for database D2
2024-11-19 17:27:26,554 - __main__ - INFO - Initializing database D3...
2024-11-19 17:27:26,555 - __main__ - INFO - Successfully initialized db_grid/D3/database.db
2024-11-19 17:27:26,555 - __main__ - INFO - Registering migration for database D3
2024-11-19 17:27:26,582 - konomi.utils.schema_manager - INFO - Registered migration version 1 for db_grid/D3/database.db
2024-11-19 17:27:26,582 - konomi.utils.schema_manager - INFO - Registered migration version 1 for db_grid/D3/database.db
2024-11-19 17:27:26,582 - __main__ - INFO - Applying migration for database D3
2024-11-19 17:27:26,608 - konomi.utils.schema_manager - INFO - Applied migration version 1 to db_grid/D3/database.db
2024-11-19 17:27:26,608 - konomi.utils.schema_manager - INFO - Applied migration version 1 to db_grid/D3/database.db
2024-11-19 17:27:26,609 - __main__ - INFO - Successfully applied migration for database D3
2024-11-19 17:27:26,610 - __main__ - INFO - Initializing database D4...
2024-11-19 17:27:26,610 - __main__ - INFO - Successfully initialized db_grid/D4/database.db
2024-11-19 17:27:26,610 - __main__ - INFO - Registering migration for database D4
2024-11-19 17:27:26,635 - konomi.utils.schema_manager - INFO - Registered migration version 1 for db_grid/D4/database.db
2024-11-19 17:27:26,635 - konomi.utils.schema_manager - INFO - Registered migration version 1 for db_grid/D4/database.db
2024-11-19 17:27:26,635 - __main__ - INFO - Applying migration for database D4
2024-11-19 17:27:26,663 - konomi.utils.schema_manager - INFO - Applied migration version 1 to db_grid/D4/database.db
2024-11-19 17:27:26,663 - konomi.utils.schema_manager - INFO - Applied migration version 1 to db_grid/D4/database.db
2024-11-19 17:27:26,664 - __main__ - INFO - Successfully applied migration for database D4
2024-11-19 17:27:26,664 - __main__ - INFO - Initializing database D5...
2024-11-19 17:27:26,665 - __main__ - INFO - Successfully initialized db_grid/D5/database.db
2024-11-19 17:27:26,665 - __main__ - INFO - Registering migration for database D5
2024-11-19 17:27:26,691 - konomi.utils.schema_manager - INFO - Registered migration version 1 for db_grid/D5/database.db
2024-11-19 17:27:26,691 - konomi.utils.schema_manager - INFO - Registered migration version 1 for db_grid/D5/database.db
2024-11-19 17:27:26,692 - __main__ - INFO - Applying migration for database D5
2024-11-19 17:27:26,716 - konomi.utils.schema_manager - INFO - Applied migration version 1 to db_grid/D5/database.db
2024-11-19 17:27:26,716 - konomi.utils.schema_manager - INFO - Applied migration version 1 to db_grid/D5/database.db
2024-11-19 17:27:26,716 - __main__ - INFO - Successfully applied migration for database D5
2024-11-19 17:27:26,717 - __main__ - INFO - Initializing database E1...
2024-11-19 17:27:26,717 - __main__ - INFO - Successfully initialized db_grid/E1/database.db
2024-11-19 17:27:26,717 - __main__ - INFO - Registering migration for database E1
2024-11-19 17:27:26,744 - konomi.utils.schema_manager - INFO - Registered migration version 1 for db_grid/E1/database.db
2024-11-19 17:27:26,744 - konomi.utils.schema_manager - INFO - Registered migration version 1 for db_grid/E1/database.db
2024-11-19 17:27:26,744 - __main__ - INFO - Applying migration for database E1
2024-11-19 17:27:26,770 - konomi.utils.schema_manager - INFO - Applied migration version 1 to db_grid/E1/database.db
2024-11-19 17:27:26,770 - konomi.utils.schema_manager - INFO - Applied migration version 1 to db_grid/E1/database.db
2024-11-19 17:27:26,770 - __main__ - INFO - Successfully applied migration for database E1
2024-11-19 17:27:26,770 - __main__ - INFO - Initializing database E2...
2024-11-19 17:27:26,771 - __main__ - INFO - Successfully initialized db_grid/E2/database.db
2024-11-19 17:27:26,771 - __main__ - INFO - Registering migration for database E2
2024-11-19 17:27:26,805 - konomi.utils.schema_manager - INFO - Registered migration version 1 for db_grid/E2/database.db
2024-11-19 17:27:26,805 - konomi.utils.schema_manager - INFO - Registered migration version 1 for db_grid/E2/database.db
2024-11-19 17:27:26,805 - __main__ - INFO - Applying migration for database E2
2024-11-19 17:27:26,836 - konomi.utils.schema_manager - INFO - Applied migration version 1 to db_grid/E2/database.db
2024-11-19 17:27:26,836 - konomi.utils.schema_manager - INFO - Applied migration version 1 to db_grid/E2/database.db
2024-11-19 17:27:26,837 - __main__ - INFO - Successfully applied migration for database E2
2024-11-19 17:27:26,837 - __main__ - INFO - Initializing database E3...
2024-11-19 17:27:26,838 - __main__ - INFO - Successfully initialized db_grid/E3/database.db
2024-11-19 17:27:26,838 - __main__ - INFO - Registering migration for database E3
2024-11-19 17:27:26,867 - konomi.utils.schema_manager - INFO - Registered migration version 1 for db_grid/E3/database.db
2024-11-19 17:27:26,867 - konomi.utils.schema_manager - INFO - Registered migration version 1 for db_grid/E3/database.db
2024-11-19 17:27:26,867 - __main__ - INFO - Applying migration for database E3
2024-11-19 17:27:26,894 - konomi.utils.schema_manager - INFO - Applied migration version 1 to db_grid/E3/database.db
2024-11-19 17:27:26,894 - konomi.utils.schema_manager - INFO - Applied migration version 1 to db_grid/E3/database.db
2024-11-19 17:27:26,894 - __main__ - INFO - Successfully applied migration for database E3
2024-11-19 17:27:26,895 - __main__ - INFO - Initializing database E4...
2024-11-19 17:27:26,895 - __main__ - INFO - Successfully initialized db_grid/E4/database.db
2024-11-19 17:27:26,895 - __main__ - INFO - Registering migration for database E4
2024-11-19 17:27:26,927 - konomi.utils.schema_manager - INFO - Registered migration version 1 for db_grid/E4/database.db
2024-11-19 17:27:26,927 - konomi.utils.schema_manager - INFO - Registered migration version 1 for db_grid/E4/database.db
2024-11-19 17:27:26,927 - __main__ - INFO - Applying migration for database E4
2024-11-19 17:27:27,123 - konomi.utils.schema_manager - INFO - Applied migration version 1 to db_grid/E4/database.db
2024-11-19 17:27:27,123 - konomi.utils.schema_manager - INFO - Applied migration version 1 to db_grid/E4/database.db
2024-11-19 17:27:27,124 - __main__ - INFO - Successfully applied migration for database E4
2024-11-19 17:27:27,124 - __main__ - INFO - Initializing database E5...
2024-11-19 17:27:27,124 - __main__ - INFO - Successfully initialized db_grid/E5/database.db
2024-11-19 17:27:27,124 - __main__ - INFO - Registering migration for database E5
2024-11-19 17:27:27,151 - konomi.utils.schema_manager - INFO - Registered migration version 1 for db_grid/E5/database.db
2024-11-19 17:27:27,151 - konomi.utils.schema_manager - INFO - Registered migration version 1 for db_grid/E5/database.db
2024-11-19 17:27:27,151 - __main__ - INFO - Applying migration for database E5
2024-11-19 17:27:27,177 - konomi.utils.schema_manager - INFO - Applied migration version 1 to db_grid/E5/database.db
2024-11-19 17:27:27,177 - konomi.utils.schema_manager - INFO - Applied migration version 1 to db_grid/E5/database.db
2024-11-19 17:27:27,177 - __main__ - INFO - Successfully applied migration for database E5
2024-11-19 17:27:27,177 - __main__ - WARNING - No schema defined for database F1
2024-11-19 17:27:27,177 - __main__ - WARNING - No schema defined for database F2
2024-11-19 17:27:27,177 - __main__ - WARNING - No schema defined for database F3
2024-11-19 17:27:27,178 - __main__ - WARNING - No schema defined for database F4
2024-11-19 17:27:27,178 - __main__ - WARNING - No schema defined for database F5
2024-11-19 17:27:27,178 - __main__ - WARNING - No schema defined for database G1
2024-11-19 17:27:27,178 - __main__ - WARNING - No schema defined for database G2
2024-11-19 17:27:27,178 - __main__ - WARNING - No schema defined for database G3
2024-11-19 17:27:27,178 - __main__ - WARNING - No schema defined for database G4
2024-11-19 17:27:27,178 - __main__ - WARNING - No schema defined for database G5
2024-11-19 17:28:17,284 - __main__ - INFO - Initializing database A1...
2024-11-19 17:28:17,284 - __main__ - INFO - Successfully initialized db_grid/A1/database.db
2024-11-19 17:28:17,285 - __main__ - INFO - Registering migration for database A1
2024-11-19 17:28:17,285 - konomi.utils.schema_manager - ERROR - Invalid SQL statement: CREATE TABLE IF NOT EXISTS tokens ( id INTEGER PRIMARY KEY, token_type TEXT NOT NULL, pattern TEXT NOT NULL, priority INTEGER NOT NULL, description TEXT, created_at TIMESTAMP DEFAULT CURRENT_TIMESTAMP );;
Error: You can only execute one statement at a time.
2024-11-19 17:28:17,285 - konomi.utils.schema_manager - ERROR - Invalid SQL statement: CREATE TABLE IF NOT EXISTS tokens ( id INTEGER PRIMARY KEY, token_type TEXT NOT NULL, pattern TEXT NOT NULL, priority INTEGER NOT NULL, description TEXT, created_at TIMESTAMP DEFAULT CURRENT_TIMESTAMP );;
Error: You can only execute one statement at a time.
2024-11-19 17:28:17,285 - konomi.utils.schema_manager - ERROR - Failed to register migration for db_grid/A1/database.db: Invalid SQL script
2024-11-19 17:28:17,285 - konomi.utils.schema_manager - ERROR - Failed to register migration for db_grid/A1/database.db: Invalid SQL script
2024-11-19 17:28:17,285 - __main__ - ERROR - Failed to register migration for database A1
2024-11-19 17:28:17,285 - __main__ - INFO - Initializing database A2...
2024-11-19 17:28:17,286 - __main__ - INFO - Successfully initialized db_grid/A2/database.db
2024-11-19 17:28:17,286 - __main__ - INFO - Registering migration for database A2
2024-11-19 17:28:17,286 - konomi.utils.schema_manager - ERROR - Invalid SQL statement: CREATE TABLE IF NOT EXISTS parser_rules ( id INTEGER PRIMARY KEY, rule_name TEXT NOT NULL, production TEXT NOT NULL, precedence INTEGER, created_at TIMESTAMP DEFAULT CURRENT_TIMESTAMP );;
Error: You can only execute one statement at a time.
2024-11-19 17:28:17,286 - konomi.utils.schema_manager - ERROR - Invalid SQL statement: CREATE TABLE IF NOT EXISTS parser_rules ( id INTEGER PRIMARY KEY, rule_name TEXT NOT NULL, production TEXT NOT NULL, precedence INTEGER, created_at TIMESTAMP DEFAULT CURRENT_TIMESTAMP );;
Error: You can only execute one statement at a time.
2024-11-19 17:28:17,286 - konomi.utils.schema_manager - ERROR - Failed to register migration for db_grid/A2/database.db: Invalid SQL script
2024-11-19 17:28:17,286 - konomi.utils.schema_manager - ERROR - Failed to register migration for db_grid/A2/database.db: Invalid SQL script
2024-11-19 17:28:17,287 - __main__ - ERROR - Failed to register migration for database A2
2024-11-19 17:28:17,287 - __main__ - INFO - Initializing database A3...
2024-11-19 17:28:17,288 - __main__ - INFO - Successfully initialized db_grid/A3/database.db
2024-11-19 17:28:17,288 - __main__ - INFO - Registering migration for database A3
2024-11-19 17:28:17,288 - konomi.utils.schema_manager - ERROR - Invalid SQL statement: CREATE TABLE IF NOT EXISTS interpreter_states ( id INTEGER PRIMARY KEY, state_type TEXT NOT NULL, context_data TEXT, parent_state_id INTEGER, created_at TIMESTAMP DEFAULT CURRENT_TIMESTAMP, FOREIGN KEY (parent_state_id) REFERENCES interpreter_states(id) );;
Error: You can only execute one statement at a time.
2024-11-19 17:28:17,288 - konomi.utils.schema_manager - ERROR - Invalid SQL statement: CREATE TABLE IF NOT EXISTS interpreter_states ( id INTEGER PRIMARY KEY, state_type TEXT NOT NULL, context_data TEXT, parent_state_id INTEGER, created_at TIMESTAMP DEFAULT CURRENT_TIMESTAMP, FOREIGN KEY (parent_state_id) REFERENCES interpreter_states(id) );;
Error: You can only execute one statement at a time.
2024-11-19 17:28:17,288 - konomi.utils.schema_manager - ERROR - Failed to register migration for db_grid/A3/database.db: Invalid SQL script
2024-11-19 17:28:17,288 - konomi.utils.schema_manager - ERROR - Failed to register migration for db_grid/A3/database.db: Invalid SQL script
2024-11-19 17:28:17,288 - __main__ - ERROR - Failed to register migration for database A3
2024-11-19 17:28:17,288 - __main__ - INFO - Initializing database A4...
2024-11-19 17:28:17,289 - __main__ - INFO - Successfully initialized db_grid/A4/database.db
2024-11-19 17:28:17,289 - __main__ - INFO - Registering migration for database A4
2024-11-19 17:28:17,289 - konomi.utils.schema_manager - ERROR - Invalid SQL statement: CREATE TABLE IF NOT EXISTS symbols ( id INTEGER PRIMARY KEY, name TEXT NOT NULL, type TEXT NOT NULL, scope_id INTEGER, value TEXT, created_at TIMESTAMP DEFAULT CURRENT_TIMESTAMP );;
Error: You can only execute one statement at a time.
2024-11-19 17:28:17,289 - konomi.utils.schema_manager - ERROR - Invalid SQL statement: CREATE TABLE IF NOT EXISTS symbols ( id INTEGER PRIMARY KEY, name TEXT NOT NULL, type TEXT NOT NULL, scope_id INTEGER, value TEXT, created_at TIMESTAMP DEFAULT CURRENT_TIMESTAMP );;
Error: You can only execute one statement at a time.
2024-11-19 17:28:17,289 - konomi.utils.schema_manager - ERROR - Failed to register migration for db_grid/A4/database.db: Invalid SQL script
2024-11-19 17:28:17,289 - konomi.utils.schema_manager - ERROR - Failed to register migration for db_grid/A4/database.db: Invalid SQL script
2024-11-19 17:28:17,289 - __main__ - ERROR - Failed to register migration for database A4
2024-11-19 17:28:17,289 - __main__ - INFO - Initializing database A5...
2024-11-19 17:28:17,290 - __main__ - INFO - Successfully initialized db_grid/A5/database.db
2024-11-19 17:28:17,290 - __main__ - INFO - Registering migration for database A5
2024-11-19 17:28:17,290 - konomi.utils.schema_manager - ERROR - Invalid SQL statement: CREATE TABLE IF NOT EXISTS types ( id INTEGER PRIMARY KEY, type_name TEXT NOT NULL, parent_type_id INTEGER, properties TEXT, created_at TIMESTAMP DEFAULT CURRENT_TIMESTAMP, FOREIGN KEY (parent_type_id) REFERENCES types(id) );;
Error: You can only execute one statement at a time.
2024-11-19 17:28:17,290 - konomi.utils.schema_manager - ERROR - Invalid SQL statement: CREATE TABLE IF NOT EXISTS types ( id INTEGER PRIMARY KEY, type_name TEXT NOT NULL, parent_type_id INTEGER, properties TEXT, created_at TIMESTAMP DEFAULT CURRENT_TIMESTAMP, FOREIGN KEY (parent_type_id) REFERENCES types(id) );;
Error: You can only execute one statement at a time.
2024-11-19 17:28:17,290 - konomi.utils.schema_manager - ERROR - Failed to register migration for db_grid/A5/database.db: Invalid SQL script
2024-11-19 17:28:17,290 - konomi.utils.schema_manager - ERROR - Failed to register migration for db_grid/A5/database.db: Invalid SQL script
2024-11-19 17:28:17,291 - __main__ - ERROR - Failed to register migration for database A5
2024-11-19 17:28:17,291 - __main__ - INFO - Initializing database B1...
2024-11-19 17:28:17,291 - __main__ - INFO - Successfully initialized db_grid/B1/database.db
2024-11-19 17:28:17,291 - __main__ - INFO - Registering migration for database B1
2024-11-19 17:28:17,291 - konomi.utils.schema_manager - ERROR - Invalid SQL statement: CREATE TABLE IF NOT EXISTS api_calls ( id INTEGER PRIMARY KEY, endpoint TEXT NOT NULL, request_data TEXT, response_data TEXT, tokens_used INTEGER, cost REAL, created_at TIMESTAMP DEFAULT CURRENT_TIMESTAMP );;
Error: You can only execute one statement at a time.
2024-11-19 17:28:17,291 - konomi.utils.schema_manager - ERROR - Invalid SQL statement: CREATE TABLE IF NOT EXISTS api_calls ( id INTEGER PRIMARY KEY, endpoint TEXT NOT NULL, request_data TEXT, response_data TEXT, tokens_used INTEGER, cost REAL, created_at TIMESTAMP DEFAULT CURRENT_TIMESTAMP );;
Error: You can only execute one statement at a time.
2024-11-19 17:28:17,292 - konomi.utils.schema_manager - ERROR - Failed to register migration for db_grid/B1/database.db: Invalid SQL script
2024-11-19 17:28:17,292 - konomi.utils.schema_manager - ERROR - Failed to register migration for db_grid/B1/database.db: Invalid SQL script
2024-11-19 17:28:17,292 - __main__ - ERROR - Failed to register migration for database B1
2024-11-19 17:28:17,292 - __main__ - INFO - Initializing database B2...
2024-11-19 17:28:17,292 - __main__ - INFO - Successfully initialized db_grid/B2/database.db
2024-11-19 17:28:17,292 - __main__ - INFO - Registering migration for database B2
2024-11-19 17:28:17,292 - konomi.utils.schema_manager - ERROR - Invalid SQL statement: CREATE TABLE IF NOT EXISTS model_configs ( id INTEGER PRIMARY KEY, model_name TEXT NOT NULL, parameters TEXT, active BOOLEAN DEFAULT true, created_at TIMESTAMP DEFAULT CURRENT_TIMESTAMP );;
Error: You can only execute one statement at a time.
2024-11-19 17:28:17,292 - konomi.utils.schema_manager - ERROR - Invalid SQL statement: CREATE TABLE IF NOT EXISTS model_configs ( id INTEGER PRIMARY KEY, model_name TEXT NOT NULL, parameters TEXT, active BOOLEAN DEFAULT true, created_at TIMESTAMP DEFAULT CURRENT_TIMESTAMP );;
Error: You can only execute one statement at a time.
2024-11-19 17:28:17,293 - konomi.utils.schema_manager - ERROR - Failed to register migration for db_grid/B2/database.db: Invalid SQL script
2024-11-19 17:28:17,293 - konomi.utils.schema_manager - ERROR - Failed to register migration for db_grid/B2/database.db: Invalid SQL script
2024-11-19 17:28:17,293 - __main__ - ERROR - Failed to register migration for database B2
2024-11-19 17:28:17,293 - __main__ - INFO - Initializing database B3...
2024-11-19 17:28:17,293 - __main__ - INFO - Successfully initialized db_grid/B3/database.db
2024-11-19 17:28:17,293 - __main__ - INFO - Registering migration for database B3
2024-11-19 17:28:17,294 - konomi.utils.schema_manager - ERROR - Invalid SQL statement: CREATE TABLE IF NOT EXISTS prompt_templates ( id INTEGER PRIMARY KEY, name TEXT NOT NULL, template TEXT NOT NULL, variables TEXT, created_at TIMESTAMP DEFAULT CURRENT_TIMESTAMP );;
Error: You can only execute one statement at a time.
2024-11-19 17:28:17,294 - konomi.utils.schema_manager - ERROR - Invalid SQL statement: CREATE TABLE IF NOT EXISTS prompt_templates ( id INTEGER PRIMARY KEY, name TEXT NOT NULL, template TEXT NOT NULL, variables TEXT, created_at TIMESTAMP DEFAULT CURRENT_TIMESTAMP );;
Error: You can only execute one statement at a time.
2024-11-19 17:28:17,294 - konomi.utils.schema_manager - ERROR - Failed to register migration for db_grid/B3/database.db: Invalid SQL script
2024-11-19 17:28:17,294 - konomi.utils.schema_manager - ERROR - Failed to register migration for db_grid/B3/database.db: Invalid SQL script
2024-11-19 17:28:17,294 - __main__ - ERROR - Failed to register migration for database B3
2024-11-19 17:28:17,294 - __main__ - INFO - Initializing database B4...
2024-11-19 17:28:17,295 - __main__ - INFO - Successfully initialized db_grid/B4/database.db
2024-11-19 17:28:17,295 - __main__ - INFO - Registering migration for database B4
2024-11-19 17:28:17,295 - konomi.utils.schema_manager - ERROR - Invalid SQL statement: CREATE TABLE IF NOT EXISTS response_cache ( id INTEGER PRIMARY KEY, prompt_hash TEXT UNIQUE NOT NULL, response TEXT, expires_at TIMESTAMP, created_at TIMESTAMP DEFAULT CURRENT_TIMESTAMP );;
Error: You can only execute one statement at a time.
2024-11-19 17:28:17,295 - konomi.utils.schema_manager - ERROR - Invalid SQL statement: CREATE TABLE IF NOT EXISTS response_cache ( id INTEGER PRIMARY KEY, prompt_hash TEXT UNIQUE NOT NULL, response TEXT, expires_at TIMESTAMP, created_at TIMESTAMP DEFAULT CURRENT_TIMESTAMP );;
Error: You can only execute one statement at a time.
2024-11-19 17:28:17,296 - konomi.utils.schema_manager - ERROR - Failed to register migration for db_grid/B4/database.db: Invalid SQL script
2024-11-19 17:28:17,296 - konomi.utils.schema_manager - ERROR - Failed to register migration for db_grid/B4/database.db: Invalid SQL script
2024-11-19 17:28:17,296 - __main__ - ERROR - Failed to register migration for database B4
2024-11-19 17:28:17,296 - __main__ - INFO - Initializing database B5...
2024-11-19 17:28:17,296 - __main__ - INFO - Successfully initialized db_grid/B5/database.db
2024-11-19 17:28:17,296 - __main__ - INFO - Registering migration for database B5
2024-11-19 17:28:17,297 - konomi.utils.schema_manager - ERROR - Invalid SQL statement: CREATE TABLE IF NOT EXISTS contexts ( id INTEGER PRIMARY KEY, context_type TEXT NOT NULL, content TEXT, max_tokens INTEGER, created_at TIMESTAMP DEFAULT CURRENT_TIMESTAMP );;
Error: You can only execute one statement at a time.
2024-11-19 17:28:17,297 - konomi.utils.schema_manager - ERROR - Invalid SQL statement: CREATE TABLE IF NOT EXISTS contexts ( id INTEGER PRIMARY KEY, context_type TEXT NOT NULL, content TEXT, max_tokens INTEGER, created_at TIMESTAMP DEFAULT CURRENT_TIMESTAMP );;
Error: You can only execute one statement at a time.
2024-11-19 17:28:17,297 - konomi.utils.schema_manager - ERROR - Failed to register migration for db_grid/B5/database.db: Invalid SQL script
2024-11-19 17:28:17,297 - konomi.utils.schema_manager - ERROR - Failed to register migration for db_grid/B5/database.db: Invalid SQL script
2024-11-19 17:28:17,297 - __main__ - ERROR - Failed to register migration for database B5
2024-11-19 17:28:17,297 - __main__ - INFO - Initializing database C1...
2024-11-19 17:28:17,297 - __main__ - INFO - Successfully initialized db_grid/C1/database.db
2024-11-19 17:28:17,297 - __main__ - INFO - Registering migration for database C1
2024-11-19 17:28:17,298 - konomi.utils.schema_manager - ERROR - Invalid SQL statement: CREATE TABLE IF NOT EXISTS commands ( id INTEGER PRIMARY KEY, session_id TEXT NOT NULL, command TEXT NOT NULL, created_at TIMESTAMP DEFAULT CURRENT_TIMESTAMP );;
Error: You can only execute one statement at a time.
2024-11-19 17:28:17,298 - konomi.utils.schema_manager - ERROR - Invalid SQL statement: CREATE TABLE IF NOT EXISTS commands ( id INTEGER PRIMARY KEY, session_id TEXT NOT NULL, command TEXT NOT NULL, created_at TIMESTAMP DEFAULT CURRENT_TIMESTAMP );;
Error: You can only execute one statement at a time.
2024-11-19 17:28:17,298 - konomi.utils.schema_manager - ERROR - Failed to register migration for db_grid/C1/database.db: Invalid SQL script
2024-11-19 17:28:17,298 - konomi.utils.schema_manager - ERROR - Failed to register migration for db_grid/C1/database.db: Invalid SQL script
2024-11-19 17:28:17,298 - __main__ - ERROR - Failed to register migration for database C1
2024-11-19 17:28:17,298 - __main__ - INFO - Initializing database C2...
2024-11-19 17:28:17,298 - __main__ - INFO - Successfully initialized db_grid/C2/database.db
2024-11-19 17:28:17,298 - __main__ - INFO - Registering migration for database C2
2024-11-19 17:28:17,298 - konomi.utils.schema_manager - ERROR - Invalid SQL statement: CREATE TABLE IF NOT EXISTS sessions ( id INTEGER PRIMARY KEY, user_id TEXT, start_time TIMESTAMP DEFAULT CURRENT_TIMESTAMP, last_active TIMESTAMP, status TEXT );;
Error: You can only execute one statement at a time.
2024-11-19 17:28:17,298 - konomi.utils.schema_manager - ERROR - Invalid SQL statement: CREATE TABLE IF NOT EXISTS sessions ( id INTEGER PRIMARY KEY, user_id TEXT, start_time TIMESTAMP DEFAULT CURRENT_TIMESTAMP, last_active TIMESTAMP, status TEXT );;
Error: You can only execute one statement at a time.
2024-11-19 17:28:17,299 - konomi.utils.schema_manager - ERROR - Failed to register migration for db_grid/C2/database.db: Invalid SQL script
2024-11-19 17:28:17,299 - konomi.utils.schema_manager - ERROR - Failed to register migration for db_grid/C2/database.db: Invalid SQL script
2024-11-19 17:28:17,299 - __main__ - ERROR - Failed to register migration for database C2
2024-11-19 17:28:17,299 - __main__ - INFO - Initializing database C3...
2024-11-19 17:28:17,299 - __main__ - INFO - Successfully initialized db_grid/C3/database.db
2024-11-19 17:28:17,299 - __main__ - INFO - Registering migration for database C3
2024-11-19 17:28:17,299 - konomi.utils.schema_manager - ERROR - Invalid SQL statement: CREATE TABLE IF NOT EXISTS completions ( id INTEGER PRIMARY KEY, trigger TEXT NOT NULL, suggestion TEXT NOT NULL, context TEXT, created_at TIMESTAMP DEFAULT CURRENT_TIMESTAMP );;
Error: You can only execute one statement at a time.
2024-11-19 17:28:17,299 - konomi.utils.schema_manager - ERROR - Invalid SQL statement: CREATE TABLE IF NOT EXISTS completions ( id INTEGER PRIMARY KEY, trigger TEXT NOT NULL, suggestion TEXT NOT NULL, context TEXT, created_at TIMESTAMP DEFAULT CURRENT_TIMESTAMP );;
Error: You can only execute one statement at a time.
2024-11-19 17:28:17,300 - konomi.utils.schema_manager - ERROR - Failed to register migration for db_grid/C3/database.db: Invalid SQL script
2024-11-19 17:28:17,300 - konomi.utils.schema_manager - ERROR - Failed to register migration for db_grid/C3/database.db: Invalid SQL script
2024-11-19 17:28:17,300 - __main__ - ERROR - Failed to register migration for database C3
2024-11-19 17:28:17,300 - __main__ - INFO - Initializing database C4...
2024-11-19 17:28:17,300 - __main__ - INFO - Successfully initialized db_grid/C4/database.db
2024-11-19 17:28:17,300 - __main__ - INFO - Registering migration for database C4
2024-11-19 17:28:17,301 - konomi.utils.schema_manager - ERROR - Invalid SQL statement: CREATE TABLE IF NOT EXISTS error_logs ( id INTEGER PRIMARY KEY, error_type TEXT NOT NULL, message TEXT, stack_trace TEXT, created_at TIMESTAMP DEFAULT CURRENT_TIMESTAMP );;
Error: You can only execute one statement at a time.
2024-11-19 17:28:17,301 - konomi.utils.schema_manager - ERROR - Invalid SQL statement: CREATE TABLE IF NOT EXISTS error_logs ( id INTEGER PRIMARY KEY, error_type TEXT NOT NULL, message TEXT, stack_trace TEXT, created_at TIMESTAMP DEFAULT CURRENT_TIMESTAMP );;
Error: You can only execute one statement at a time.
2024-11-19 17:28:17,301 - konomi.utils.schema_manager - ERROR - Failed to register migration for db_grid/C4/database.db: Invalid SQL script
2024-11-19 17:28:17,301 - konomi.utils.schema_manager - ERROR - Failed to register migration for db_grid/C4/database.db: Invalid SQL script
2024-11-19 17:28:17,302 - __main__ - ERROR - Failed to register migration for database C4
2024-11-19 17:28:17,302 - __main__ - INFO - Initializing database C5...
2024-11-19 17:28:17,302 - __main__ - INFO - Successfully initialized db_grid/C5/database.db
2024-11-19 17:28:17,302 - __main__ - INFO - Registering migration for database C5
2024-11-19 17:28:17,303 - konomi.utils.schema_manager - ERROR - Invalid SQL statement: CREATE TABLE IF NOT EXISTS preferences ( id INTEGER PRIMARY KEY, user_id TEXT, setting_key TEXT NOT NULL, setting_value TEXT, created_at TIMESTAMP DEFAULT CURRENT_TIMESTAMP );;
Error: You can only execute one statement at a time.
2024-11-19 17:28:17,303 - konomi.utils.schema_manager - ERROR - Invalid SQL statement: CREATE TABLE IF NOT EXISTS preferences ( id INTEGER PRIMARY KEY, user_id TEXT, setting_key TEXT NOT NULL, setting_value TEXT, created_at TIMESTAMP DEFAULT CURRENT_TIMESTAMP );;
Error: You can only execute one statement at a time.
2024-11-19 17:28:17,303 - konomi.utils.schema_manager - ERROR - Failed to register migration for db_grid/C5/database.db: Invalid SQL script
2024-11-19 17:28:17,303 - konomi.utils.schema_manager - ERROR - Failed to register migration for db_grid/C5/database.db: Invalid SQL script
2024-11-19 17:28:17,303 - __main__ - ERROR - Failed to register migration for database C5
2024-11-19 17:28:17,303 - __main__ - INFO - Initializing database D1...
2024-11-19 17:28:17,303 - __main__ - INFO - Successfully initialized db_grid/D1/database.db
2024-11-19 17:28:17,303 - __main__ - INFO - Registering migration for database D1
2024-11-19 17:28:17,303 - konomi.utils.schema_manager - ERROR - Invalid SQL statement: CREATE TABLE IF NOT EXISTS file_operations ( id INTEGER PRIMARY KEY, operation_type TEXT NOT NULL, file_path TEXT NOT NULL, status TEXT, created_at TIMESTAMP DEFAULT CURRENT_TIMESTAMP );;
Error: You can only execute one statement at a time.
2024-11-19 17:28:17,303 - konomi.utils.schema_manager - ERROR - Invalid SQL statement: CREATE TABLE IF NOT EXISTS file_operations ( id INTEGER PRIMARY KEY, operation_type TEXT NOT NULL, file_path TEXT NOT NULL, status TEXT, created_at TIMESTAMP DEFAULT CURRENT_TIMESTAMP );;
Error: You can only execute one statement at a time.
2024-11-19 17:28:17,304 - konomi.utils.schema_manager - ERROR - Failed to register migration for db_grid/D1/database.db: Invalid SQL script
2024-11-19 17:28:17,304 - konomi.utils.schema_manager - ERROR - Failed to register migration for db_grid/D1/database.db: Invalid SQL script
2024-11-19 17:28:17,304 - __main__ - ERROR - Failed to register migration for database D1
2024-11-19 17:28:17,304 - __main__ - INFO - Initializing database D2...
2024-11-19 17:28:17,304 - __main__ - INFO - Successfully initialized db_grid/D2/database.db
2024-11-19 17:28:17,304 - __main__ - INFO - Registering migration for database D2
2024-11-19 17:28:17,305 - konomi.utils.schema_manager - ERROR - Invalid SQL statement: CREATE TABLE IF NOT EXISTS directory_cache ( id INTEGER PRIMARY KEY, path TEXT NOT NULL, parent_path TEXT, is_directory BOOLEAN, last_modified TIMESTAMP, created_at TIMESTAMP DEFAULT CURRENT_TIMESTAMP );;
Error: You can only execute one statement at a time.
2024-11-19 17:28:17,305 - konomi.utils.schema_manager - ERROR - Invalid SQL statement: CREATE TABLE IF NOT EXISTS directory_cache ( id INTEGER PRIMARY KEY, path TEXT NOT NULL, parent_path TEXT, is_directory BOOLEAN, last_modified TIMESTAMP, created_at TIMESTAMP DEFAULT CURRENT_TIMESTAMP );;
Error: You can only execute one statement at a time.
2024-11-19 17:28:17,305 - konomi.utils.schema_manager - ERROR - Failed to register migration for db_grid/D2/database.db: Invalid SQL script
2024-11-19 17:28:17,305 - konomi.utils.schema_manager - ERROR - Failed to register migration for db_grid/D2/database.db: Invalid SQL script
2024-11-19 17:28:17,305 - __main__ - ERROR - Failed to register migration for database D2
2024-11-19 17:28:17,305 - __main__ - INFO - Initializing database D3...
2024-11-19 17:28:17,305 - __main__ - INFO - Successfully initialized db_grid/D3/database.db
2024-11-19 17:28:17,305 - __main__ - INFO - Registering migration for database D3
2024-11-19 17:28:17,306 - konomi.utils.schema_manager - ERROR - Invalid SQL statement: CREATE TABLE IF NOT EXISTS file_metadata ( id INTEGER PRIMARY KEY, file_path TEXT NOT NULL, size INTEGER, mime_type TEXT, hash TEXT, created_at TIMESTAMP DEFAULT CURRENT_TIMESTAMP );;
Error: You can only execute one statement at a time.
2024-11-19 17:28:17,306 - konomi.utils.schema_manager - ERROR - Invalid SQL statement: CREATE TABLE IF NOT EXISTS file_metadata ( id INTEGER PRIMARY KEY, file_path TEXT NOT NULL, size INTEGER, mime_type TEXT, hash TEXT, created_at TIMESTAMP DEFAULT CURRENT_TIMESTAMP );;
Error: You can only execute one statement at a time.
2024-11-19 17:28:17,306 - konomi.utils.schema_manager - ERROR - Failed to register migration for db_grid/D3/database.db: Invalid SQL script
2024-11-19 17:28:17,306 - konomi.utils.schema_manager - ERROR - Failed to register migration for db_grid/D3/database.db: Invalid SQL script
2024-11-19 17:28:17,306 - __main__ - ERROR - Failed to register migration for database D3
2024-11-19 17:28:17,306 - __main__ - INFO - Initializing database D4...
2024-11-19 17:28:17,306 - __main__ - INFO - Successfully initialized db_grid/D4/database.db
2024-11-19 17:28:17,306 - __main__ - INFO - Registering migration for database D4
2024-11-19 17:28:17,306 - konomi.utils.schema_manager - ERROR - Invalid SQL statement: CREATE TABLE IF NOT EXISTS permissions ( id INTEGER PRIMARY KEY, file_path TEXT NOT NULL, user_id TEXT, access_level TEXT, created_at TIMESTAMP DEFAULT CURRENT_TIMESTAMP );;
Error: You can only execute one statement at a time.
2024-11-19 17:28:17,306 - konomi.utils.schema_manager - ERROR - Invalid SQL statement: CREATE TABLE IF NOT EXISTS permissions ( id INTEGER PRIMARY KEY, file_path TEXT NOT NULL, user_id TEXT, access_level TEXT, created_at TIMESTAMP DEFAULT CURRENT_TIMESTAMP );;
Error: You can only execute one statement at a time.
2024-11-19 17:28:17,307 - konomi.utils.schema_manager - ERROR - Failed to register migration for db_grid/D4/database.db: Invalid SQL script
2024-11-19 17:28:17,307 - konomi.utils.schema_manager - ERROR - Failed to register migration for db_grid/D4/database.db: Invalid SQL script
2024-11-19 17:28:17,307 - __main__ - ERROR - Failed to register migration for database D4
2024-11-19 17:28:17,307 - __main__ - INFO - Initializing database D5...
2024-11-19 17:28:17,307 - __main__ - INFO - Successfully initialized db_grid/D5/database.db
2024-11-19 17:28:17,307 - __main__ - INFO - Registering migration for database D5
2024-11-19 17:28:17,307 - konomi.utils.schema_manager - ERROR - Invalid SQL statement: CREATE TABLE IF NOT EXISTS operation_queue ( id INTEGER PRIMARY KEY, operation_type TEXT NOT NULL, parameters TEXT, priority INTEGER, status TEXT, created_at TIMESTAMP DEFAULT CURRENT_TIMESTAMP );;
Error: You can only execute one statement at a time.
2024-11-19 17:28:17,307 - konomi.utils.schema_manager - ERROR - Invalid SQL statement: CREATE TABLE IF NOT EXISTS operation_queue ( id INTEGER PRIMARY KEY, operation_type TEXT NOT NULL, parameters TEXT, priority INTEGER, status TEXT, created_at TIMESTAMP DEFAULT CURRENT_TIMESTAMP );;
Error: You can only execute one statement at a time.
2024-11-19 17:28:17,308 - konomi.utils.schema_manager - ERROR - Failed to register migration for db_grid/D5/database.db: Invalid SQL script
2024-11-19 17:28:17,308 - konomi.utils.schema_manager - ERROR - Failed to register migration for db_grid/D5/database.db: Invalid SQL script
2024-11-19 17:28:17,308 - __main__ - ERROR - Failed to register migration for database D5
2024-11-19 17:28:17,308 - __main__ - INFO - Initializing database E1...
2024-11-19 17:28:17,308 - __main__ - INFO - Successfully initialized db_grid/E1/database.db
2024-11-19 17:28:17,308 - __main__ - INFO - Registering migration for database E1
2024-11-19 17:28:17,308 - konomi.utils.schema_manager - ERROR - Invalid SQL statement: CREATE TABLE IF NOT EXISTS metrics ( id INTEGER PRIMARY KEY, metric_type TEXT NOT NULL, value REAL, created_at TIMESTAMP DEFAULT CURRENT_TIMESTAMP );;
Error: You can only execute one statement at a time.
2024-11-19 17:28:17,308 - konomi.utils.schema_manager - ERROR - Invalid SQL statement: CREATE TABLE IF NOT EXISTS metrics ( id INTEGER PRIMARY KEY, metric_type TEXT NOT NULL, value REAL, created_at TIMESTAMP DEFAULT CURRENT_TIMESTAMP );;
Error: You can only execute one statement at a time.
2024-11-19 17:28:17,309 - konomi.utils.schema_manager - ERROR - Failed to register migration for db_grid/E1/database.db: Invalid SQL script
2024-11-19 17:28:17,309 - konomi.utils.schema_manager - ERROR - Failed to register migration for db_grid/E1/database.db: Invalid SQL script
2024-11-19 17:28:17,309 - __main__ - ERROR - Failed to register migration for database E1
2024-11-19 17:28:17,309 - __main__ - INFO - Initializing database E2...
2024-11-19 17:28:17,309 - __main__ - INFO - Successfully initialized db_grid/E2/database.db
2024-11-19 17:28:17,309 - __main__ - INFO - Registering migration for database E2
2024-11-19 17:28:17,309 - konomi.utils.schema_manager - ERROR - Invalid SQL statement: CREATE TABLE IF NOT EXISTS user_settings ( id INTEGER PRIMARY KEY, user_id TEXT NOT NULL, setting_key TEXT NOT NULL, setting_value TEXT, created_at TIMESTAMP DEFAULT CURRENT_TIMESTAMP );;
Error: You can only execute one statement at a time.
2024-11-19 17:28:17,309 - konomi.utils.schema_manager - ERROR - Invalid SQL statement: CREATE TABLE IF NOT EXISTS user_settings ( id INTEGER PRIMARY KEY, user_id TEXT NOT NULL, setting_key TEXT NOT NULL, setting_value TEXT, created_at TIMESTAMP DEFAULT CURRENT_TIMESTAMP );;
Error: You can only execute one statement at a time.
2024-11-19 17:28:17,310 - konomi.utils.schema_manager - ERROR - Failed to register migration for db_grid/E2/database.db: Invalid SQL script
2024-11-19 17:28:17,310 - konomi.utils.schema_manager - ERROR - Failed to register migration for db_grid/E2/database.db: Invalid SQL script
2024-11-19 17:28:17,310 - __main__ - ERROR - Failed to register migration for database E2
2024-11-19 17:28:17,310 - __main__ - INFO - Initializing database E3...
2024-11-19 17:28:17,310 - __main__ - INFO - Successfully initialized db_grid/E3/database.db
2024-11-19 17:28:17,310 - __main__ - INFO - Registering migration for database E3
2024-11-19 17:28:17,311 - konomi.utils.schema_manager - ERROR - Invalid SQL statement: CREATE TABLE IF NOT EXISTS system_configs ( id INTEGER PRIMARY KEY, config_key TEXT NOT NULL, config_value TEXT, created_at TIMESTAMP DEFAULT CURRENT_TIMESTAMP );;
Error: You can only execute one statement at a time.
2024-11-19 17:28:17,311 - konomi.utils.schema_manager - ERROR - Invalid SQL statement: CREATE TABLE IF NOT EXISTS system_configs ( id INTEGER PRIMARY KEY, config_key TEXT NOT NULL, config_value TEXT, created_at TIMESTAMP DEFAULT CURRENT_TIMESTAMP );;
Error: You can only execute one statement at a time.
2024-11-19 17:28:17,311 - konomi.utils.schema_manager - ERROR - Failed to register migration for db_grid/E3/database.db: Invalid SQL script
2024-11-19 17:28:17,311 - konomi.utils.schema_manager - ERROR - Failed to register migration for db_grid/E3/database.db: Invalid SQL script
2024-11-19 17:28:17,311 - __main__ - ERROR - Failed to register migration for database E3
2024-11-19 17:28:17,311 - __main__ - INFO - Initializing database E4...
2024-11-19 17:28:17,311 - __main__ - INFO - Successfully initialized db_grid/E4/database.db
2024-11-19 17:28:17,311 - __main__ - INFO - Registering migration for database E4
2024-11-19 17:28:17,312 - konomi.utils.schema_manager - ERROR - Invalid SQL statement: CREATE TABLE IF NOT EXISTS backups ( id INTEGER PRIMARY KEY, backup_path TEXT NOT NULL, size INTEGER, status TEXT, created_at TIMESTAMP DEFAULT CURRENT_TIMESTAMP );;
Error: You can only execute one statement at a time.
2024-11-19 17:28:17,312 - konomi.utils.schema_manager - ERROR - Invalid SQL statement: CREATE TABLE IF NOT EXISTS backups ( id INTEGER PRIMARY KEY, backup_path TEXT NOT NULL, size INTEGER, status TEXT, created_at TIMESTAMP DEFAULT CURRENT_TIMESTAMP );;
Error: You can only execute one statement at a time.
2024-11-19 17:28:17,312 - konomi.utils.schema_manager - ERROR - Failed to register migration for db_grid/E4/database.db: Invalid SQL script
2024-11-19 17:28:17,312 - konomi.utils.schema_manager - ERROR - Failed to register migration for db_grid/E4/database.db: Invalid SQL script
2024-11-19 17:28:17,312 - __main__ - ERROR - Failed to register migration for database E4
2024-11-19 17:28:17,312 - __main__ - INFO - Initializing database E5...
2024-11-19 17:28:17,313 - __main__ - INFO - Successfully initialized db_grid/E5/database.db
2024-11-19 17:28:17,313 - __main__ - INFO - Registering migration for database E5
2024-11-19 17:28:17,313 - konomi.utils.schema_manager - ERROR - Invalid SQL statement: CREATE TABLE IF NOT EXISTS audit_logs ( id INTEGER PRIMARY KEY, event_type TEXT NOT NULL, user_id TEXT, details TEXT, created_at TIMESTAMP DEFAULT CURRENT_TIMESTAMP );;
Error: You can only execute one statement at a time.
2024-11-19 17:28:17,313 - konomi.utils.schema_manager - ERROR - Invalid SQL statement: CREATE TABLE IF NOT EXISTS audit_logs ( id INTEGER PRIMARY KEY, event_type TEXT NOT NULL, user_id TEXT, details TEXT, created_at TIMESTAMP DEFAULT CURRENT_TIMESTAMP );;
Error: You can only execute one statement at a time.
2024-11-19 17:28:17,313 - konomi.utils.schema_manager - ERROR - Failed to register migration for db_grid/E5/database.db: Invalid SQL script
2024-11-19 17:28:17,313 - konomi.utils.schema_manager - ERROR - Failed to register migration for db_grid/E5/database.db: Invalid SQL script
2024-11-19 17:28:17,313 - __main__ - ERROR - Failed to register migration for database E5
2024-11-19 17:28:17,314 - __main__ - WARNING - No schema defined for database F1
2024-11-19 17:28:17,314 - __main__ - WARNING - No schema defined for database F2
2024-11-19 17:28:17,314 - __main__ - WARNING - No schema defined for database F3
2024-11-19 17:28:17,314 - __main__ - WARNING - No schema defined for database F4
2024-11-19 17:28:17,314 - __main__ - WARNING - No schema defined for database F5
2024-11-19 17:28:17,314 - __main__ - WARNING - No schema defined for database G1
2024-11-19 17:28:17,315 - __main__ - WARNING - No schema defined for database G2
2024-11-19 17:28:17,315 - __main__ - WARNING - No schema defined for database G3
2024-11-19 17:28:17,315 - __main__ - WARNING - No schema defined for database G4
2024-11-19 17:28:17,315 - __main__ - WARNING - No schema defined for database G5
2024-11-19 17:29:22,450 - __main__ - INFO - Initializing database A1...
2024-11-19 17:29:22,450 - __main__ - INFO - Successfully initialized db_grid/A1/database.db
2024-11-19 17:29:22,450 - __main__ - INFO - Registering migration for database A1
2024-11-19 17:29:22,487 - konomi.utils.schema_manager - INFO - Registered migration version 1 for db_grid/A1/database.db
2024-11-19 17:29:22,487 - konomi.utils.schema_manager - INFO - Registered migration version 1 for db_grid/A1/database.db
2024-11-19 17:29:22,487 - __main__ - INFO - Applying migration for database A1
2024-11-19 17:29:22,487 - konomi.utils.schema_manager - ERROR - Failed to execute statement: CREATE TABLE IF NOT EXISTS tokens ( id INTEGER PRIMARY KEY, token_type TEXT NOT NULL, pattern TEXT NOT NULL, priority INTEGER NOT NULL, description TEXT, created_at TIMESTAMP DEFAULT CURRENT_TIMESTAMP ) CREATE TABLE IF NOT EXISTS token_matches ( id INTEGER PRIMARY KEY, token_id INTEGER, source_text TEXT NOT NULL, line_number INTEGER, column_number INTEGER, matched_at TIMESTAMP DEFAULT CURRENT_TIMESTAMP, FOREIGN KEY (token_id) REFERENCES tokens(id) )
Error: near "CREATE": syntax error
2024-11-19 17:29:22,487 - konomi.utils.schema_manager - ERROR - Failed to execute statement: CREATE TABLE IF NOT EXISTS tokens ( id INTEGER PRIMARY KEY, token_type TEXT NOT NULL, pattern TEXT NOT NULL, priority INTEGER NOT NULL, description TEXT, created_at TIMESTAMP DEFAULT CURRENT_TIMESTAMP ) CREATE TABLE IF NOT EXISTS token_matches ( id INTEGER PRIMARY KEY, token_id INTEGER, source_text TEXT NOT NULL, line_number INTEGER, column_number INTEGER, matched_at TIMESTAMP DEFAULT CURRENT_TIMESTAMP, FOREIGN KEY (token_id) REFERENCES tokens(id) )
Error: near "CREATE": syntax error
2024-11-19 17:29:22,488 - konomi.utils.schema_manager - ERROR - Failed to apply migration to db_grid/A1/database.db: near "CREATE": syntax error
2024-11-19 17:29:22,488 - konomi.utils.schema_manager - ERROR - Failed to apply migration to db_grid/A1/database.db: near "CREATE": syntax error
2024-11-19 17:29:22,488 - __main__ - ERROR - Failed to apply migration for database A1
2024-11-19 17:29:22,488 - __main__ - INFO - Initializing database A2...
2024-11-19 17:29:22,488 - __main__ - INFO - Successfully initialized db_grid/A2/database.db
2024-11-19 17:29:22,489 - __main__ - INFO - Registering migration for database A2
2024-11-19 17:29:22,519 - konomi.utils.schema_manager - INFO - Registered migration version 1 for db_grid/A2/database.db
2024-11-19 17:29:22,519 - konomi.utils.schema_manager - INFO - Registered migration version 1 for db_grid/A2/database.db
2024-11-19 17:29:22,519 - __main__ - INFO - Applying migration for database A2
2024-11-19 17:29:22,520 - konomi.utils.schema_manager - ERROR - Failed to execute statement: CREATE TABLE IF NOT EXISTS parser_rules ( id INTEGER PRIMARY KEY, rule_name TEXT NOT NULL, production TEXT NOT NULL, precedence INTEGER, created_at TIMESTAMP DEFAULT CURRENT_TIMESTAMP ) CREATE TABLE IF NOT EXISTS ast_nodes ( id INTEGER PRIMARY KEY, node_type TEXT NOT NULL, parent_id INTEGER, source_location TEXT, created_at TIMESTAMP DEFAULT CURRENT_TIMESTAMP, FOREIGN KEY (parent_id) REFERENCES ast_nodes(id) )
Error: near "CREATE": syntax error
2024-11-19 17:29:22,520 - konomi.utils.schema_manager - ERROR - Failed to execute statement: CREATE TABLE IF NOT EXISTS parser_rules ( id INTEGER PRIMARY KEY, rule_name TEXT NOT NULL, production TEXT NOT NULL, precedence INTEGER, created_at TIMESTAMP DEFAULT CURRENT_TIMESTAMP ) CREATE TABLE IF NOT EXISTS ast_nodes ( id INTEGER PRIMARY KEY, node_type TEXT NOT NULL, parent_id INTEGER, source_location TEXT, created_at TIMESTAMP DEFAULT CURRENT_TIMESTAMP, FOREIGN KEY (parent_id) REFERENCES ast_nodes(id) )
Error: near "CREATE": syntax error
2024-11-19 17:29:22,520 - konomi.utils.schema_manager - ERROR - Failed to apply migration to db_grid/A2/database.db: near "CREATE": syntax error
2024-11-19 17:29:22,520 - konomi.utils.schema_manager - ERROR - Failed to apply migration to db_grid/A2/database.db: near "CREATE": syntax error
2024-11-19 17:29:22,520 - __main__ - ERROR - Failed to apply migration for database A2
2024-11-19 17:29:22,521 - __main__ - INFO - Initializing database A3...
2024-11-19 17:29:22,521 - __main__ - INFO - Successfully initialized db_grid/A3/database.db
2024-11-19 17:29:22,521 - __main__ - INFO - Registering migration for database A3
2024-11-19 17:29:22,604 - konomi.utils.schema_manager - INFO - Registered migration version 1 for db_grid/A3/database.db
2024-11-19 17:29:22,604 - konomi.utils.schema_manager - INFO - Registered migration version 1 for db_grid/A3/database.db
2024-11-19 17:29:22,604 - __main__ - INFO - Applying migration for database A3
2024-11-19 17:29:22,633 - konomi.utils.schema_manager - INFO - Applied migration version 1 to db_grid/A3/database.db
2024-11-19 17:29:22,633 - konomi.utils.schema_manager - INFO - Applied migration version 1 to db_grid/A3/database.db
2024-11-19 17:29:22,634 - __main__ - INFO - Successfully applied migration for database A3
2024-11-19 17:29:22,634 - __main__ - INFO - Initializing database A4...
2024-11-19 17:29:22,634 - __main__ - INFO - Successfully initialized db_grid/A4/database.db
2024-11-19 17:29:22,634 - __main__ - INFO - Registering migration for database A4
2024-11-19 17:29:22,662 - konomi.utils.schema_manager - INFO - Registered migration version 1 for db_grid/A4/database.db
2024-11-19 17:29:22,662 - konomi.utils.schema_manager - INFO - Registered migration version 1 for db_grid/A4/database.db
2024-11-19 17:29:22,663 - __main__ - INFO - Applying migration for database A4
2024-11-19 17:29:22,663 - konomi.utils.schema_manager - ERROR - Failed to execute statement: CREATE TABLE IF NOT EXISTS symbols ( id INTEGER PRIMARY KEY, name TEXT NOT NULL, type TEXT NOT NULL, scope_id INTEGER, value TEXT, created_at TIMESTAMP DEFAULT CURRENT_TIMESTAMP ) CREATE TABLE IF NOT EXISTS scopes ( id INTEGER PRIMARY KEY, scope_type TEXT NOT NULL, parent_scope_id INTEGER, created_at TIMESTAMP DEFAULT CURRENT_TIMESTAMP, FOREIGN KEY (parent_scope_id) REFERENCES scopes(id) )
Error: near "CREATE": syntax error
2024-11-19 17:29:22,663 - konomi.utils.schema_manager - ERROR - Failed to execute statement: CREATE TABLE IF NOT EXISTS symbols ( id INTEGER PRIMARY KEY, name TEXT NOT NULL, type TEXT NOT NULL, scope_id INTEGER, value TEXT, created_at TIMESTAMP DEFAULT CURRENT_TIMESTAMP ) CREATE TABLE IF NOT EXISTS scopes ( id INTEGER PRIMARY KEY, scope_type TEXT NOT NULL, parent_scope_id INTEGER, created_at TIMESTAMP DEFAULT CURRENT_TIMESTAMP, FOREIGN KEY (parent_scope_id) REFERENCES scopes(id) )
Error: near "CREATE": syntax error
2024-11-19 17:29:22,663 - konomi.utils.schema_manager - ERROR - Failed to apply migration to db_grid/A4/database.db: near "CREATE": syntax error
2024-11-19 17:29:22,663 - konomi.utils.schema_manager - ERROR - Failed to apply migration to db_grid/A4/database.db: near "CREATE": syntax error
2024-11-19 17:29:22,664 - __main__ - ERROR - Failed to apply migration for database A4
2024-11-19 17:29:22,664 - __main__ - INFO - Initializing database A5...
2024-11-19 17:29:22,664 - __main__ - INFO - Successfully initialized db_grid/A5/database.db
2024-11-19 17:29:22,664 - __main__ - INFO - Registering migration for database A5
2024-11-19 17:29:22,752 - konomi.utils.schema_manager - INFO - Registered migration version 1 for db_grid/A5/database.db
2024-11-19 17:29:22,752 - konomi.utils.schema_manager - INFO - Registered migration version 1 for db_grid/A5/database.db
2024-11-19 17:29:22,753 - __main__ - INFO - Applying migration for database A5
2024-11-19 17:29:22,779 - konomi.utils.schema_manager - INFO - Applied migration version 1 to db_grid/A5/database.db
2024-11-19 17:29:22,779 - konomi.utils.schema_manager - INFO - Applied migration version 1 to db_grid/A5/database.db
2024-11-19 17:29:22,779 - __main__ - INFO - Successfully applied migration for database A5
2024-11-19 17:29:22,779 - __main__ - INFO - Initializing database B1...
2024-11-19 17:29:22,779 - __main__ - INFO - Successfully initialized db_grid/B1/database.db
2024-11-19 17:29:22,779 - __main__ - INFO - Registering migration for database B1
2024-11-19 17:29:22,820 - konomi.utils.schema_manager - INFO - Registered migration version 1 for db_grid/B1/database.db
2024-11-19 17:29:22,820 - konomi.utils.schema_manager - INFO - Registered migration version 1 for db_grid/B1/database.db
2024-11-19 17:29:22,820 - __main__ - INFO - Applying migration for database B1
2024-11-19 17:29:22,857 - konomi.utils.schema_manager - INFO - Applied migration version 1 to db_grid/B1/database.db
2024-11-19 17:29:22,857 - konomi.utils.schema_manager - INFO - Applied migration version 1 to db_grid/B1/database.db
2024-11-19 17:29:22,858 - __main__ - INFO - Successfully applied migration for database B1
2024-11-19 17:29:22,858 - __main__ - INFO - Initializing database B2...
2024-11-19 17:29:22,858 - __main__ - INFO - Successfully initialized db_grid/B2/database.db
2024-11-19 17:29:22,858 - __main__ - INFO - Registering migration for database B2
2024-11-19 17:29:22,912 - konomi.utils.schema_manager - INFO - Registered migration version 1 for db_grid/B2/database.db
2024-11-19 17:29:22,912 - konomi.utils.schema_manager - INFO - Registered migration version 1 for db_grid/B2/database.db
2024-11-19 17:29:22,913 - __main__ - INFO - Applying migration for database B2
2024-11-19 17:29:22,980 - konomi.utils.schema_manager - INFO - Applied migration version 1 to db_grid/B2/database.db
2024-11-19 17:29:22,980 - konomi.utils.schema_manager - INFO - Applied migration version 1 to db_grid/B2/database.db
2024-11-19 17:29:22,981 - __main__ - INFO - Successfully applied migration for database B2
2024-11-19 17:29:22,981 - __main__ - INFO - Initializing database B3...
2024-11-19 17:29:22,981 - __main__ - INFO - Successfully initialized db_grid/B3/database.db
2024-11-19 17:29:22,981 - __main__ - INFO - Registering migration for database B3
2024-11-19 17:29:23,010 - konomi.utils.schema_manager - INFO - Registered migration version 1 for db_grid/B3/database.db
2024-11-19 17:29:23,010 - konomi.utils.schema_manager - INFO - Registered migration version 1 for db_grid/B3/database.db
2024-11-19 17:29:23,010 - __main__ - INFO - Applying migration for database B3
2024-11-19 17:29:23,034 - konomi.utils.schema_manager - INFO - Applied migration version 1 to db_grid/B3/database.db
2024-11-19 17:29:23,034 - konomi.utils.schema_manager - INFO - Applied migration version 1 to db_grid/B3/database.db
2024-11-19 17:29:23,034 - __main__ - INFO - Successfully applied migration for database B3
2024-11-19 17:29:23,034 - __main__ - INFO - Initializing database B4...
2024-11-19 17:29:23,035 - __main__ - INFO - Successfully initialized db_grid/B4/database.db
2024-11-19 17:29:23,035 - __main__ - INFO - Registering migration for database B4
2024-11-19 17:29:23,060 - konomi.utils.schema_manager - INFO - Registered migration version 1 for db_grid/B4/database.db
2024-11-19 17:29:23,060 - konomi.utils.schema_manager - INFO - Registered migration version 1 for db_grid/B4/database.db
2024-11-19 17:29:23,061 - __main__ - INFO - Applying migration for database B4
2024-11-19 17:29:23,099 - konomi.utils.schema_manager - INFO - Applied migration version 1 to db_grid/B4/database.db
2024-11-19 17:29:23,099 - konomi.utils.schema_manager - INFO - Applied migration version 1 to db_grid/B4/database.db
2024-11-19 17:29:23,099 - __main__ - INFO - Successfully applied migration for database B4
2024-11-19 17:29:23,099 - __main__ - INFO - Initializing database B5...
2024-11-19 17:29:23,100 - __main__ - INFO - Successfully initialized db_grid/B5/database.db
2024-11-19 17:29:23,100 - __main__ - INFO - Registering migration for database B5
2024-11-19 17:29:23,131 - konomi.utils.schema_manager - INFO - Registered migration version 1 for db_grid/B5/database.db
2024-11-19 17:29:23,131 - konomi.utils.schema_manager - INFO - Registered migration version 1 for db_grid/B5/database.db
2024-11-19 17:29:23,131 - __main__ - INFO - Applying migration for database B5
2024-11-19 17:29:23,163 - konomi.utils.schema_manager - INFO - Applied migration version 1 to db_grid/B5/database.db
2024-11-19 17:29:23,163 - konomi.utils.schema_manager - INFO - Applied migration version 1 to db_grid/B5/database.db
2024-11-19 17:29:23,163 - __main__ - INFO - Successfully applied migration for database B5
2024-11-19 17:29:23,163 - __main__ - INFO - Initializing database C1...
2024-11-19 17:29:23,164 - __main__ - INFO - Successfully initialized db_grid/C1/database.db
2024-11-19 17:29:23,164 - __main__ - INFO - Registering migration for database C1
2024-11-19 17:29:23,194 - konomi.utils.schema_manager - INFO - Registered migration version 1 for db_grid/C1/database.db
2024-11-19 17:29:23,194 - konomi.utils.schema_manager - INFO - Registered migration version 1 for db_grid/C1/database.db
2024-11-19 17:29:23,194 - __main__ - INFO - Applying migration for database C1
2024-11-19 17:29:23,224 - konomi.utils.schema_manager - INFO - Applied migration version 1 to db_grid/C1/database.db
2024-11-19 17:29:23,224 - konomi.utils.schema_manager - INFO - Applied migration version 1 to db_grid/C1/database.db
2024-11-19 17:29:23,224 - __main__ - INFO - Successfully applied migration for database C1
2024-11-19 17:29:23,224 - __main__ - INFO - Initializing database C2...
2024-11-19 17:29:23,224 - __main__ - INFO - Successfully initialized db_grid/C2/database.db
2024-11-19 17:29:23,225 - __main__ - INFO - Registering migration for database C2
2024-11-19 17:29:23,253 - konomi.utils.schema_manager - INFO - Registered migration version 1 for db_grid/C2/database.db
2024-11-19 17:29:23,253 - konomi.utils.schema_manager - INFO - Registered migration version 1 for db_grid/C2/database.db
2024-11-19 17:29:23,253 - __main__ - INFO - Applying migration for database C2
2024-11-19 17:29:23,284 - konomi.utils.schema_manager - INFO - Applied migration version 1 to db_grid/C2/database.db
2024-11-19 17:29:23,284 - konomi.utils.schema_manager - INFO - Applied migration version 1 to db_grid/C2/database.db
2024-11-19 17:29:23,284 - __main__ - INFO - Successfully applied migration for database C2
2024-11-19 17:29:23,284 - __main__ - INFO - Initializing database C3...
2024-11-19 17:29:23,285 - __main__ - INFO - Successfully initialized db_grid/C3/database.db
2024-11-19 17:29:23,285 - __main__ - INFO - Registering migration for database C3
2024-11-19 17:29:23,318 - konomi.utils.schema_manager - INFO - Registered migration version 1 for db_grid/C3/database.db
2024-11-19 17:29:23,318 - konomi.utils.schema_manager - INFO - Registered migration version 1 for db_grid/C3/database.db
2024-11-19 17:29:23,318 - __main__ - INFO - Applying migration for database C3
2024-11-19 17:29:23,354 - konomi.utils.schema_manager - INFO - Applied migration version 1 to db_grid/C3/database.db
2024-11-19 17:29:23,354 - konomi.utils.schema_manager - INFO - Applied migration version 1 to db_grid/C3/database.db
2024-11-19 17:29:23,354 - __main__ - INFO - Successfully applied migration for database C3
2024-11-19 17:29:23,354 - __main__ - INFO - Initializing database C4...
2024-11-19 17:29:23,355 - __main__ - INFO - Successfully initialized db_grid/C4/database.db
2024-11-19 17:29:23,355 - __main__ - INFO - Registering migration for database C4
2024-11-19 17:29:23,394 - konomi.utils.schema_manager - INFO - Registered migration version 1 for db_grid/C4/database.db
2024-11-19 17:29:23,394 - konomi.utils.schema_manager - INFO - Registered migration version 1 for db_grid/C4/database.db
2024-11-19 17:29:23,394 - __main__ - INFO - Applying migration for database C4
2024-11-19 17:29:23,428 - konomi.utils.schema_manager - INFO - Applied migration version 1 to db_grid/C4/database.db
2024-11-19 17:29:23,428 - konomi.utils.schema_manager - INFO - Applied migration version 1 to db_grid/C4/database.db
2024-11-19 17:29:23,428 - __main__ - INFO - Successfully applied migration for database C4
2024-11-19 17:29:23,428 - __main__ - INFO - Initializing database C5...
2024-11-19 17:29:23,429 - __main__ - INFO - Successfully initialized db_grid/C5/database.db
2024-11-19 17:29:23,429 - __main__ - INFO - Registering migration for database C5
2024-11-19 17:29:23,477 - konomi.utils.schema_manager - INFO - Registered migration version 1 for db_grid/C5/database.db
2024-11-19 17:29:23,477 - konomi.utils.schema_manager - INFO - Registered migration version 1 for db_grid/C5/database.db
2024-11-19 17:29:23,477 - __main__ - INFO - Applying migration for database C5
2024-11-19 17:29:23,514 - konomi.utils.schema_manager - INFO - Applied migration version 1 to db_grid/C5/database.db
2024-11-19 17:29:23,514 - konomi.utils.schema_manager - INFO - Applied migration version 1 to db_grid/C5/database.db
2024-11-19 17:29:23,514 - __main__ - INFO - Successfully applied migration for database C5
2024-11-19 17:29:23,515 - __main__ - INFO - Initializing database D1...
2024-11-19 17:29:23,515 - __main__ - INFO - Successfully initialized db_grid/D1/database.db
2024-11-19 17:29:23,515 - __main__ - INFO - Registering migration for database D1
2024-11-19 17:29:23,550 - konomi.utils.schema_manager - INFO - Registered migration version 1 for db_grid/D1/database.db
2024-11-19 17:29:23,550 - konomi.utils.schema_manager - INFO - Registered migration version 1 for db_grid/D1/database.db
2024-11-19 17:29:23,550 - __main__ - INFO - Applying migration for database D1
2024-11-19 17:29:23,598 - konomi.utils.schema_manager - INFO - Applied migration version 1 to db_grid/D1/database.db
2024-11-19 17:29:23,598 - konomi.utils.schema_manager - INFO - Applied migration version 1 to db_grid/D1/database.db
2024-11-19 17:29:23,598 - __main__ - INFO - Successfully applied migration for database D1
2024-11-19 17:29:23,598 - __main__ - INFO - Initializing database D2...
2024-11-19 17:29:23,599 - __main__ - INFO - Successfully initialized db_grid/D2/database.db
2024-11-19 17:29:23,599 - __main__ - INFO - Registering migration for database D2
2024-11-19 17:29:23,658 - konomi.utils.schema_manager - INFO - Registered migration version 1 for db_grid/D2/database.db
2024-11-19 17:29:23,658 - konomi.utils.schema_manager - INFO - Registered migration version 1 for db_grid/D2/database.db
2024-11-19 17:29:23,658 - __main__ - INFO - Applying migration for database D2
2024-11-19 17:29:23,691 - konomi.utils.schema_manager - INFO - Applied migration version 1 to db_grid/D2/database.db
2024-11-19 17:29:23,691 - konomi.utils.schema_manager - INFO - Applied migration version 1 to db_grid/D2/database.db
2024-11-19 17:29:23,691 - __main__ - INFO - Successfully applied migration for database D2
2024-11-19 17:29:23,691 - __main__ - INFO - Initializing database D3...
2024-11-19 17:29:23,692 - __main__ - INFO - Successfully initialized db_grid/D3/database.db
2024-11-19 17:29:23,692 - __main__ - INFO - Registering migration for database D3
2024-11-19 17:29:23,719 - konomi.utils.schema_manager - INFO - Registered migration version 1 for db_grid/D3/database.db
2024-11-19 17:29:23,719 - konomi.utils.schema_manager - INFO - Registered migration version 1 for db_grid/D3/database.db
2024-11-19 17:29:23,720 - __main__ - INFO - Applying migration for database D3
2024-11-19 17:29:23,787 - konomi.utils.schema_manager - INFO - Applied migration version 1 to db_grid/D3/database.db
2024-11-19 17:29:23,787 - konomi.utils.schema_manager - INFO - Applied migration version 1 to db_grid/D3/database.db
2024-11-19 17:29:23,787 - __main__ - INFO - Successfully applied migration for database D3
2024-11-19 17:29:23,788 - __main__ - INFO - Initializing database D4...
2024-11-19 17:29:23,788 - __main__ - INFO - Successfully initialized db_grid/D4/database.db
2024-11-19 17:29:23,788 - __main__ - INFO - Registering migration for database D4
2024-11-19 17:29:23,830 - konomi.utils.schema_manager - INFO - Registered migration version 1 for db_grid/D4/database.db
2024-11-19 17:29:23,830 - konomi.utils.schema_manager - INFO - Registered migration version 1 for db_grid/D4/database.db
2024-11-19 17:29:23,830 - __main__ - INFO - Applying migration for database D4
2024-11-19 17:29:23,863 - konomi.utils.schema_manager - INFO - Applied migration version 1 to db_grid/D4/database.db
2024-11-19 17:29:23,863 - konomi.utils.schema_manager - INFO - Applied migration version 1 to db_grid/D4/database.db
2024-11-19 17:29:23,863 - __main__ - INFO - Successfully applied migration for database D4
2024-11-19 17:29:23,863 - __main__ - INFO - Initializing database D5...
2024-11-19 17:29:23,864 - __main__ - INFO - Successfully initialized db_grid/D5/database.db
2024-11-19 17:29:23,864 - __main__ - INFO - Registering migration for database D5
2024-11-19 17:29:23,889 - konomi.utils.schema_manager - INFO - Registered migration version 1 for db_grid/D5/database.db
2024-11-19 17:29:23,889 - konomi.utils.schema_manager - INFO - Registered migration version 1 for db_grid/D5/database.db
2024-11-19 17:29:23,889 - __main__ - INFO - Applying migration for database D5
2024-11-19 17:29:23,917 - konomi.utils.schema_manager - INFO - Applied migration version 1 to db_grid/D5/database.db
2024-11-19 17:29:23,917 - konomi.utils.schema_manager - INFO - Applied migration version 1 to db_grid/D5/database.db
2024-11-19 17:29:23,918 - __main__ - INFO - Successfully applied migration for database D5
2024-11-19 17:29:23,918 - __main__ - INFO - Initializing database E1...
2024-11-19 17:29:23,918 - __main__ - INFO - Successfully initialized db_grid/E1/database.db
2024-11-19 17:29:23,918 - __main__ - INFO - Registering migration for database E1
2024-11-19 17:29:23,946 - konomi.utils.schema_manager - INFO - Registered migration version 1 for db_grid/E1/database.db
2024-11-19 17:29:23,946 - konomi.utils.schema_manager - INFO - Registered migration version 1 for db_grid/E1/database.db
2024-11-19 17:29:23,947 - __main__ - INFO - Applying migration for database E1
2024-11-19 17:29:23,974 - konomi.utils.schema_manager - INFO - Applied migration version 1 to db_grid/E1/database.db
2024-11-19 17:29:23,974 - konomi.utils.schema_manager - INFO - Applied migration version 1 to db_grid/E1/database.db
2024-11-19 17:29:23,974 - __main__ - INFO - Successfully applied migration for database E1
2024-11-19 17:29:23,974 - __main__ - INFO - Initializing database E2...
2024-11-19 17:29:23,975 - __main__ - INFO - Successfully initialized db_grid/E2/database.db
2024-11-19 17:29:23,975 - __main__ - INFO - Registering migration for database E2
2024-11-19 17:29:23,999 - konomi.utils.schema_manager - INFO - Registered migration version 1 for db_grid/E2/database.db
2024-11-19 17:29:23,999 - konomi.utils.schema_manager - INFO - Registered migration version 1 for db_grid/E2/database.db
2024-11-19 17:29:24,001 - __main__ - INFO - Applying migration for database E2
2024-11-19 17:29:24,026 - konomi.utils.schema_manager - INFO - Applied migration version 1 to db_grid/E2/database.db
2024-11-19 17:29:24,026 - konomi.utils.schema_manager - INFO - Applied migration version 1 to db_grid/E2/database.db
2024-11-19 17:29:24,027 - __main__ - INFO - Successfully applied migration for database E2
2024-11-19 17:29:24,027 - __main__ - INFO - Initializing database E3...
2024-11-19 17:29:24,027 - __main__ - INFO - Successfully initialized db_grid/E3/database.db
2024-11-19 17:29:24,027 - __main__ - INFO - Registering migration for database E3
2024-11-19 17:29:24,053 - konomi.utils.schema_manager - INFO - Registered migration version 1 for db_grid/E3/database.db
2024-11-19 17:29:24,053 - konomi.utils.schema_manager - INFO - Registered migration version 1 for db_grid/E3/database.db
2024-11-19 17:29:24,053 - __main__ - INFO - Applying migration for database E3
2024-11-19 17:29:24,082 - konomi.utils.schema_manager - INFO - Applied migration version 1 to db_grid/E3/database.db
2024-11-19 17:29:24,082 - konomi.utils.schema_manager - INFO - Applied migration version 1 to db_grid/E3/database.db
2024-11-19 17:29:24,082 - __main__ - INFO - Successfully applied migration for database E3
2024-11-19 17:29:24,082 - __main__ - INFO - Initializing database E4...
2024-11-19 17:29:24,083 - __main__ - INFO - Successfully initialized db_grid/E4/database.db
2024-11-19 17:29:24,083 - __main__ - INFO - Registering migration for database E4
2024-11-19 17:29:24,113 - konomi.utils.schema_manager - INFO - Registered migration version 1 for db_grid/E4/database.db
2024-11-19 17:29:24,113 - konomi.utils.schema_manager - INFO - Registered migration version 1 for db_grid/E4/database.db
2024-11-19 17:29:24,113 - __main__ - INFO - Applying migration for database E4
2024-11-19 17:29:24,141 - konomi.utils.schema_manager - INFO - Applied migration version 1 to db_grid/E4/database.db
2024-11-19 17:29:24,141 - konomi.utils.schema_manager - INFO - Applied migration version 1 to db_grid/E4/database.db
2024-11-19 17:29:24,142 - __main__ - INFO - Successfully applied migration for database E4
2024-11-19 17:29:24,142 - __main__ - INFO - Initializing database E5...
2024-11-19 17:29:24,142 - __main__ - INFO - Successfully initialized db_grid/E5/database.db
2024-11-19 17:29:24,142 - __main__ - INFO - Registering migration for database E5
2024-11-19 17:29:24,171 - konomi.utils.schema_manager - INFO - Registered migration version 1 for db_grid/E5/database.db
2024-11-19 17:29:24,171 - konomi.utils.schema_manager - INFO - Registered migration version 1 for db_grid/E5/database.db
2024-11-19 17:29:24,171 - __main__ - INFO - Applying migration for database E5
2024-11-19 17:29:24,205 - konomi.utils.schema_manager - INFO - Applied migration version 1 to db_grid/E5/database.db
2024-11-19 17:29:24,205 - konomi.utils.schema_manager - INFO - Applied migration version 1 to db_grid/E5/database.db
2024-11-19 17:29:24,205 - __main__ - INFO - Successfully applied migration for database E5
2024-11-19 17:29:24,205 - __main__ - WARNING - No schema defined for database F1
2024-11-19 17:29:24,206 - __main__ - WARNING - No schema defined for database F2
2024-11-19 17:29:24,206 - __main__ - WARNING - No schema defined for database F3
2024-11-19 17:29:24,206 - __main__ - WARNING - No schema defined for database F4
2024-11-19 17:29:24,206 - __main__ - WARNING - No schema defined for database F5
2024-11-19 17:29:24,206 - __main__ - WARNING - No schema defined for database G1
2024-11-19 17:29:24,206 - __main__ - WARNING - No schema defined for database G2
2024-11-19 17:29:24,206 - __main__ - WARNING - No schema defined for database G3
2024-11-19 17:29:24,206 - __main__ - WARNING - No schema defined for database G4
2024-11-19 17:29:24,206 - __main__ - WARNING - No schema defined for database G5
2024-11-19 17:30:08,891 - __main__ - INFO - Initializing database A1...
2024-11-19 17:30:08,892 - __main__ - INFO - Successfully initialized db_grid/A1/database.db
2024-11-19 17:30:08,892 - __main__ - INFO - Registering migration for database A1
2024-11-19 17:30:08,924 - konomi.utils.schema_manager - INFO - Registered migration version 1 for db_grid/A1/database.db
2024-11-19 17:30:08,924 - konomi.utils.schema_manager - INFO - Registered migration version 1 for db_grid/A1/database.db
2024-11-19 17:30:08,924 - __main__ - INFO - Applying migration for database A1
2024-11-19 17:30:08,925 - konomi.utils.schema_manager - ERROR - Failed to execute migration script: near "CREATE": syntax error
2024-11-19 17:30:08,925 - konomi.utils.schema_manager - ERROR - Failed to execute migration script: near "CREATE": syntax error
2024-11-19 17:30:08,925 - konomi.utils.schema_manager - ERROR - Failed to apply migration to db_grid/A1/database.db: near "CREATE": syntax error
2024-11-19 17:30:08,925 - konomi.utils.schema_manager - ERROR - Failed to apply migration to db_grid/A1/database.db: near "CREATE": syntax error
2024-11-19 17:30:08,925 - __main__ - ERROR - Failed to apply migration for database A1
2024-11-19 17:30:08,925 - __main__ - INFO - Initializing database A2...
2024-11-19 17:30:08,926 - __main__ - INFO - Successfully initialized db_grid/A2/database.db
2024-11-19 17:30:08,926 - __main__ - INFO - Registering migration for database A2
2024-11-19 17:30:08,954 - konomi.utils.schema_manager - INFO - Registered migration version 1 for db_grid/A2/database.db
2024-11-19 17:30:08,954 - konomi.utils.schema_manager - INFO - Registered migration version 1 for db_grid/A2/database.db
2024-11-19 17:30:08,954 - __main__ - INFO - Applying migration for database A2
2024-11-19 17:30:08,955 - konomi.utils.schema_manager - ERROR - Failed to execute migration script: near "CREATE": syntax error
2024-11-19 17:30:08,955 - konomi.utils.schema_manager - ERROR - Failed to execute migration script: near "CREATE": syntax error
2024-11-19 17:30:08,955 - konomi.utils.schema_manager - ERROR - Failed to apply migration to db_grid/A2/database.db: near "CREATE": syntax error
2024-11-19 17:30:08,955 - konomi.utils.schema_manager - ERROR - Failed to apply migration to db_grid/A2/database.db: near "CREATE": syntax error
2024-11-19 17:30:08,955 - __main__ - ERROR - Failed to apply migration for database A2
2024-11-19 17:30:08,955 - __main__ - INFO - Initializing database A3...
2024-11-19 17:30:08,956 - __main__ - INFO - Successfully initialized db_grid/A3/database.db
2024-11-19 17:30:08,956 - __main__ - INFO - Registering migration for database A3
2024-11-19 17:30:08,980 - konomi.utils.schema_manager - INFO - Registered migration version 1 for db_grid/A3/database.db
2024-11-19 17:30:08,980 - konomi.utils.schema_manager - INFO - Registered migration version 1 for db_grid/A3/database.db
2024-11-19 17:30:08,980 - __main__ - INFO - Applying migration for database A3
2024-11-19 17:30:08,981 - konomi.utils.schema_manager - ERROR - Failed to execute migration script: near "INSERT": syntax error
2024-11-19 17:30:08,981 - konomi.utils.schema_manager - ERROR - Failed to execute migration script: near "INSERT": syntax error
2024-11-19 17:30:08,981 - konomi.utils.schema_manager - ERROR - Failed to apply migration to db_grid/A3/database.db: near "INSERT": syntax error
2024-11-19 17:30:08,981 - konomi.utils.schema_manager - ERROR - Failed to apply migration to db_grid/A3/database.db: near "INSERT": syntax error
2024-11-19 17:30:08,981 - __main__ - ERROR - Failed to apply migration for database A3
2024-11-19 17:30:08,981 - __main__ - INFO - Initializing database A4...
2024-11-19 17:30:08,981 - __main__ - INFO - Successfully initialized db_grid/A4/database.db
2024-11-19 17:30:08,981 - __main__ - INFO - Registering migration for database A4
2024-11-19 17:30:09,008 - konomi.utils.schema_manager - INFO - Registered migration version 1 for db_grid/A4/database.db
2024-11-19 17:30:09,008 - konomi.utils.schema_manager - INFO - Registered migration version 1 for db_grid/A4/database.db
2024-11-19 17:30:09,009 - __main__ - INFO - Applying migration for database A4
2024-11-19 17:30:09,009 - konomi.utils.schema_manager - ERROR - Failed to execute migration script: near "CREATE": syntax error
2024-11-19 17:30:09,009 - konomi.utils.schema_manager - ERROR - Failed to execute migration script: near "CREATE": syntax error
2024-11-19 17:30:09,009 - konomi.utils.schema_manager - ERROR - Failed to apply migration to db_grid/A4/database.db: near "CREATE": syntax error
2024-11-19 17:30:09,009 - konomi.utils.schema_manager - ERROR - Failed to apply migration to db_grid/A4/database.db: near "CREATE": syntax error
2024-11-19 17:30:09,009 - __main__ - ERROR - Failed to apply migration for database A4
2024-11-19 17:30:09,010 - __main__ - INFO - Initializing database A5...
2024-11-19 17:30:09,010 - __main__ - INFO - Successfully initialized db_grid/A5/database.db
2024-11-19 17:30:09,010 - __main__ - INFO - Registering migration for database A5
2024-11-19 17:30:09,031 - konomi.utils.schema_manager - INFO - Registered migration version 1 for db_grid/A5/database.db
2024-11-19 17:30:09,031 - konomi.utils.schema_manager - INFO - Registered migration version 1 for db_grid/A5/database.db
2024-11-19 17:30:09,031 - __main__ - INFO - Applying migration for database A5
2024-11-19 17:30:09,031 - konomi.utils.schema_manager - ERROR - Failed to execute migration script: near "INSERT": syntax error
2024-11-19 17:30:09,031 - konomi.utils.schema_manager - ERROR - Failed to execute migration script: near "INSERT": syntax error
2024-11-19 17:30:09,032 - konomi.utils.schema_manager - ERROR - Failed to apply migration to db_grid/A5/database.db: near "INSERT": syntax error
2024-11-19 17:30:09,032 - konomi.utils.schema_manager - ERROR - Failed to apply migration to db_grid/A5/database.db: near "INSERT": syntax error
2024-11-19 17:30:09,032 - __main__ - ERROR - Failed to apply migration for database A5
2024-11-19 17:30:09,032 - __main__ - INFO - Initializing database B1...
2024-11-19 17:30:09,032 - __main__ - INFO - Successfully initialized db_grid/B1/database.db
2024-11-19 17:30:09,033 - __main__ - INFO - Registering migration for database B1
2024-11-19 17:30:09,060 - konomi.utils.schema_manager - INFO - Registered migration version 1 for db_grid/B1/database.db
2024-11-19 17:30:09,060 - konomi.utils.schema_manager - INFO - Registered migration version 1 for db_grid/B1/database.db
2024-11-19 17:30:09,060 - __main__ - INFO - Applying migration for database B1
2024-11-19 17:30:09,060 - konomi.utils.schema_manager - ERROR - Failed to execute migration script: near "INSERT": syntax error
2024-11-19 17:30:09,060 - konomi.utils.schema_manager - ERROR - Failed to execute migration script: near "INSERT": syntax error
2024-11-19 17:30:09,061 - konomi.utils.schema_manager - ERROR - Failed to apply migration to db_grid/B1/database.db: near "INSERT": syntax error
2024-11-19 17:30:09,061 - konomi.utils.schema_manager - ERROR - Failed to apply migration to db_grid/B1/database.db: near "INSERT": syntax error
2024-11-19 17:30:09,061 - __main__ - ERROR - Failed to apply migration for database B1
2024-11-19 17:30:09,061 - __main__ - INFO - Initializing database B2...
2024-11-19 17:30:09,061 - __main__ - INFO - Successfully initialized db_grid/B2/database.db
2024-11-19 17:30:09,061 - __main__ - INFO - Registering migration for database B2
2024-11-19 17:30:09,086 - konomi.utils.schema_manager - INFO - Registered migration version 1 for db_grid/B2/database.db
2024-11-19 17:30:09,086 - konomi.utils.schema_manager - INFO - Registered migration version 1 for db_grid/B2/database.db
2024-11-19 17:30:09,086 - __main__ - INFO - Applying migration for database B2
2024-11-19 17:30:09,086 - konomi.utils.schema_manager - ERROR - Failed to execute migration script: near "INSERT": syntax error
2024-11-19 17:30:09,086 - konomi.utils.schema_manager - ERROR - Failed to execute migration script: near "INSERT": syntax error
2024-11-19 17:30:09,087 - konomi.utils.schema_manager - ERROR - Failed to apply migration to db_grid/B2/database.db: near "INSERT": syntax error
2024-11-19 17:30:09,087 - konomi.utils.schema_manager - ERROR - Failed to apply migration to db_grid/B2/database.db: near "INSERT": syntax error
2024-11-19 17:30:09,087 - __main__ - ERROR - Failed to apply migration for database B2
2024-11-19 17:30:09,087 - __main__ - INFO - Initializing database B3...
2024-11-19 17:30:09,087 - __main__ - INFO - Successfully initialized db_grid/B3/database.db
2024-11-19 17:30:09,087 - __main__ - INFO - Registering migration for database B3
2024-11-19 17:30:09,113 - konomi.utils.schema_manager - INFO - Registered migration version 1 for db_grid/B3/database.db
2024-11-19 17:30:09,113 - konomi.utils.schema_manager - INFO - Registered migration version 1 for db_grid/B3/database.db
2024-11-19 17:30:09,114 - __main__ - INFO - Applying migration for database B3
2024-11-19 17:30:09,114 - konomi.utils.schema_manager - ERROR - Failed to execute migration script: near "INSERT": syntax error
2024-11-19 17:30:09,114 - konomi.utils.schema_manager - ERROR - Failed to execute migration script: near "INSERT": syntax error
2024-11-19 17:30:09,114 - konomi.utils.schema_manager - ERROR - Failed to apply migration to db_grid/B3/database.db: near "INSERT": syntax error
2024-11-19 17:30:09,114 - konomi.utils.schema_manager - ERROR - Failed to apply migration to db_grid/B3/database.db: near "INSERT": syntax error
2024-11-19 17:30:09,115 - __main__ - ERROR - Failed to apply migration for database B3
2024-11-19 17:30:09,115 - __main__ - INFO - Initializing database B4...
2024-11-19 17:30:09,115 - __main__ - INFO - Successfully initialized db_grid/B4/database.db
2024-11-19 17:30:09,115 - __main__ - INFO - Registering migration for database B4
2024-11-19 17:30:09,139 - konomi.utils.schema_manager - INFO - Registered migration version 1 for db_grid/B4/database.db
2024-11-19 17:30:09,139 - konomi.utils.schema_manager - INFO - Registered migration version 1 for db_grid/B4/database.db
2024-11-19 17:30:09,139 - __main__ - INFO - Applying migration for database B4
2024-11-19 17:30:09,139 - konomi.utils.schema_manager - ERROR - Failed to execute migration script: near "INSERT": syntax error
2024-11-19 17:30:09,139 - konomi.utils.schema_manager - ERROR - Failed to execute migration script: near "INSERT": syntax error
2024-11-19 17:30:09,139 - konomi.utils.schema_manager - ERROR - Failed to apply migration to db_grid/B4/database.db: near "INSERT": syntax error
2024-11-19 17:30:09,139 - konomi.utils.schema_manager - ERROR - Failed to apply migration to db_grid/B4/database.db: near "INSERT": syntax error
2024-11-19 17:30:09,140 - __main__ - ERROR - Failed to apply migration for database B4
2024-11-19 17:30:09,140 - __main__ - INFO - Initializing database B5...
2024-11-19 17:30:09,140 - __main__ - INFO - Successfully initialized db_grid/B5/database.db
2024-11-19 17:30:09,140 - __main__ - INFO - Registering migration for database B5
2024-11-19 17:30:09,166 - konomi.utils.schema_manager - INFO - Registered migration version 1 for db_grid/B5/database.db
2024-11-19 17:30:09,166 - konomi.utils.schema_manager - INFO - Registered migration version 1 for db_grid/B5/database.db
2024-11-19 17:30:09,166 - __main__ - INFO - Applying migration for database B5
2024-11-19 17:30:09,167 - konomi.utils.schema_manager - ERROR - Failed to execute migration script: near "INSERT": syntax error
2024-11-19 17:30:09,167 - konomi.utils.schema_manager - ERROR - Failed to execute migration script: near "INSERT": syntax error
2024-11-19 17:30:09,167 - konomi.utils.schema_manager - ERROR - Failed to apply migration to db_grid/B5/database.db: near "INSERT": syntax error
2024-11-19 17:30:09,167 - konomi.utils.schema_manager - ERROR - Failed to apply migration to db_grid/B5/database.db: near "INSERT": syntax error
2024-11-19 17:30:09,167 - __main__ - ERROR - Failed to apply migration for database B5
2024-11-19 17:30:09,167 - __main__ - INFO - Initializing database C1...
2024-11-19 17:30:09,167 - __main__ - INFO - Successfully initialized db_grid/C1/database.db
2024-11-19 17:30:09,168 - __main__ - INFO - Registering migration for database C1
2024-11-19 17:30:09,194 - konomi.utils.schema_manager - INFO - Registered migration version 1 for db_grid/C1/database.db
2024-11-19 17:30:09,194 - konomi.utils.schema_manager - INFO - Registered migration version 1 for db_grid/C1/database.db
2024-11-19 17:30:09,194 - __main__ - INFO - Applying migration for database C1
2024-11-19 17:30:09,195 - konomi.utils.schema_manager - ERROR - Failed to execute migration script: near "INSERT": syntax error
2024-11-19 17:30:09,195 - konomi.utils.schema_manager - ERROR - Failed to execute migration script: near "INSERT": syntax error
2024-11-19 17:30:09,195 - konomi.utils.schema_manager - ERROR - Failed to apply migration to db_grid/C1/database.db: near "INSERT": syntax error
2024-11-19 17:30:09,195 - konomi.utils.schema_manager - ERROR - Failed to apply migration to db_grid/C1/database.db: near "INSERT": syntax error
2024-11-19 17:30:09,195 - __main__ - ERROR - Failed to apply migration for database C1
2024-11-19 17:30:09,195 - __main__ - INFO - Initializing database C2...
2024-11-19 17:30:09,196 - __main__ - INFO - Successfully initialized db_grid/C2/database.db
2024-11-19 17:30:09,196 - __main__ - INFO - Registering migration for database C2
2024-11-19 17:30:09,221 - konomi.utils.schema_manager - INFO - Registered migration version 1 for db_grid/C2/database.db
2024-11-19 17:30:09,221 - konomi.utils.schema_manager - INFO - Registered migration version 1 for db_grid/C2/database.db
2024-11-19 17:30:09,221 - __main__ - INFO - Applying migration for database C2
2024-11-19 17:30:09,222 - konomi.utils.schema_manager - ERROR - Failed to execute migration script: near "INSERT": syntax error
2024-11-19 17:30:09,222 - konomi.utils.schema_manager - ERROR - Failed to execute migration script: near "INSERT": syntax error
2024-11-19 17:30:09,222 - konomi.utils.schema_manager - ERROR - Failed to apply migration to db_grid/C2/database.db: near "INSERT": syntax error
2024-11-19 17:30:09,222 - konomi.utils.schema_manager - ERROR - Failed to apply migration to db_grid/C2/database.db: near "INSERT": syntax error
2024-11-19 17:30:09,222 - __main__ - ERROR - Failed to apply migration for database C2
2024-11-19 17:30:09,222 - __main__ - INFO - Initializing database C3...
2024-11-19 17:30:09,223 - __main__ - INFO - Successfully initialized db_grid/C3/database.db
2024-11-19 17:30:09,223 - __main__ - INFO - Registering migration for database C3
2024-11-19 17:30:09,248 - konomi.utils.schema_manager - INFO - Registered migration version 1 for db_grid/C3/database.db
2024-11-19 17:30:09,248 - konomi.utils.schema_manager - INFO - Registered migration version 1 for db_grid/C3/database.db
2024-11-19 17:30:09,248 - __main__ - INFO - Applying migration for database C3
2024-11-19 17:30:09,248 - konomi.utils.schema_manager - ERROR - Failed to execute migration script: near "INSERT": syntax error
2024-11-19 17:30:09,248 - konomi.utils.schema_manager - ERROR - Failed to execute migration script: near "INSERT": syntax error
2024-11-19 17:30:09,249 - konomi.utils.schema_manager - ERROR - Failed to apply migration to db_grid/C3/database.db: near "INSERT": syntax error
2024-11-19 17:30:09,249 - konomi.utils.schema_manager - ERROR - Failed to apply migration to db_grid/C3/database.db: near "INSERT": syntax error
2024-11-19 17:30:09,249 - __main__ - ERROR - Failed to apply migration for database C3
2024-11-19 17:30:09,249 - __main__ - INFO - Initializing database C4...
2024-11-19 17:30:09,250 - __main__ - INFO - Successfully initialized db_grid/C4/database.db
2024-11-19 17:30:09,250 - __main__ - INFO - Registering migration for database C4
2024-11-19 17:30:09,274 - konomi.utils.schema_manager - INFO - Registered migration version 1 for db_grid/C4/database.db
2024-11-19 17:30:09,274 - konomi.utils.schema_manager - INFO - Registered migration version 1 for db_grid/C4/database.db
2024-11-19 17:30:09,275 - __main__ - INFO - Applying migration for database C4
2024-11-19 17:30:09,276 - konomi.utils.schema_manager - ERROR - Failed to execute migration script: near "INSERT": syntax error
2024-11-19 17:30:09,276 - konomi.utils.schema_manager - ERROR - Failed to execute migration script: near "INSERT": syntax error
2024-11-19 17:30:09,276 - konomi.utils.schema_manager - ERROR - Failed to apply migration to db_grid/C4/database.db: near "INSERT": syntax error
2024-11-19 17:30:09,276 - konomi.utils.schema_manager - ERROR - Failed to apply migration to db_grid/C4/database.db: near "INSERT": syntax error
2024-11-19 17:30:09,276 - __main__ - ERROR - Failed to apply migration for database C4
2024-11-19 17:30:09,276 - __main__ - INFO - Initializing database C5...
2024-11-19 17:30:09,277 - __main__ - INFO - Successfully initialized db_grid/C5/database.db
2024-11-19 17:30:09,277 - __main__ - INFO - Registering migration for database C5
2024-11-19 17:30:09,302 - konomi.utils.schema_manager - INFO - Registered migration version 1 for db_grid/C5/database.db
2024-11-19 17:30:09,302 - konomi.utils.schema_manager - INFO - Registered migration version 1 for db_grid/C5/database.db
2024-11-19 17:30:09,302 - __main__ - INFO - Applying migration for database C5
2024-11-19 17:30:09,303 - konomi.utils.schema_manager - ERROR - Failed to execute migration script: near "INSERT": syntax error
2024-11-19 17:30:09,303 - konomi.utils.schema_manager - ERROR - Failed to execute migration script: near "INSERT": syntax error
2024-11-19 17:30:09,303 - konomi.utils.schema_manager - ERROR - Failed to apply migration to db_grid/C5/database.db: near "INSERT": syntax error
2024-11-19 17:30:09,303 - konomi.utils.schema_manager - ERROR - Failed to apply migration to db_grid/C5/database.db: near "INSERT": syntax error
2024-11-19 17:30:09,303 - __main__ - ERROR - Failed to apply migration for database C5
2024-11-19 17:30:09,303 - __main__ - INFO - Initializing database D1...
2024-11-19 17:30:09,304 - __main__ - INFO - Successfully initialized db_grid/D1/database.db
2024-11-19 17:30:09,304 - __main__ - INFO - Registering migration for database D1
2024-11-19 17:30:09,328 - konomi.utils.schema_manager - INFO - Registered migration version 1 for db_grid/D1/database.db
2024-11-19 17:30:09,328 - konomi.utils.schema_manager - INFO - Registered migration version 1 for db_grid/D1/database.db
2024-11-19 17:30:09,328 - __main__ - INFO - Applying migration for database D1
2024-11-19 17:30:09,329 - konomi.utils.schema_manager - ERROR - Failed to execute migration script: near "INSERT": syntax error
2024-11-19 17:30:09,329 - konomi.utils.schema_manager - ERROR - Failed to execute migration script: near "INSERT": syntax error
2024-11-19 17:30:09,329 - konomi.utils.schema_manager - ERROR - Failed to apply migration to db_grid/D1/database.db: near "INSERT": syntax error
2024-11-19 17:30:09,329 - konomi.utils.schema_manager - ERROR - Failed to apply migration to db_grid/D1/database.db: near "INSERT": syntax error
2024-11-19 17:30:09,329 - __main__ - ERROR - Failed to apply migration for database D1
2024-11-19 17:30:09,329 - __main__ - INFO - Initializing database D2...
2024-11-19 17:30:09,330 - __main__ - INFO - Successfully initialized db_grid/D2/database.db
2024-11-19 17:30:09,330 - __main__ - INFO - Registering migration for database D2
2024-11-19 17:30:09,358 - konomi.utils.schema_manager - INFO - Registered migration version 1 for db_grid/D2/database.db
2024-11-19 17:30:09,358 - konomi.utils.schema_manager - INFO - Registered migration version 1 for db_grid/D2/database.db
2024-11-19 17:30:09,359 - __main__ - INFO - Applying migration for database D2
2024-11-19 17:30:09,359 - konomi.utils.schema_manager - ERROR - Failed to execute migration script: near "INSERT": syntax error
2024-11-19 17:30:09,359 - konomi.utils.schema_manager - ERROR - Failed to execute migration script: near "INSERT": syntax error
2024-11-19 17:30:09,359 - konomi.utils.schema_manager - ERROR - Failed to apply migration to db_grid/D2/database.db: near "INSERT": syntax error
2024-11-19 17:30:09,359 - konomi.utils.schema_manager - ERROR - Failed to apply migration to db_grid/D2/database.db: near "INSERT": syntax error
2024-11-19 17:30:09,360 - __main__ - ERROR - Failed to apply migration for database D2
2024-11-19 17:30:09,360 - __main__ - INFO - Initializing database D3...
2024-11-19 17:30:09,360 - __main__ - INFO - Successfully initialized db_grid/D3/database.db
2024-11-19 17:30:09,360 - __main__ - INFO - Registering migration for database D3
2024-11-19 17:30:09,387 - konomi.utils.schema_manager - INFO - Registered migration version 1 for db_grid/D3/database.db
2024-11-19 17:30:09,387 - konomi.utils.schema_manager - INFO - Registered migration version 1 for db_grid/D3/database.db
2024-11-19 17:30:09,388 - __main__ - INFO - Applying migration for database D3
2024-11-19 17:30:09,388 - konomi.utils.schema_manager - ERROR - Failed to execute migration script: near "INSERT": syntax error
2024-11-19 17:30:09,388 - konomi.utils.schema_manager - ERROR - Failed to execute migration script: near "INSERT": syntax error
2024-11-19 17:30:09,388 - konomi.utils.schema_manager - ERROR - Failed to apply migration to db_grid/D3/database.db: near "INSERT": syntax error
2024-11-19 17:30:09,388 - konomi.utils.schema_manager - ERROR - Failed to apply migration to db_grid/D3/database.db: near "INSERT": syntax error
2024-11-19 17:30:09,389 - __main__ - ERROR - Failed to apply migration for database D3
2024-11-19 17:30:09,389 - __main__ - INFO - Initializing database D4...
2024-11-19 17:30:09,389 - __main__ - INFO - Successfully initialized db_grid/D4/database.db
2024-11-19 17:30:09,389 - __main__ - INFO - Registering migration for database D4
2024-11-19 17:30:09,418 - konomi.utils.schema_manager - INFO - Registered migration version 1 for db_grid/D4/database.db
2024-11-19 17:30:09,418 - konomi.utils.schema_manager - INFO - Registered migration version 1 for db_grid/D4/database.db
2024-11-19 17:30:09,419 - __main__ - INFO - Applying migration for database D4
2024-11-19 17:30:09,419 - konomi.utils.schema_manager - ERROR - Failed to execute migration script: near "INSERT": syntax error
2024-11-19 17:30:09,419 - konomi.utils.schema_manager - ERROR - Failed to execute migration script: near "INSERT": syntax error
2024-11-19 17:30:09,419 - konomi.utils.schema_manager - ERROR - Failed to apply migration to db_grid/D4/database.db: near "INSERT": syntax error
2024-11-19 17:30:09,419 - konomi.utils.schema_manager - ERROR - Failed to apply migration to db_grid/D4/database.db: near "INSERT": syntax error
2024-11-19 17:30:09,419 - __main__ - ERROR - Failed to apply migration for database D4
2024-11-19 17:30:09,419 - __main__ - INFO - Initializing database D5...
2024-11-19 17:30:09,420 - __main__ - INFO - Successfully initialized db_grid/D5/database.db
2024-11-19 17:30:09,420 - __main__ - INFO - Registering migration for database D5
2024-11-19 17:30:09,442 - konomi.utils.schema_manager - INFO - Registered migration version 1 for db_grid/D5/database.db
2024-11-19 17:30:09,442 - konomi.utils.schema_manager - INFO - Registered migration version 1 for db_grid/D5/database.db
2024-11-19 17:30:09,443 - __main__ - INFO - Applying migration for database D5
2024-11-19 17:30:09,443 - konomi.utils.schema_manager - ERROR - Failed to execute migration script: near "INSERT": syntax error
2024-11-19 17:30:09,443 - konomi.utils.schema_manager - ERROR - Failed to execute migration script: near "INSERT": syntax error
2024-11-19 17:30:09,443 - konomi.utils.schema_manager - ERROR - Failed to apply migration to db_grid/D5/database.db: near "INSERT": syntax error
2024-11-19 17:30:09,443 - konomi.utils.schema_manager - ERROR - Failed to apply migration to db_grid/D5/database.db: near "INSERT": syntax error
2024-11-19 17:30:09,444 - __main__ - ERROR - Failed to apply migration for database D5
2024-11-19 17:30:09,444 - __main__ - INFO - Initializing database E1...
2024-11-19 17:30:09,444 - __main__ - INFO - Successfully initialized db_grid/E1/database.db
2024-11-19 17:30:09,444 - __main__ - INFO - Registering migration for database E1
2024-11-19 17:30:09,470 - konomi.utils.schema_manager - INFO - Registered migration version 1 for db_grid/E1/database.db
2024-11-19 17:30:09,470 - konomi.utils.schema_manager - INFO - Registered migration version 1 for db_grid/E1/database.db
2024-11-19 17:30:09,471 - __main__ - INFO - Applying migration for database E1
2024-11-19 17:30:09,471 - konomi.utils.schema_manager - ERROR - Failed to execute migration script: near "INSERT": syntax error
2024-11-19 17:30:09,471 - konomi.utils.schema_manager - ERROR - Failed to execute migration script: near "INSERT": syntax error
2024-11-19 17:30:09,471 - konomi.utils.schema_manager - ERROR - Failed to apply migration to db_grid/E1/database.db: near "INSERT": syntax error
2024-11-19 17:30:09,471 - konomi.utils.schema_manager - ERROR - Failed to apply migration to db_grid/E1/database.db: near "INSERT": syntax error
2024-11-19 17:30:09,471 - __main__ - ERROR - Failed to apply migration for database E1
2024-11-19 17:30:09,472 - __main__ - INFO - Initializing database E2...
2024-11-19 17:30:09,472 - __main__ - INFO - Successfully initialized db_grid/E2/database.db
2024-11-19 17:30:09,472 - __main__ - INFO - Registering migration for database E2
2024-11-19 17:30:09,498 - konomi.utils.schema_manager - INFO - Registered migration version 1 for db_grid/E2/database.db
2024-11-19 17:30:09,498 - konomi.utils.schema_manager - INFO - Registered migration version 1 for db_grid/E2/database.db
2024-11-19 17:30:09,498 - __main__ - INFO - Applying migration for database E2
2024-11-19 17:30:09,498 - konomi.utils.schema_manager - ERROR - Failed to execute migration script: near "INSERT": syntax error
2024-11-19 17:30:09,498 - konomi.utils.schema_manager - ERROR - Failed to execute migration script: near "INSERT": syntax error
2024-11-19 17:30:09,499 - konomi.utils.schema_manager - ERROR - Failed to apply migration to db_grid/E2/database.db: near "INSERT": syntax error
2024-11-19 17:30:09,499 - konomi.utils.schema_manager - ERROR - Failed to apply migration to db_grid/E2/database.db: near "INSERT": syntax error
2024-11-19 17:30:09,499 - __main__ - ERROR - Failed to apply migration for database E2
2024-11-19 17:30:09,499 - __main__ - INFO - Initializing database E3...
2024-11-19 17:30:09,499 - __main__ - INFO - Successfully initialized db_grid/E3/database.db
2024-11-19 17:30:09,500 - __main__ - INFO - Registering migration for database E3
2024-11-19 17:30:09,533 - konomi.utils.schema_manager - INFO - Registered migration version 1 for db_grid/E3/database.db
2024-11-19 17:30:09,533 - konomi.utils.schema_manager - INFO - Registered migration version 1 for db_grid/E3/database.db
2024-11-19 17:30:09,533 - __main__ - INFO - Applying migration for database E3
2024-11-19 17:30:09,533 - konomi.utils.schema_manager - ERROR - Failed to execute migration script: near "INSERT": syntax error
2024-11-19 17:30:09,533 - konomi.utils.schema_manager - ERROR - Failed to execute migration script: near "INSERT": syntax error
2024-11-19 17:30:09,534 - konomi.utils.schema_manager - ERROR - Failed to apply migration to db_grid/E3/database.db: near "INSERT": syntax error
2024-11-19 17:30:09,534 - konomi.utils.schema_manager - ERROR - Failed to apply migration to db_grid/E3/database.db: near "INSERT": syntax error
2024-11-19 17:30:09,534 - __main__ - ERROR - Failed to apply migration for database E3
2024-11-19 17:30:09,534 - __main__ - INFO - Initializing database E4...
2024-11-19 17:30:09,534 - __main__ - INFO - Successfully initialized db_grid/E4/database.db
2024-11-19 17:30:09,534 - __main__ - INFO - Registering migration for database E4
2024-11-19 17:30:09,559 - konomi.utils.schema_manager - INFO - Registered migration version 1 for db_grid/E4/database.db
2024-11-19 17:30:09,559 - konomi.utils.schema_manager - INFO - Registered migration version 1 for db_grid/E4/database.db
2024-11-19 17:30:09,560 - __main__ - INFO - Applying migration for database E4
2024-11-19 17:30:09,560 - konomi.utils.schema_manager - ERROR - Failed to execute migration script: near "INSERT": syntax error
2024-11-19 17:30:09,560 - konomi.utils.schema_manager - ERROR - Failed to execute migration script: near "INSERT": syntax error
2024-11-19 17:30:09,560 - konomi.utils.schema_manager - ERROR - Failed to apply migration to db_grid/E4/database.db: near "INSERT": syntax error
2024-11-19 17:30:09,560 - konomi.utils.schema_manager - ERROR - Failed to apply migration to db_grid/E4/database.db: near "INSERT": syntax error
2024-11-19 17:30:09,560 - __main__ - ERROR - Failed to apply migration for database E4
2024-11-19 17:30:09,561 - __main__ - INFO - Initializing database E5...
2024-11-19 17:30:09,561 - __main__ - INFO - Successfully initialized db_grid/E5/database.db
2024-11-19 17:30:09,561 - __main__ - INFO - Registering migration for database E5
2024-11-19 17:30:09,585 - konomi.utils.schema_manager - INFO - Registered migration version 1 for db_grid/E5/database.db
2024-11-19 17:30:09,585 - konomi.utils.schema_manager - INFO - Registered migration version 1 for db_grid/E5/database.db
2024-11-19 17:30:09,585 - __main__ - INFO - Applying migration for database E5
2024-11-19 17:30:09,585 - konomi.utils.schema_manager - ERROR - Failed to execute migration script: near "INSERT": syntax error
2024-11-19 17:30:09,585 - konomi.utils.schema_manager - ERROR - Failed to execute migration script: near "INSERT": syntax error
2024-11-19 17:30:09,586 - konomi.utils.schema_manager - ERROR - Failed to apply migration to db_grid/E5/database.db: near "INSERT": syntax error
2024-11-19 17:30:09,586 - konomi.utils.schema_manager - ERROR - Failed to apply migration to db_grid/E5/database.db: near "INSERT": syntax error
2024-11-19 17:30:09,586 - __main__ - ERROR - Failed to apply migration for database E5
2024-11-19 17:30:09,586 - __main__ - WARNING - No schema defined for database F1
2024-11-19 17:30:09,586 - __main__ - WARNING - No schema defined for database F2
2024-11-19 17:30:09,586 - __main__ - WARNING - No schema defined for database F3
2024-11-19 17:30:09,586 - __main__ - WARNING - No schema defined for database F4
2024-11-19 17:30:09,586 - __main__ - WARNING - No schema defined for database F5
2024-11-19 17:30:09,586 - __main__ - WARNING - No schema defined for database G1
2024-11-19 17:30:09,586 - __main__ - WARNING - No schema defined for database G2
2024-11-19 17:30:09,587 - __main__ - WARNING - No schema defined for database G3
2024-11-19 17:30:09,587 - __main__ - WARNING - No schema defined for database G4
2024-11-19 17:30:09,587 - __main__ - WARNING - No schema defined for database G5
2024-11-19 17:31:00,707 - __main__ - INFO - Initializing database A1...
2024-11-19 17:31:00,708 - __main__ - INFO - Successfully initialized db_grid/A1/database.db
2024-11-19 17:31:00,708 - __main__ - INFO - Registering migration for database A1
2024-11-19 17:31:00,708 - konomi.utils.schema_manager - ERROR - Unexpected error during SQL validation: cannot rollback - no transaction is active
2024-11-19 17:31:00,708 - konomi.utils.schema_manager - ERROR - Unexpected error during SQL validation: cannot rollback - no transaction is active
2024-11-19 17:31:00,709 - konomi.utils.schema_manager - ERROR - Failed to register migration for db_grid/A1/database.db: Invalid SQL script
2024-11-19 17:31:00,709 - konomi.utils.schema_manager - ERROR - Failed to register migration for db_grid/A1/database.db: Invalid SQL script
2024-11-19 17:31:00,709 - __main__ - ERROR - Failed to register migration for database A1
2024-11-19 17:31:00,709 - __main__ - INFO - Initializing database A2...
2024-11-19 17:31:00,709 - __main__ - INFO - Successfully initialized db_grid/A2/database.db
2024-11-19 17:31:00,709 - __main__ - INFO - Registering migration for database A2
2024-11-19 17:31:00,710 - konomi.utils.schema_manager - ERROR - Unexpected error during SQL validation: cannot rollback - no transaction is active
2024-11-19 17:31:00,710 - konomi.utils.schema_manager - ERROR - Unexpected error during SQL validation: cannot rollback - no transaction is active
2024-11-19 17:31:00,710 - konomi.utils.schema_manager - ERROR - Failed to register migration for db_grid/A2/database.db: Invalid SQL script
2024-11-19 17:31:00,710 - konomi.utils.schema_manager - ERROR - Failed to register migration for db_grid/A2/database.db: Invalid SQL script
2024-11-19 17:31:00,710 - __main__ - ERROR - Failed to register migration for database A2
2024-11-19 17:31:00,710 - __main__ - INFO - Initializing database A3...
2024-11-19 17:31:00,711 - __main__ - INFO - Successfully initialized db_grid/A3/database.db
2024-11-19 17:31:00,711 - __main__ - INFO - Registering migration for database A3
2024-11-19 17:31:00,711 - konomi.utils.schema_manager - ERROR - Unexpected error during SQL validation: cannot rollback - no transaction is active
2024-11-19 17:31:00,711 - konomi.utils.schema_manager - ERROR - Unexpected error during SQL validation: cannot rollback - no transaction is active
2024-11-19 17:31:00,711 - konomi.utils.schema_manager - ERROR - Failed to register migration for db_grid/A3/database.db: Invalid SQL script
2024-11-19 17:31:00,711 - konomi.utils.schema_manager - ERROR - Failed to register migration for db_grid/A3/database.db: Invalid SQL script
2024-11-19 17:31:00,711 - __main__ - ERROR - Failed to register migration for database A3
2024-11-19 17:31:00,711 - __main__ - INFO - Initializing database A4...
2024-11-19 17:31:00,712 - __main__ - INFO - Successfully initialized db_grid/A4/database.db
2024-11-19 17:31:00,712 - __main__ - INFO - Registering migration for database A4
2024-11-19 17:31:00,712 - konomi.utils.schema_manager - ERROR - Unexpected error during SQL validation: cannot rollback - no transaction is active
2024-11-19 17:31:00,712 - konomi.utils.schema_manager - ERROR - Unexpected error during SQL validation: cannot rollback - no transaction is active
2024-11-19 17:31:00,713 - konomi.utils.schema_manager - ERROR - Failed to register migration for db_grid/A4/database.db: Invalid SQL script
2024-11-19 17:31:00,713 - konomi.utils.schema_manager - ERROR - Failed to register migration for db_grid/A4/database.db: Invalid SQL script
2024-11-19 17:31:00,713 - __main__ - ERROR - Failed to register migration for database A4
2024-11-19 17:31:00,713 - __main__ - INFO - Initializing database A5...
2024-11-19 17:31:00,713 - __main__ - INFO - Successfully initialized db_grid/A5/database.db
2024-11-19 17:31:00,713 - __main__ - INFO - Registering migration for database A5
2024-11-19 17:31:00,714 - konomi.utils.schema_manager - ERROR - Unexpected error during SQL validation: cannot rollback - no transaction is active
2024-11-19 17:31:00,714 - konomi.utils.schema_manager - ERROR - Unexpected error during SQL validation: cannot rollback - no transaction is active
2024-11-19 17:31:00,714 - konomi.utils.schema_manager - ERROR - Failed to register migration for db_grid/A5/database.db: Invalid SQL script
2024-11-19 17:31:00,714 - konomi.utils.schema_manager - ERROR - Failed to register migration for db_grid/A5/database.db: Invalid SQL script
2024-11-19 17:31:00,714 - __main__ - ERROR - Failed to register migration for database A5
2024-11-19 17:31:00,714 - __main__ - INFO - Initializing database B1...
2024-11-19 17:31:00,715 - __main__ - INFO - Successfully initialized db_grid/B1/database.db
2024-11-19 17:31:00,715 - __main__ - INFO - Registering migration for database B1
2024-11-19 17:31:00,715 - konomi.utils.schema_manager - ERROR - Unexpected error during SQL validation: cannot rollback - no transaction is active
2024-11-19 17:31:00,715 - konomi.utils.schema_manager - ERROR - Unexpected error during SQL validation: cannot rollback - no transaction is active
2024-11-19 17:31:00,715 - konomi.utils.schema_manager - ERROR - Failed to register migration for db_grid/B1/database.db: Invalid SQL script
2024-11-19 17:31:00,715 - konomi.utils.schema_manager - ERROR - Failed to register migration for db_grid/B1/database.db: Invalid SQL script
2024-11-19 17:31:00,715 - __main__ - ERROR - Failed to register migration for database B1
2024-11-19 17:31:00,715 - __main__ - INFO - Initializing database B2...
2024-11-19 17:31:00,716 - __main__ - INFO - Successfully initialized db_grid/B2/database.db
2024-11-19 17:31:00,716 - __main__ - INFO - Registering migration for database B2
2024-11-19 17:31:00,716 - konomi.utils.schema_manager - ERROR - Unexpected error during SQL validation: cannot rollback - no transaction is active
2024-11-19 17:31:00,716 - konomi.utils.schema_manager - ERROR - Unexpected error during SQL validation: cannot rollback - no transaction is active
2024-11-19 17:31:00,716 - konomi.utils.schema_manager - ERROR - Failed to register migration for db_grid/B2/database.db: Invalid SQL script
2024-11-19 17:31:00,716 - konomi.utils.schema_manager - ERROR - Failed to register migration for db_grid/B2/database.db: Invalid SQL script
2024-11-19 17:31:00,716 - __main__ - ERROR - Failed to register migration for database B2
2024-11-19 17:31:00,717 - __main__ - INFO - Initializing database B3...
2024-11-19 17:31:00,717 - __main__ - INFO - Successfully initialized db_grid/B3/database.db
2024-11-19 17:31:00,717 - __main__ - INFO - Registering migration for database B3
2024-11-19 17:31:00,717 - konomi.utils.schema_manager - ERROR - Unexpected error during SQL validation: cannot rollback - no transaction is active
2024-11-19 17:31:00,717 - konomi.utils.schema_manager - ERROR - Unexpected error during SQL validation: cannot rollback - no transaction is active
2024-11-19 17:31:00,717 - konomi.utils.schema_manager - ERROR - Failed to register migration for db_grid/B3/database.db: Invalid SQL script
2024-11-19 17:31:00,717 - konomi.utils.schema_manager - ERROR - Failed to register migration for db_grid/B3/database.db: Invalid SQL script
2024-11-19 17:31:00,718 - __main__ - ERROR - Failed to register migration for database B3
2024-11-19 17:31:00,718 - __main__ - INFO - Initializing database B4...
2024-11-19 17:31:00,718 - __main__ - INFO - Successfully initialized db_grid/B4/database.db
2024-11-19 17:31:00,718 - __main__ - INFO - Registering migration for database B4
2024-11-19 17:31:00,718 - konomi.utils.schema_manager - ERROR - Unexpected error during SQL validation: cannot rollback - no transaction is active
2024-11-19 17:31:00,718 - konomi.utils.schema_manager - ERROR - Unexpected error during SQL validation: cannot rollback - no transaction is active
2024-11-19 17:31:00,719 - konomi.utils.schema_manager - ERROR - Failed to register migration for db_grid/B4/database.db: Invalid SQL script
2024-11-19 17:31:00,719 - konomi.utils.schema_manager - ERROR - Failed to register migration for db_grid/B4/database.db: Invalid SQL script
2024-11-19 17:31:00,719 - __main__ - ERROR - Failed to register migration for database B4
2024-11-19 17:31:00,719 - __main__ - INFO - Initializing database B5...
2024-11-19 17:31:00,719 - __main__ - INFO - Successfully initialized db_grid/B5/database.db
2024-11-19 17:31:00,720 - __main__ - INFO - Registering migration for database B5
2024-11-19 17:31:00,720 - konomi.utils.schema_manager - ERROR - Unexpected error during SQL validation: cannot rollback - no transaction is active
2024-11-19 17:31:00,720 - konomi.utils.schema_manager - ERROR - Unexpected error during SQL validation: cannot rollback - no transaction is active
2024-11-19 17:31:00,720 - konomi.utils.schema_manager - ERROR - Failed to register migration for db_grid/B5/database.db: Invalid SQL script
2024-11-19 17:31:00,720 - konomi.utils.schema_manager - ERROR - Failed to register migration for db_grid/B5/database.db: Invalid SQL script
2024-11-19 17:31:00,720 - __main__ - ERROR - Failed to register migration for database B5
2024-11-19 17:31:00,720 - __main__ - INFO - Initializing database C1...
2024-11-19 17:31:00,721 - __main__ - INFO - Successfully initialized db_grid/C1/database.db
2024-11-19 17:31:00,721 - __main__ - INFO - Registering migration for database C1
2024-11-19 17:31:00,721 - konomi.utils.schema_manager - ERROR - Unexpected error during SQL validation: cannot rollback - no transaction is active
2024-11-19 17:31:00,721 - konomi.utils.schema_manager - ERROR - Unexpected error during SQL validation: cannot rollback - no transaction is active
2024-11-19 17:31:00,721 - konomi.utils.schema_manager - ERROR - Failed to register migration for db_grid/C1/database.db: Invalid SQL script
2024-11-19 17:31:00,721 - konomi.utils.schema_manager - ERROR - Failed to register migration for db_grid/C1/database.db: Invalid SQL script
2024-11-19 17:31:00,721 - __main__ - ERROR - Failed to register migration for database C1
2024-11-19 17:31:00,721 - __main__ - INFO - Initializing database C2...
2024-11-19 17:31:00,722 - __main__ - INFO - Successfully initialized db_grid/C2/database.db
2024-11-19 17:31:00,722 - __main__ - INFO - Registering migration for database C2
2024-11-19 17:31:00,722 - konomi.utils.schema_manager - ERROR - Unexpected error during SQL validation: cannot rollback - no transaction is active
2024-11-19 17:31:00,722 - konomi.utils.schema_manager - ERROR - Unexpected error during SQL validation: cannot rollback - no transaction is active
2024-11-19 17:31:00,722 - konomi.utils.schema_manager - ERROR - Failed to register migration for db_grid/C2/database.db: Invalid SQL script
2024-11-19 17:31:00,722 - konomi.utils.schema_manager - ERROR - Failed to register migration for db_grid/C2/database.db: Invalid SQL script
2024-11-19 17:31:00,723 - __main__ - ERROR - Failed to register migration for database C2
2024-11-19 17:31:00,723 - __main__ - INFO - Initializing database C3...
2024-11-19 17:31:00,723 - __main__ - INFO - Successfully initialized db_grid/C3/database.db
2024-11-19 17:31:00,723 - __main__ - INFO - Registering migration for database C3
2024-11-19 17:31:00,724 - konomi.utils.schema_manager - ERROR - Unexpected error during SQL validation: cannot rollback - no transaction is active
2024-11-19 17:31:00,724 - konomi.utils.schema_manager - ERROR - Unexpected error during SQL validation: cannot rollback - no transaction is active
2024-11-19 17:31:00,724 - konomi.utils.schema_manager - ERROR - Failed to register migration for db_grid/C3/database.db: Invalid SQL script
2024-11-19 17:31:00,724 - konomi.utils.schema_manager - ERROR - Failed to register migration for db_grid/C3/database.db: Invalid SQL script
2024-11-19 17:31:00,724 - __main__ - ERROR - Failed to register migration for database C3
2024-11-19 17:31:00,724 - __main__ - INFO - Initializing database C4...
2024-11-19 17:31:00,725 - __main__ - INFO - Successfully initialized db_grid/C4/database.db
2024-11-19 17:31:00,725 - __main__ - INFO - Registering migration for database C4
2024-11-19 17:31:00,725 - konomi.utils.schema_manager - ERROR - Unexpected error during SQL validation: cannot rollback - no transaction is active
2024-11-19 17:31:00,725 - konomi.utils.schema_manager - ERROR - Unexpected error during SQL validation: cannot rollback - no transaction is active
2024-11-19 17:31:00,725 - konomi.utils.schema_manager - ERROR - Failed to register migration for db_grid/C4/database.db: Invalid SQL script
2024-11-19 17:31:00,725 - konomi.utils.schema_manager - ERROR - Failed to register migration for db_grid/C4/database.db: Invalid SQL script
2024-11-19 17:31:00,725 - __main__ - ERROR - Failed to register migration for database C4
2024-11-19 17:31:00,725 - __main__ - INFO - Initializing database C5...
2024-11-19 17:31:00,726 - __main__ - INFO - Successfully initialized db_grid/C5/database.db
2024-11-19 17:31:00,726 - __main__ - INFO - Registering migration for database C5
2024-11-19 17:31:00,726 - konomi.utils.schema_manager - ERROR - Unexpected error during SQL validation: cannot rollback - no transaction is active
2024-11-19 17:31:00,726 - konomi.utils.schema_manager - ERROR - Unexpected error during SQL validation: cannot rollback - no transaction is active
2024-11-19 17:31:00,727 - konomi.utils.schema_manager - ERROR - Failed to register migration for db_grid/C5/database.db: Invalid SQL script
2024-11-19 17:31:00,727 - konomi.utils.schema_manager - ERROR - Failed to register migration for db_grid/C5/database.db: Invalid SQL script
2024-11-19 17:31:00,727 - __main__ - ERROR - Failed to register migration for database C5
2024-11-19 17:31:00,727 - __main__ - INFO - Initializing database D1...
2024-11-19 17:31:00,727 - __main__ - INFO - Successfully initialized db_grid/D1/database.db
2024-11-19 17:31:00,727 - __main__ - INFO - Registering migration for database D1
2024-11-19 17:31:00,728 - konomi.utils.schema_manager - ERROR - Unexpected error during SQL validation: cannot rollback - no transaction is active
2024-11-19 17:31:00,728 - konomi.utils.schema_manager - ERROR - Unexpected error during SQL validation: cannot rollback - no transaction is active
2024-11-19 17:31:00,728 - konomi.utils.schema_manager - ERROR - Failed to register migration for db_grid/D1/database.db: Invalid SQL script
2024-11-19 17:31:00,728 - konomi.utils.schema_manager - ERROR - Failed to register migration for db_grid/D1/database.db: Invalid SQL script
2024-11-19 17:31:00,728 - __main__ - ERROR - Failed to register migration for database D1
2024-11-19 17:31:00,728 - __main__ - INFO - Initializing database D2...
2024-11-19 17:31:00,729 - __main__ - INFO - Successfully initialized db_grid/D2/database.db
2024-11-19 17:31:00,729 - __main__ - INFO - Registering migration for database D2
2024-11-19 17:31:00,729 - konomi.utils.schema_manager - ERROR - Unexpected error during SQL validation: cannot rollback - no transaction is active
2024-11-19 17:31:00,729 - konomi.utils.schema_manager - ERROR - Unexpected error during SQL validation: cannot rollback - no transaction is active
2024-11-19 17:31:00,729 - konomi.utils.schema_manager - ERROR - Failed to register migration for db_grid/D2/database.db: Invalid SQL script
2024-11-19 17:31:00,729 - konomi.utils.schema_manager - ERROR - Failed to register migration for db_grid/D2/database.db: Invalid SQL script
2024-11-19 17:31:00,729 - __main__ - ERROR - Failed to register migration for database D2
2024-11-19 17:31:00,729 - __main__ - INFO - Initializing database D3...
2024-11-19 17:31:00,730 - __main__ - INFO - Successfully initialized db_grid/D3/database.db
2024-11-19 17:31:00,730 - __main__ - INFO - Registering migration for database D3
2024-11-19 17:31:00,730 - konomi.utils.schema_manager - ERROR - Unexpected error during SQL validation: cannot rollback - no transaction is active
2024-11-19 17:31:00,730 - konomi.utils.schema_manager - ERROR - Unexpected error during SQL validation: cannot rollback - no transaction is active
2024-11-19 17:31:00,730 - konomi.utils.schema_manager - ERROR - Failed to register migration for db_grid/D3/database.db: Invalid SQL script
2024-11-19 17:31:00,730 - konomi.utils.schema_manager - ERROR - Failed to register migration for db_grid/D3/database.db: Invalid SQL script
2024-11-19 17:31:00,731 - __main__ - ERROR - Failed to register migration for database D3
2024-11-19 17:31:00,731 - __main__ - INFO - Initializing database D4...
2024-11-19 17:31:00,731 - __main__ - INFO - Successfully initialized db_grid/D4/database.db
2024-11-19 17:31:00,731 - __main__ - INFO - Registering migration for database D4
2024-11-19 17:31:00,731 - konomi.utils.schema_manager - ERROR - Unexpected error during SQL validation: cannot rollback - no transaction is active
2024-11-19 17:31:00,731 - konomi.utils.schema_manager - ERROR - Unexpected error during SQL validation: cannot rollback - no transaction is active
2024-11-19 17:31:00,732 - konomi.utils.schema_manager - ERROR - Failed to register migration for db_grid/D4/database.db: Invalid SQL script
2024-11-19 17:31:00,732 - konomi.utils.schema_manager - ERROR - Failed to register migration for db_grid/D4/database.db: Invalid SQL script
2024-11-19 17:31:00,732 - __main__ - ERROR - Failed to register migration for database D4
2024-11-19 17:31:00,732 - __main__ - INFO - Initializing database D5...
2024-11-19 17:31:00,732 - __main__ - INFO - Successfully initialized db_grid/D5/database.db
2024-11-19 17:31:00,732 - __main__ - INFO - Registering migration for database D5
2024-11-19 17:31:00,733 - konomi.utils.schema_manager - ERROR - Unexpected error during SQL validation: cannot rollback - no transaction is active
2024-11-19 17:31:00,733 - konomi.utils.schema_manager - ERROR - Unexpected error during SQL validation: cannot rollback - no transaction is active
2024-11-19 17:31:00,733 - konomi.utils.schema_manager - ERROR - Failed to register migration for db_grid/D5/database.db: Invalid SQL script
2024-11-19 17:31:00,733 - konomi.utils.schema_manager - ERROR - Failed to register migration for db_grid/D5/database.db: Invalid SQL script
2024-11-19 17:31:00,733 - __main__ - ERROR - Failed to register migration for database D5
2024-11-19 17:31:00,733 - __main__ - INFO - Initializing database E1...
2024-11-19 17:31:00,733 - __main__ - INFO - Successfully initialized db_grid/E1/database.db
2024-11-19 17:31:00,734 - __main__ - INFO - Registering migration for database E1
2024-11-19 17:31:00,734 - konomi.utils.schema_manager - ERROR - Unexpected error during SQL validation: cannot rollback - no transaction is active
2024-11-19 17:31:00,734 - konomi.utils.schema_manager - ERROR - Unexpected error during SQL validation: cannot rollback - no transaction is active
2024-11-19 17:31:00,734 - konomi.utils.schema_manager - ERROR - Failed to register migration for db_grid/E1/database.db: Invalid SQL script
2024-11-19 17:31:00,734 - konomi.utils.schema_manager - ERROR - Failed to register migration for db_grid/E1/database.db: Invalid SQL script
2024-11-19 17:31:00,734 - __main__ - ERROR - Failed to register migration for database E1
2024-11-19 17:31:00,734 - __main__ - INFO - Initializing database E2...
2024-11-19 17:31:00,735 - __main__ - INFO - Successfully initialized db_grid/E2/database.db
2024-11-19 17:31:00,735 - __main__ - INFO - Registering migration for database E2
2024-11-19 17:31:00,735 - konomi.utils.schema_manager - ERROR - Unexpected error during SQL validation: cannot rollback - no transaction is active
2024-11-19 17:31:00,735 - konomi.utils.schema_manager - ERROR - Unexpected error during SQL validation: cannot rollback - no transaction is active
2024-11-19 17:31:00,735 - konomi.utils.schema_manager - ERROR - Failed to register migration for db_grid/E2/database.db: Invalid SQL script
2024-11-19 17:31:00,735 - konomi.utils.schema_manager - ERROR - Failed to register migration for db_grid/E2/database.db: Invalid SQL script
2024-11-19 17:31:00,735 - __main__ - ERROR - Failed to register migration for database E2
2024-11-19 17:31:00,735 - __main__ - INFO - Initializing database E3...
2024-11-19 17:31:00,736 - __main__ - INFO - Successfully initialized db_grid/E3/database.db
2024-11-19 17:31:00,736 - __main__ - INFO - Registering migration for database E3
2024-11-19 17:31:00,736 - konomi.utils.schema_manager - ERROR - Unexpected error during SQL validation: cannot rollback - no transaction is active
2024-11-19 17:31:00,736 - konomi.utils.schema_manager - ERROR - Unexpected error during SQL validation: cannot rollback - no transaction is active
2024-11-19 17:31:00,736 - konomi.utils.schema_manager - ERROR - Failed to register migration for db_grid/E3/database.db: Invalid SQL script
2024-11-19 17:31:00,736 - konomi.utils.schema_manager - ERROR - Failed to register migration for db_grid/E3/database.db: Invalid SQL script
2024-11-19 17:31:00,736 - __main__ - ERROR - Failed to register migration for database E3
2024-11-19 17:31:00,737 - __main__ - INFO - Initializing database E4...
2024-11-19 17:31:00,737 - __main__ - INFO - Successfully initialized db_grid/E4/database.db
2024-11-19 17:31:00,737 - __main__ - INFO - Registering migration for database E4
2024-11-19 17:31:00,737 - konomi.utils.schema_manager - ERROR - Unexpected error during SQL validation: cannot rollback - no transaction is active
2024-11-19 17:31:00,737 - konomi.utils.schema_manager - ERROR - Unexpected error during SQL validation: cannot rollback - no transaction is active
2024-11-19 17:31:00,737 - konomi.utils.schema_manager - ERROR - Failed to register migration for db_grid/E4/database.db: Invalid SQL script
2024-11-19 17:31:00,737 - konomi.utils.schema_manager - ERROR - Failed to register migration for db_grid/E4/database.db: Invalid SQL script
2024-11-19 17:31:00,738 - __main__ - ERROR - Failed to register migration for database E4
2024-11-19 17:31:00,738 - __main__ - INFO - Initializing database E5...
2024-11-19 17:31:00,738 - __main__ - INFO - Successfully initialized db_grid/E5/database.db
2024-11-19 17:31:00,738 - __main__ - INFO - Registering migration for database E5
2024-11-19 17:31:00,738 - konomi.utils.schema_manager - ERROR - Unexpected error during SQL validation: cannot rollback - no transaction is active
2024-11-19 17:31:00,738 - konomi.utils.schema_manager - ERROR - Unexpected error during SQL validation: cannot rollback - no transaction is active
2024-11-19 17:31:00,738 - konomi.utils.schema_manager - ERROR - Failed to register migration for db_grid/E5/database.db: Invalid SQL script
2024-11-19 17:31:00,738 - konomi.utils.schema_manager - ERROR - Failed to register migration for db_grid/E5/database.db: Invalid SQL script
2024-11-19 17:31:00,739 - __main__ - ERROR - Failed to register migration for database E5
2024-11-19 17:31:00,739 - __main__ - WARNING - No schema defined for database F1
2024-11-19 17:31:00,739 - __main__ - WARNING - No schema defined for database F2
2024-11-19 17:31:00,739 - __main__ - WARNING - No schema defined for database F3
2024-11-19 17:31:00,739 - __main__ - WARNING - No schema defined for database F4
2024-11-19 17:31:00,739 - __main__ - WARNING - No schema defined for database F5
2024-11-19 17:31:00,739 - __main__ - WARNING - No schema defined for database G1
2024-11-19 17:31:00,740 - __main__ - WARNING - No schema defined for database G2
2024-11-19 17:31:00,740 - __main__ - WARNING - No schema defined for database G3
2024-11-19 17:31:00,740 - __main__ - WARNING - No schema defined for database G4
2024-11-19 17:31:00,740 - __main__ - WARNING - No schema defined for database G5
2024-11-19 18:00:12,416 - __main__ - INFO - Initializing database A1...
2024-11-19 18:00:12,453 - __main__ - INFO - Successfully initialized db_grid/A1/database.db
2024-11-19 18:00:12,454 - __main__ - INFO - Registering migration for database A1
2024-11-19 18:00:12,457 - konomi.utils.schema_manager - ERROR - Unexpected error during SQL validation: cannot rollback - no transaction is active
2024-11-19 18:00:12,457 - konomi.utils.schema_manager - ERROR - Unexpected error during SQL validation: cannot rollback - no transaction is active
2024-11-19 18:00:12,459 - konomi.utils.schema_manager - ERROR - Failed to register migration for db_grid/A1/database.db: Invalid SQL script
2024-11-19 18:00:12,459 - konomi.utils.schema_manager - ERROR - Failed to register migration for db_grid/A1/database.db: Invalid SQL script
2024-11-19 18:00:12,459 - __main__ - ERROR - Failed to register migration for database A1
2024-11-19 18:00:12,459 - __main__ - INFO - Initializing database A2...
2024-11-19 18:00:12,472 - __main__ - INFO - Successfully initialized db_grid/A2/database.db
2024-11-19 18:00:12,473 - __main__ - INFO - Registering migration for database A2
2024-11-19 18:00:12,473 - konomi.utils.schema_manager - ERROR - Unexpected error during SQL validation: cannot rollback - no transaction is active
2024-11-19 18:00:12,473 - konomi.utils.schema_manager - ERROR - Unexpected error during SQL validation: cannot rollback - no transaction is active
2024-11-19 18:00:12,473 - konomi.utils.schema_manager - ERROR - Failed to register migration for db_grid/A2/database.db: Invalid SQL script
2024-11-19 18:00:12,473 - konomi.utils.schema_manager - ERROR - Failed to register migration for db_grid/A2/database.db: Invalid SQL script
2024-11-19 18:00:12,473 - __main__ - ERROR - Failed to register migration for database A2
2024-11-19 18:00:12,474 - __main__ - INFO - Initializing database A3...
2024-11-19 18:00:12,475 - __main__ - INFO - Successfully initialized db_grid/A3/database.db
2024-11-19 18:00:12,476 - __main__ - INFO - Registering migration for database A3
2024-11-19 18:00:12,476 - konomi.utils.schema_manager - ERROR - Unexpected error during SQL validation: cannot rollback - no transaction is active
2024-11-19 18:00:12,476 - konomi.utils.schema_manager - ERROR - Unexpected error during SQL validation: cannot rollback - no transaction is active
2024-11-19 18:00:12,477 - konomi.utils.schema_manager - ERROR - Failed to register migration for db_grid/A3/database.db: Invalid SQL script
2024-11-19 18:00:12,477 - konomi.utils.schema_manager - ERROR - Failed to register migration for db_grid/A3/database.db: Invalid SQL script
2024-11-19 18:00:12,477 - __main__ - ERROR - Failed to register migration for database A3
2024-11-19 18:00:12,477 - __main__ - INFO - Initializing database A4...
2024-11-19 18:00:12,480 - __main__ - INFO - Successfully initialized db_grid/A4/database.db
2024-11-19 18:00:12,480 - __main__ - INFO - Registering migration for database A4
2024-11-19 18:00:12,481 - konomi.utils.schema_manager - ERROR - Unexpected error during SQL validation: cannot rollback - no transaction is active
2024-11-19 18:00:12,481 - konomi.utils.schema_manager - ERROR - Unexpected error during SQL validation: cannot rollback - no transaction is active
2024-11-19 18:00:12,481 - konomi.utils.schema_manager - ERROR - Failed to register migration for db_grid/A4/database.db: Invalid SQL script
2024-11-19 18:00:12,481 - konomi.utils.schema_manager - ERROR - Failed to register migration for db_grid/A4/database.db: Invalid SQL script
2024-11-19 18:00:12,482 - __main__ - ERROR - Failed to register migration for database A4
2024-11-19 18:00:12,482 - __main__ - INFO - Initializing database A5...
2024-11-19 18:00:12,484 - __main__ - INFO - Successfully initialized db_grid/A5/database.db
2024-11-19 18:00:12,484 - __main__ - INFO - Registering migration for database A5
2024-11-19 18:00:12,484 - konomi.utils.schema_manager - ERROR - Unexpected error during SQL validation: cannot rollback - no transaction is active
2024-11-19 18:00:12,484 - konomi.utils.schema_manager - ERROR - Unexpected error during SQL validation: cannot rollback - no transaction is active
2024-11-19 18:00:12,484 - konomi.utils.schema_manager - ERROR - Failed to register migration for db_grid/A5/database.db: Invalid SQL script
2024-11-19 18:00:12,484 - konomi.utils.schema_manager - ERROR - Failed to register migration for db_grid/A5/database.db: Invalid SQL script
2024-11-19 18:00:12,485 - __main__ - ERROR - Failed to register migration for database A5
2024-11-19 18:00:12,485 - __main__ - INFO - Initializing database B1...
2024-11-19 18:00:12,486 - __main__ - INFO - Successfully initialized db_grid/B1/database.db
2024-11-19 18:00:12,487 - __main__ - INFO - Registering migration for database B1
2024-11-19 18:00:12,487 - konomi.utils.schema_manager - ERROR - Unexpected error during SQL validation: cannot rollback - no transaction is active
2024-11-19 18:00:12,487 - konomi.utils.schema_manager - ERROR - Unexpected error during SQL validation: cannot rollback - no transaction is active
2024-11-19 18:00:12,487 - konomi.utils.schema_manager - ERROR - Failed to register migration for db_grid/B1/database.db: Invalid SQL script
2024-11-19 18:00:12,487 - konomi.utils.schema_manager - ERROR - Failed to register migration for db_grid/B1/database.db: Invalid SQL script
2024-11-19 18:00:12,487 - __main__ - ERROR - Failed to register migration for database B1
2024-11-19 18:00:12,487 - __main__ - INFO - Initializing database B2...
2024-11-19 18:00:12,489 - __main__ - INFO - Successfully initialized db_grid/B2/database.db
2024-11-19 18:00:12,489 - __main__ - INFO - Registering migration for database B2
2024-11-19 18:00:12,489 - konomi.utils.schema_manager - ERROR - Unexpected error during SQL validation: cannot rollback - no transaction is active
2024-11-19 18:00:12,489 - konomi.utils.schema_manager - ERROR - Unexpected error during SQL validation: cannot rollback - no transaction is active
2024-11-19 18:00:12,490 - konomi.utils.schema_manager - ERROR - Failed to register migration for db_grid/B2/database.db: Invalid SQL script
2024-11-19 18:00:12,490 - konomi.utils.schema_manager - ERROR - Failed to register migration for db_grid/B2/database.db: Invalid SQL script
2024-11-19 18:00:12,490 - __main__ - ERROR - Failed to register migration for database B2
2024-11-19 18:00:12,490 - __main__ - INFO - Initializing database B3...
2024-11-19 18:00:12,498 - __main__ - INFO - Successfully initialized db_grid/B3/database.db
2024-11-19 18:00:12,508 - __main__ - INFO - Registering migration for database B3
2024-11-19 18:00:12,508 - konomi.utils.schema_manager - ERROR - Unexpected error during SQL validation: cannot rollback - no transaction is active
2024-11-19 18:00:12,508 - konomi.utils.schema_manager - ERROR - Unexpected error during SQL validation: cannot rollback - no transaction is active
2024-11-19 18:00:12,509 - konomi.utils.schema_manager - ERROR - Failed to register migration for db_grid/B3/database.db: Invalid SQL script
2024-11-19 18:00:12,509 - konomi.utils.schema_manager - ERROR - Failed to register migration for db_grid/B3/database.db: Invalid SQL script
2024-11-19 18:00:12,509 - __main__ - ERROR - Failed to register migration for database B3
2024-11-19 18:00:12,509 - __main__ - INFO - Initializing database B4...
2024-11-19 18:00:12,513 - __main__ - INFO - Successfully initialized db_grid/B4/database.db
2024-11-19 18:00:12,513 - __main__ - INFO - Registering migration for database B4
2024-11-19 18:00:12,514 - konomi.utils.schema_manager - ERROR - Unexpected error during SQL validation: cannot rollback - no transaction is active
2024-11-19 18:00:12,514 - konomi.utils.schema_manager - ERROR - Unexpected error during SQL validation: cannot rollback - no transaction is active
2024-11-19 18:00:12,514 - konomi.utils.schema_manager - ERROR - Failed to register migration for db_grid/B4/database.db: Invalid SQL script
2024-11-19 18:00:12,514 - konomi.utils.schema_manager - ERROR - Failed to register migration for db_grid/B4/database.db: Invalid SQL script
2024-11-19 18:00:12,514 - __main__ - ERROR - Failed to register migration for database B4
2024-11-19 18:00:12,514 - __main__ - INFO - Initializing database B5...
2024-11-19 18:00:12,522 - __main__ - INFO - Successfully initialized db_grid/B5/database.db
2024-11-19 18:00:12,522 - __main__ - INFO - Registering migration for database B5
2024-11-19 18:00:12,522 - konomi.utils.schema_manager - ERROR - Unexpected error during SQL validation: cannot rollback - no transaction is active
2024-11-19 18:00:12,522 - konomi.utils.schema_manager - ERROR - Unexpected error during SQL validation: cannot rollback - no transaction is active
2024-11-19 18:00:12,523 - konomi.utils.schema_manager - ERROR - Failed to register migration for db_grid/B5/database.db: Invalid SQL script
2024-11-19 18:00:12,523 - konomi.utils.schema_manager - ERROR - Failed to register migration for db_grid/B5/database.db: Invalid SQL script
2024-11-19 18:00:12,523 - __main__ - ERROR - Failed to register migration for database B5
2024-11-19 18:00:12,523 - __main__ - INFO - Initializing database C1...
2024-11-19 18:00:12,527 - __main__ - INFO - Successfully initialized db_grid/C1/database.db
2024-11-19 18:00:12,527 - __main__ - INFO - Registering migration for database C1
2024-11-19 18:00:12,528 - konomi.utils.schema_manager - ERROR - Unexpected error during SQL validation: cannot rollback - no transaction is active
2024-11-19 18:00:12,528 - konomi.utils.schema_manager - ERROR - Unexpected error during SQL validation: cannot rollback - no transaction is active
2024-11-19 18:00:12,528 - konomi.utils.schema_manager - ERROR - Failed to register migration for db_grid/C1/database.db: Invalid SQL script
2024-11-19 18:00:12,528 - konomi.utils.schema_manager - ERROR - Failed to register migration for db_grid/C1/database.db: Invalid SQL script
2024-11-19 18:00:12,528 - __main__ - ERROR - Failed to register migration for database C1
2024-11-19 18:00:12,528 - __main__ - INFO - Initializing database C2...
2024-11-19 18:00:12,532 - __main__ - INFO - Successfully initialized db_grid/C2/database.db
2024-11-19 18:00:12,532 - __main__ - INFO - Registering migration for database C2
2024-11-19 18:00:12,532 - konomi.utils.schema_manager - ERROR - Unexpected error during SQL validation: cannot rollback - no transaction is active
2024-11-19 18:00:12,532 - konomi.utils.schema_manager - ERROR - Unexpected error during SQL validation: cannot rollback - no transaction is active
2024-11-19 18:00:12,532 - konomi.utils.schema_manager - ERROR - Failed to register migration for db_grid/C2/database.db: Invalid SQL script
2024-11-19 18:00:12,532 - konomi.utils.schema_manager - ERROR - Failed to register migration for db_grid/C2/database.db: Invalid SQL script
2024-11-19 18:00:12,533 - __main__ - ERROR - Failed to register migration for database C2
2024-11-19 18:00:12,533 - __main__ - INFO - Initializing database C3...
2024-11-19 18:00:12,535 - __main__ - INFO - Successfully initialized db_grid/C3/database.db
2024-11-19 18:00:12,535 - __main__ - INFO - Registering migration for database C3
2024-11-19 18:00:12,535 - konomi.utils.schema_manager - ERROR - Unexpected error during SQL validation: cannot rollback - no transaction is active
2024-11-19 18:00:12,535 - konomi.utils.schema_manager - ERROR - Unexpected error during SQL validation: cannot rollback - no transaction is active
2024-11-19 18:00:12,535 - konomi.utils.schema_manager - ERROR - Failed to register migration for db_grid/C3/database.db: Invalid SQL script
2024-11-19 18:00:12,535 - konomi.utils.schema_manager - ERROR - Failed to register migration for db_grid/C3/database.db: Invalid SQL script
2024-11-19 18:00:12,536 - __main__ - ERROR - Failed to register migration for database C3
2024-11-19 18:00:12,536 - __main__ - INFO - Initializing database C4...
2024-11-19 18:00:12,538 - __main__ - INFO - Successfully initialized db_grid/C4/database.db
2024-11-19 18:00:12,538 - __main__ - INFO - Registering migration for database C4
2024-11-19 18:00:12,539 - konomi.utils.schema_manager - ERROR - Unexpected error during SQL validation: cannot rollback - no transaction is active
2024-11-19 18:00:12,539 - konomi.utils.schema_manager - ERROR - Unexpected error during SQL validation: cannot rollback - no transaction is active
2024-11-19 18:00:12,539 - konomi.utils.schema_manager - ERROR - Failed to register migration for db_grid/C4/database.db: Invalid SQL script
2024-11-19 18:00:12,539 - konomi.utils.schema_manager - ERROR - Failed to register migration for db_grid/C4/database.db: Invalid SQL script
2024-11-19 18:00:12,539 - __main__ - ERROR - Failed to register migration for database C4
2024-11-19 18:00:12,539 - __main__ - INFO - Initializing database C5...
2024-11-19 18:00:12,547 - __main__ - INFO - Successfully initialized db_grid/C5/database.db
2024-11-19 18:00:12,548 - __main__ - INFO - Registering migration for database C5
2024-11-19 18:00:12,548 - konomi.utils.schema_manager - ERROR - Unexpected error during SQL validation: cannot rollback - no transaction is active
2024-11-19 18:00:12,548 - konomi.utils.schema_manager - ERROR - Unexpected error during SQL validation: cannot rollback - no transaction is active
2024-11-19 18:00:12,548 - konomi.utils.schema_manager - ERROR - Failed to register migration for db_grid/C5/database.db: Invalid SQL script
2024-11-19 18:00:12,548 - konomi.utils.schema_manager - ERROR - Failed to register migration for db_grid/C5/database.db: Invalid SQL script
2024-11-19 18:00:12,548 - __main__ - ERROR - Failed to register migration for database C5
2024-11-19 18:00:12,548 - __main__ - INFO - Initializing database D1...
2024-11-19 18:00:12,550 - __main__ - INFO - Successfully initialized db_grid/D1/database.db
2024-11-19 18:00:12,554 - __main__ - INFO - Registering migration for database D1
2024-11-19 18:00:12,554 - konomi.utils.schema_manager - ERROR - Unexpected error during SQL validation: cannot rollback - no transaction is active
2024-11-19 18:00:12,554 - konomi.utils.schema_manager - ERROR - Unexpected error during SQL validation: cannot rollback - no transaction is active
2024-11-19 18:00:12,554 - konomi.utils.schema_manager - ERROR - Failed to register migration for db_grid/D1/database.db: Invalid SQL script
2024-11-19 18:00:12,554 - konomi.utils.schema_manager - ERROR - Failed to register migration for db_grid/D1/database.db: Invalid SQL script
2024-11-19 18:00:12,555 - __main__ - ERROR - Failed to register migration for database D1
2024-11-19 18:00:12,555 - __main__ - INFO - Initializing database D2...
2024-11-19 18:00:12,556 - __main__ - INFO - Successfully initialized db_grid/D2/database.db
2024-11-19 18:00:12,556 - __main__ - INFO - Registering migration for database D2
2024-11-19 18:00:12,557 - konomi.utils.schema_manager - ERROR - Unexpected error during SQL validation: cannot rollback - no transaction is active
2024-11-19 18:00:12,557 - konomi.utils.schema_manager - ERROR - Unexpected error during SQL validation: cannot rollback - no transaction is active
2024-11-19 18:00:12,557 - konomi.utils.schema_manager - ERROR - Failed to register migration for db_grid/D2/database.db: Invalid SQL script
2024-11-19 18:00:12,557 - konomi.utils.schema_manager - ERROR - Failed to register migration for db_grid/D2/database.db: Invalid SQL script
2024-11-19 18:00:12,557 - __main__ - ERROR - Failed to register migration for database D2
2024-11-19 18:00:12,557 - __main__ - INFO - Initializing database D3...
2024-11-19 18:00:12,559 - __main__ - INFO - Successfully initialized db_grid/D3/database.db
2024-11-19 18:00:12,559 - __main__ - INFO - Registering migration for database D3
2024-11-19 18:00:12,560 - konomi.utils.schema_manager - ERROR - Unexpected error during SQL validation: cannot rollback - no transaction is active
2024-11-19 18:00:12,560 - konomi.utils.schema_manager - ERROR - Unexpected error during SQL validation: cannot rollback - no transaction is active
2024-11-19 18:00:12,560 - konomi.utils.schema_manager - ERROR - Failed to register migration for db_grid/D3/database.db: Invalid SQL script
2024-11-19 18:00:12,560 - konomi.utils.schema_manager - ERROR - Failed to register migration for db_grid/D3/database.db: Invalid SQL script
2024-11-19 18:00:12,560 - __main__ - ERROR - Failed to register migration for database D3
2024-11-19 18:00:12,561 - __main__ - INFO - Initializing database D4...
2024-11-19 18:00:12,563 - __main__ - INFO - Successfully initialized db_grid/D4/database.db
2024-11-19 18:00:12,563 - __main__ - INFO - Registering migration for database D4
2024-11-19 18:00:12,563 - konomi.utils.schema_manager - ERROR - Unexpected error during SQL validation: cannot rollback - no transaction is active
2024-11-19 18:00:12,563 - konomi.utils.schema_manager - ERROR - Unexpected error during SQL validation: cannot rollback - no transaction is active
2024-11-19 18:00:12,563 - konomi.utils.schema_manager - ERROR - Failed to register migration for db_grid/D4/database.db: Invalid SQL script
2024-11-19 18:00:12,563 - konomi.utils.schema_manager - ERROR - Failed to register migration for db_grid/D4/database.db: Invalid SQL script
2024-11-19 18:00:12,563 - __main__ - ERROR - Failed to register migration for database D4
2024-11-19 18:00:12,564 - __main__ - INFO - Initializing database D5...
2024-11-19 18:00:12,565 - __main__ - INFO - Successfully initialized db_grid/D5/database.db
2024-11-19 18:00:12,566 - __main__ - INFO - Registering migration for database D5
2024-11-19 18:00:12,566 - konomi.utils.schema_manager - ERROR - Unexpected error during SQL validation: cannot rollback - no transaction is active
2024-11-19 18:00:12,566 - konomi.utils.schema_manager - ERROR - Unexpected error during SQL validation: cannot rollback - no transaction is active
2024-11-19 18:00:12,566 - konomi.utils.schema_manager - ERROR - Failed to register migration for db_grid/D5/database.db: Invalid SQL script
2024-11-19 18:00:12,566 - konomi.utils.schema_manager - ERROR - Failed to register migration for db_grid/D5/database.db: Invalid SQL script
2024-11-19 18:00:12,567 - __main__ - ERROR - Failed to register migration for database D5
2024-11-19 18:00:12,567 - __main__ - INFO - Initializing database E1...
2024-11-19 18:00:12,570 - __main__ - INFO - Successfully initialized db_grid/E1/database.db
2024-11-19 18:00:12,570 - __main__ - INFO - Registering migration for database E1
2024-11-19 18:00:12,570 - konomi.utils.schema_manager - ERROR - Unexpected error during SQL validation: cannot rollback - no transaction is active
2024-11-19 18:00:12,570 - konomi.utils.schema_manager - ERROR - Unexpected error during SQL validation: cannot rollback - no transaction is active
2024-11-19 18:00:12,570 - konomi.utils.schema_manager - ERROR - Failed to register migration for db_grid/E1/database.db: Invalid SQL script
2024-11-19 18:00:12,570 - konomi.utils.schema_manager - ERROR - Failed to register migration for db_grid/E1/database.db: Invalid SQL script
2024-11-19 18:00:12,570 - __main__ - ERROR - Failed to register migration for database E1
2024-11-19 18:00:12,570 - __main__ - INFO - Initializing database E2...
2024-11-19 18:00:12,573 - __main__ - INFO - Successfully initialized db_grid/E2/database.db
2024-11-19 18:00:12,573 - __main__ - INFO - Registering migration for database E2
2024-11-19 18:00:12,574 - konomi.utils.schema_manager - ERROR - Unexpected error during SQL validation: cannot rollback - no transaction is active
2024-11-19 18:00:12,574 - konomi.utils.schema_manager - ERROR - Unexpected error during SQL validation: cannot rollback - no transaction is active
2024-11-19 18:00:12,574 - konomi.utils.schema_manager - ERROR - Failed to register migration for db_grid/E2/database.db: Invalid SQL script
2024-11-19 18:00:12,574 - konomi.utils.schema_manager - ERROR - Failed to register migration for db_grid/E2/database.db: Invalid SQL script
2024-11-19 18:00:12,574 - __main__ - ERROR - Failed to register migration for database E2
2024-11-19 18:00:12,574 - __main__ - INFO - Initializing database E3...
2024-11-19 18:00:12,576 - __main__ - INFO - Successfully initialized db_grid/E3/database.db
2024-11-19 18:00:12,576 - __main__ - INFO - Registering migration for database E3
2024-11-19 18:00:12,576 - konomi.utils.schema_manager - ERROR - Unexpected error during SQL validation: cannot rollback - no transaction is active
2024-11-19 18:00:12,576 - konomi.utils.schema_manager - ERROR - Unexpected error during SQL validation: cannot rollback - no transaction is active
2024-11-19 18:00:12,577 - konomi.utils.schema_manager - ERROR - Failed to register migration for db_grid/E3/database.db: Invalid SQL script
2024-11-19 18:00:12,577 - konomi.utils.schema_manager - ERROR - Failed to register migration for db_grid/E3/database.db: Invalid SQL script
2024-11-19 18:00:12,577 - __main__ - ERROR - Failed to register migration for database E3
2024-11-19 18:00:12,577 - __main__ - INFO - Initializing database E4...
2024-11-19 18:00:12,579 - __main__ - INFO - Successfully initialized db_grid/E4/database.db
2024-11-19 18:00:12,579 - __main__ - INFO - Registering migration for database E4
2024-11-19 18:00:12,580 - konomi.utils.schema_manager - ERROR - Unexpected error during SQL validation: cannot rollback - no transaction is active
2024-11-19 18:00:12,580 - konomi.utils.schema_manager - ERROR - Unexpected error during SQL validation: cannot rollback - no transaction is active
2024-11-19 18:00:12,580 - konomi.utils.schema_manager - ERROR - Failed to register migration for db_grid/E4/database.db: Invalid SQL script
2024-11-19 18:00:12,580 - konomi.utils.schema_manager - ERROR - Failed to register migration for db_grid/E4/database.db: Invalid SQL script
2024-11-19 18:00:12,580 - __main__ - ERROR - Failed to register migration for database E4
2024-11-19 18:00:12,580 - __main__ - INFO - Initializing database E5...
2024-11-19 18:00:12,582 - __main__ - INFO - Successfully initialized db_grid/E5/database.db
2024-11-19 18:00:12,582 - __main__ - INFO - Registering migration for database E5
2024-11-19 18:00:12,582 - konomi.utils.schema_manager - ERROR - Unexpected error during SQL validation: cannot rollback - no transaction is active
2024-11-19 18:00:12,582 - konomi.utils.schema_manager - ERROR - Unexpected error during SQL validation: cannot rollback - no transaction is active
2024-11-19 18:00:12,582 - konomi.utils.schema_manager - ERROR - Failed to register migration for db_grid/E5/database.db: Invalid SQL script
2024-11-19 18:00:12,582 - konomi.utils.schema_manager - ERROR - Failed to register migration for db_grid/E5/database.db: Invalid SQL script
2024-11-19 18:00:12,582 - __main__ - ERROR - Failed to register migration for database E5
2024-11-19 18:00:12,582 - __main__ - WARNING - No schema defined for database F1
2024-11-19 18:00:12,583 - __main__ - WARNING - No schema defined for database F2
2024-11-19 18:00:12,583 - __main__ - WARNING - No schema defined for database F3
2024-11-19 18:00:12,583 - __main__ - WARNING - No schema defined for database F4
2024-11-19 18:00:12,583 - __main__ - WARNING - No schema defined for database F5
2024-11-19 18:00:12,583 - __main__ - WARNING - No schema defined for database G1
2024-11-19 18:00:12,583 - __main__ - WARNING - No schema defined for database G2
2024-11-19 18:00:12,583 - __main__ - WARNING - No schema defined for database G3
2024-11-19 18:00:12,583 - __main__ - WARNING - No schema defined for database G4
2024-11-19 18:00:12,583 - __main__ - WARNING - No schema defined for database G5
2024-11-19 18:00:14,687 - __main__ - INFO - Initializing database A1...
2024-11-19 18:00:14,701 - __main__ - INFO - Successfully initialized db_grid/A1/database.db
2024-11-19 18:00:14,701 - __main__ - INFO - Registering migration for database A1
2024-11-19 18:00:14,702 - konomi.utils.schema_manager - ERROR - Unexpected error during SQL validation: cannot rollback - no transaction is active
2024-11-19 18:00:14,702 - konomi.utils.schema_manager - ERROR - Unexpected error during SQL validation: cannot rollback - no transaction is active
2024-11-19 18:00:14,702 - konomi.utils.schema_manager - ERROR - Failed to register migration for db_grid/A1/database.db: Invalid SQL script
2024-11-19 18:00:14,702 - konomi.utils.schema_manager - ERROR - Failed to register migration for db_grid/A1/database.db: Invalid SQL script
2024-11-19 18:00:14,702 - __main__ - ERROR - Failed to register migration for database A1
2024-11-19 18:00:14,702 - __main__ - INFO - Initializing database A2...
2024-11-19 18:00:14,704 - __main__ - INFO - Successfully initialized db_grid/A2/database.db
2024-11-19 18:00:14,704 - __main__ - INFO - Registering migration for database A2
2024-11-19 18:00:14,705 - konomi.utils.schema_manager - ERROR - Unexpected error during SQL validation: cannot rollback - no transaction is active
2024-11-19 18:00:14,705 - konomi.utils.schema_manager - ERROR - Unexpected error during SQL validation: cannot rollback - no transaction is active
2024-11-19 18:00:14,705 - konomi.utils.schema_manager - ERROR - Failed to register migration for db_grid/A2/database.db: Invalid SQL script
2024-11-19 18:00:14,705 - konomi.utils.schema_manager - ERROR - Failed to register migration for db_grid/A2/database.db: Invalid SQL script
2024-11-19 18:00:14,705 - __main__ - ERROR - Failed to register migration for database A2
2024-11-19 18:00:14,706 - __main__ - INFO - Initializing database A3...
2024-11-19 18:00:14,707 - __main__ - INFO - Successfully initialized db_grid/A3/database.db
2024-11-19 18:00:14,707 - __main__ - INFO - Registering migration for database A3
2024-11-19 18:00:14,709 - konomi.utils.schema_manager - ERROR - Unexpected error during SQL validation: cannot rollback - no transaction is active
2024-11-19 18:00:14,709 - konomi.utils.schema_manager - ERROR - Unexpected error during SQL validation: cannot rollback - no transaction is active
2024-11-19 18:00:14,709 - konomi.utils.schema_manager - ERROR - Failed to register migration for db_grid/A3/database.db: Invalid SQL script
2024-11-19 18:00:14,709 - konomi.utils.schema_manager - ERROR - Failed to register migration for db_grid/A3/database.db: Invalid SQL script
2024-11-19 18:00:14,709 - __main__ - ERROR - Failed to register migration for database A3
2024-11-19 18:00:14,710 - __main__ - INFO - Initializing database A4...
2024-11-19 18:00:14,712 - __main__ - INFO - Successfully initialized db_grid/A4/database.db
2024-11-19 18:00:14,712 - __main__ - INFO - Registering migration for database A4
2024-11-19 18:00:14,713 - konomi.utils.schema_manager - ERROR - Unexpected error during SQL validation: cannot rollback - no transaction is active
2024-11-19 18:00:14,713 - konomi.utils.schema_manager - ERROR - Unexpected error during SQL validation: cannot rollback - no transaction is active
2024-11-19 18:00:14,713 - konomi.utils.schema_manager - ERROR - Failed to register migration for db_grid/A4/database.db: Invalid SQL script
2024-11-19 18:00:14,713 - konomi.utils.schema_manager - ERROR - Failed to register migration for db_grid/A4/database.db: Invalid SQL script
2024-11-19 18:00:14,713 - __main__ - ERROR - Failed to register migration for database A4
2024-11-19 18:00:14,713 - __main__ - INFO - Initializing database A5...
2024-11-19 18:00:14,715 - __main__ - INFO - Successfully initialized db_grid/A5/database.db
2024-11-19 18:00:14,715 - __main__ - INFO - Registering migration for database A5
2024-11-19 18:00:14,715 - konomi.utils.schema_manager - ERROR - Unexpected error during SQL validation: cannot rollback - no transaction is active
2024-11-19 18:00:14,715 - konomi.utils.schema_manager - ERROR - Unexpected error during SQL validation: cannot rollback - no transaction is active
2024-11-19 18:00:14,719 - konomi.utils.schema_manager - ERROR - Failed to register migration for db_grid/A5/database.db: Invalid SQL script
2024-11-19 18:00:14,719 - konomi.utils.schema_manager - ERROR - Failed to register migration for db_grid/A5/database.db: Invalid SQL script
2024-11-19 18:00:14,719 - __main__ - ERROR - Failed to register migration for database A5
2024-11-19 18:00:14,719 - __main__ - INFO - Initializing database B1...
2024-11-19 18:00:14,721 - __main__ - INFO - Successfully initialized db_grid/B1/database.db
2024-11-19 18:00:14,721 - __main__ - INFO - Registering migration for database B1
2024-11-19 18:00:14,722 - konomi.utils.schema_manager - ERROR - Unexpected error during SQL validation: cannot rollback - no transaction is active
2024-11-19 18:00:14,722 - konomi.utils.schema_manager - ERROR - Unexpected error during SQL validation: cannot rollback - no transaction is active
2024-11-19 18:00:14,722 - konomi.utils.schema_manager - ERROR - Failed to register migration for db_grid/B1/database.db: Invalid SQL script
2024-11-19 18:00:14,722 - konomi.utils.schema_manager - ERROR - Failed to register migration for db_grid/B1/database.db: Invalid SQL script
2024-11-19 18:00:14,722 - __main__ - ERROR - Failed to register migration for database B1
2024-11-19 18:00:14,723 - __main__ - INFO - Initializing database B2...
2024-11-19 18:00:14,724 - __main__ - INFO - Successfully initialized db_grid/B2/database.db
2024-11-19 18:00:14,725 - __main__ - INFO - Registering migration for database B2
2024-11-19 18:00:14,725 - konomi.utils.schema_manager - ERROR - Unexpected error during SQL validation: cannot rollback - no transaction is active
2024-11-19 18:00:14,725 - konomi.utils.schema_manager - ERROR - Unexpected error during SQL validation: cannot rollback - no transaction is active
2024-11-19 18:00:14,725 - konomi.utils.schema_manager - ERROR - Failed to register migration for db_grid/B2/database.db: Invalid SQL script
2024-11-19 18:00:14,725 - konomi.utils.schema_manager - ERROR - Failed to register migration for db_grid/B2/database.db: Invalid SQL script
2024-11-19 18:00:14,725 - __main__ - ERROR - Failed to register migration for database B2
2024-11-19 18:00:14,725 - __main__ - INFO - Initializing database B3...
2024-11-19 18:00:14,728 - __main__ - INFO - Successfully initialized db_grid/B3/database.db
2024-11-19 18:00:14,729 - __main__ - INFO - Registering migration for database B3
2024-11-19 18:00:14,729 - konomi.utils.schema_manager - ERROR - Unexpected error during SQL validation: cannot rollback - no transaction is active
2024-11-19 18:00:14,729 - konomi.utils.schema_manager - ERROR - Unexpected error during SQL validation: cannot rollback - no transaction is active
2024-11-19 18:00:14,730 - konomi.utils.schema_manager - ERROR - Failed to register migration for db_grid/B3/database.db: Invalid SQL script
2024-11-19 18:00:14,730 - konomi.utils.schema_manager - ERROR - Failed to register migration for db_grid/B3/database.db: Invalid SQL script
2024-11-19 18:00:14,730 - __main__ - ERROR - Failed to register migration for database B3
2024-11-19 18:00:14,730 - __main__ - INFO - Initializing database B4...
2024-11-19 18:00:14,732 - __main__ - INFO - Successfully initialized db_grid/B4/database.db
2024-11-19 18:00:14,732 - __main__ - INFO - Registering migration for database B4
2024-11-19 18:00:14,733 - konomi.utils.schema_manager - ERROR - Unexpected error during SQL validation: cannot rollback - no transaction is active
2024-11-19 18:00:14,733 - konomi.utils.schema_manager - ERROR - Unexpected error during SQL validation: cannot rollback - no transaction is active
2024-11-19 18:00:14,733 - konomi.utils.schema_manager - ERROR - Failed to register migration for db_grid/B4/database.db: Invalid SQL script
2024-11-19 18:00:14,733 - konomi.utils.schema_manager - ERROR - Failed to register migration for db_grid/B4/database.db: Invalid SQL script
2024-11-19 18:00:14,733 - __main__ - ERROR - Failed to register migration for database B4
2024-11-19 18:00:14,733 - __main__ - INFO - Initializing database B5...
2024-11-19 18:00:14,735 - __main__ - INFO - Successfully initialized db_grid/B5/database.db
2024-11-19 18:00:14,736 - __main__ - INFO - Registering migration for database B5
2024-11-19 18:00:14,738 - konomi.utils.schema_manager - ERROR - Unexpected error during SQL validation: cannot rollback - no transaction is active
2024-11-19 18:00:14,738 - konomi.utils.schema_manager - ERROR - Unexpected error during SQL validation: cannot rollback - no transaction is active
2024-11-19 18:00:14,739 - konomi.utils.schema_manager - ERROR - Failed to register migration for db_grid/B5/database.db: Invalid SQL script
2024-11-19 18:00:14,739 - konomi.utils.schema_manager - ERROR - Failed to register migration for db_grid/B5/database.db: Invalid SQL script
2024-11-19 18:00:14,739 - __main__ - ERROR - Failed to register migration for database B5
2024-11-19 18:00:14,739 - __main__ - INFO - Initializing database C1...
2024-11-19 18:00:14,742 - __main__ - INFO - Successfully initialized db_grid/C1/database.db
2024-11-19 18:00:14,742 - __main__ - INFO - Registering migration for database C1
2024-11-19 18:00:14,742 - konomi.utils.schema_manager - ERROR - Unexpected error during SQL validation: cannot rollback - no transaction is active
2024-11-19 18:00:14,742 - konomi.utils.schema_manager - ERROR - Unexpected error during SQL validation: cannot rollback - no transaction is active
2024-11-19 18:00:14,742 - konomi.utils.schema_manager - ERROR - Failed to register migration for db_grid/C1/database.db: Invalid SQL script
2024-11-19 18:00:14,742 - konomi.utils.schema_manager - ERROR - Failed to register migration for db_grid/C1/database.db: Invalid SQL script
2024-11-19 18:00:14,743 - __main__ - ERROR - Failed to register migration for database C1
2024-11-19 18:00:14,743 - __main__ - INFO - Initializing database C2...
2024-11-19 18:00:14,745 - __main__ - INFO - Successfully initialized db_grid/C2/database.db
2024-11-19 18:00:14,745 - __main__ - INFO - Registering migration for database C2
2024-11-19 18:00:14,745 - konomi.utils.schema_manager - ERROR - Unexpected error during SQL validation: cannot rollback - no transaction is active
2024-11-19 18:00:14,745 - konomi.utils.schema_manager - ERROR - Unexpected error during SQL validation: cannot rollback - no transaction is active
2024-11-19 18:00:14,745 - konomi.utils.schema_manager - ERROR - Failed to register migration for db_grid/C2/database.db: Invalid SQL script
2024-11-19 18:00:14,745 - konomi.utils.schema_manager - ERROR - Failed to register migration for db_grid/C2/database.db: Invalid SQL script
2024-11-19 18:00:14,745 - __main__ - ERROR - Failed to register migration for database C2
2024-11-19 18:00:14,745 - __main__ - INFO - Initializing database C3...
2024-11-19 18:00:14,747 - __main__ - INFO - Successfully initialized db_grid/C3/database.db
2024-11-19 18:00:14,747 - __main__ - INFO - Registering migration for database C3
2024-11-19 18:00:14,748 - konomi.utils.schema_manager - ERROR - Unexpected error during SQL validation: cannot rollback - no transaction is active
2024-11-19 18:00:14,748 - konomi.utils.schema_manager - ERROR - Unexpected error during SQL validation: cannot rollback - no transaction is active
2024-11-19 18:00:14,749 - konomi.utils.schema_manager - ERROR - Failed to register migration for db_grid/C3/database.db: Invalid SQL script
2024-11-19 18:00:14,749 - konomi.utils.schema_manager - ERROR - Failed to register migration for db_grid/C3/database.db: Invalid SQL script
2024-11-19 18:00:14,749 - __main__ - ERROR - Failed to register migration for database C3
2024-11-19 18:00:14,750 - __main__ - INFO - Initializing database C4...
2024-11-19 18:00:14,751 - __main__ - INFO - Successfully initialized db_grid/C4/database.db
2024-11-19 18:00:14,752 - __main__ - INFO - Registering migration for database C4
2024-11-19 18:00:14,752 - konomi.utils.schema_manager - ERROR - Unexpected error during SQL validation: cannot rollback - no transaction is active
2024-11-19 18:00:14,752 - konomi.utils.schema_manager - ERROR - Unexpected error during SQL validation: cannot rollback - no transaction is active
2024-11-19 18:00:14,752 - konomi.utils.schema_manager - ERROR - Failed to register migration for db_grid/C4/database.db: Invalid SQL script
2024-11-19 18:00:14,752 - konomi.utils.schema_manager - ERROR - Failed to register migration for db_grid/C4/database.db: Invalid SQL script
2024-11-19 18:00:14,753 - __main__ - ERROR - Failed to register migration for database C4
2024-11-19 18:00:14,754 - __main__ - INFO - Initializing database C5...
2024-11-19 18:00:14,756 - __main__ - INFO - Successfully initialized db_grid/C5/database.db
2024-11-19 18:00:14,756 - __main__ - INFO - Registering migration for database C5
2024-11-19 18:00:14,756 - konomi.utils.schema_manager - ERROR - Unexpected error during SQL validation: cannot rollback - no transaction is active
2024-11-19 18:00:14,756 - konomi.utils.schema_manager - ERROR - Unexpected error during SQL validation: cannot rollback - no transaction is active
2024-11-19 18:00:14,757 - konomi.utils.schema_manager - ERROR - Failed to register migration for db_grid/C5/database.db: Invalid SQL script
2024-11-19 18:00:14,757 - konomi.utils.schema_manager - ERROR - Failed to register migration for db_grid/C5/database.db: Invalid SQL script
2024-11-19 18:00:14,757 - __main__ - ERROR - Failed to register migration for database C5
2024-11-19 18:00:14,757 - __main__ - INFO - Initializing database D1...
2024-11-19 18:00:14,760 - __main__ - INFO - Successfully initialized db_grid/D1/database.db
2024-11-19 18:00:14,761 - __main__ - INFO - Registering migration for database D1
2024-11-19 18:00:14,761 - konomi.utils.schema_manager - ERROR - Unexpected error during SQL validation: cannot rollback - no transaction is active
2024-11-19 18:00:14,761 - konomi.utils.schema_manager - ERROR - Unexpected error during SQL validation: cannot rollback - no transaction is active
2024-11-19 18:00:14,763 - konomi.utils.schema_manager - ERROR - Failed to register migration for db_grid/D1/database.db: Invalid SQL script
2024-11-19 18:00:14,763 - konomi.utils.schema_manager - ERROR - Failed to register migration for db_grid/D1/database.db: Invalid SQL script
2024-11-19 18:00:14,763 - __main__ - ERROR - Failed to register migration for database D1
2024-11-19 18:00:14,764 - __main__ - INFO - Initializing database D2...
2024-11-19 18:00:14,766 - __main__ - INFO - Successfully initialized db_grid/D2/database.db
2024-11-19 18:00:14,767 - __main__ - INFO - Registering migration for database D2
2024-11-19 18:00:14,767 - konomi.utils.schema_manager - ERROR - Unexpected error during SQL validation: cannot rollback - no transaction is active
2024-11-19 18:00:14,767 - konomi.utils.schema_manager - ERROR - Unexpected error during SQL validation: cannot rollback - no transaction is active
2024-11-19 18:00:14,768 - konomi.utils.schema_manager - ERROR - Failed to register migration for db_grid/D2/database.db: Invalid SQL script
2024-11-19 18:00:14,768 - konomi.utils.schema_manager - ERROR - Failed to register migration for db_grid/D2/database.db: Invalid SQL script
2024-11-19 18:00:14,768 - __main__ - ERROR - Failed to register migration for database D2
2024-11-19 18:00:14,768 - __main__ - INFO - Initializing database D3...
2024-11-19 18:00:14,771 - __main__ - INFO - Successfully initialized db_grid/D3/database.db
2024-11-19 18:00:14,772 - __main__ - INFO - Registering migration for database D3
2024-11-19 18:00:14,772 - konomi.utils.schema_manager - ERROR - Unexpected error during SQL validation: cannot rollback - no transaction is active
2024-11-19 18:00:14,772 - konomi.utils.schema_manager - ERROR - Unexpected error during SQL validation: cannot rollback - no transaction is active
2024-11-19 18:00:14,773 - konomi.utils.schema_manager - ERROR - Failed to register migration for db_grid/D3/database.db: Invalid SQL script
2024-11-19 18:00:14,773 - konomi.utils.schema_manager - ERROR - Failed to register migration for db_grid/D3/database.db: Invalid SQL script
2024-11-19 18:00:14,773 - __main__ - ERROR - Failed to register migration for database D3
2024-11-19 18:00:14,773 - __main__ - INFO - Initializing database D4...
2024-11-19 18:00:14,776 - __main__ - INFO - Successfully initialized db_grid/D4/database.db
2024-11-19 18:00:14,776 - __main__ - INFO - Registering migration for database D4
2024-11-19 18:00:14,777 - konomi.utils.schema_manager - ERROR - Unexpected error during SQL validation: cannot rollback - no transaction is active
2024-11-19 18:00:14,777 - konomi.utils.schema_manager - ERROR - Unexpected error during SQL validation: cannot rollback - no transaction is active
2024-11-19 18:00:14,777 - konomi.utils.schema_manager - ERROR - Failed to register migration for db_grid/D4/database.db: Invalid SQL script
2024-11-19 18:00:14,777 - konomi.utils.schema_manager - ERROR - Failed to register migration for db_grid/D4/database.db: Invalid SQL script
2024-11-19 18:00:14,778 - __main__ - ERROR - Failed to register migration for database D4
2024-11-19 18:00:14,778 - __main__ - INFO - Initializing database D5...
2024-11-19 18:00:14,781 - __main__ - INFO - Successfully initialized db_grid/D5/database.db
2024-11-19 18:00:14,781 - __main__ - INFO - Registering migration for database D5
2024-11-19 18:00:14,782 - konomi.utils.schema_manager - ERROR - Unexpected error during SQL validation: cannot rollback - no transaction is active
2024-11-19 18:00:14,782 - konomi.utils.schema_manager - ERROR - Unexpected error during SQL validation: cannot rollback - no transaction is active
2024-11-19 18:00:14,782 - konomi.utils.schema_manager - ERROR - Failed to register migration for db_grid/D5/database.db: Invalid SQL script
2024-11-19 18:00:14,782 - konomi.utils.schema_manager - ERROR - Failed to register migration for db_grid/D5/database.db: Invalid SQL script
2024-11-19 18:00:14,782 - __main__ - ERROR - Failed to register migration for database D5
2024-11-19 18:00:14,782 - __main__ - INFO - Initializing database E1...
2024-11-19 18:00:14,785 - __main__ - INFO - Successfully initialized db_grid/E1/database.db
2024-11-19 18:00:14,785 - __main__ - INFO - Registering migration for database E1
2024-11-19 18:00:14,785 - konomi.utils.schema_manager - ERROR - Unexpected error during SQL validation: cannot rollback - no transaction is active
2024-11-19 18:00:14,785 - konomi.utils.schema_manager - ERROR - Unexpected error during SQL validation: cannot rollback - no transaction is active
2024-11-19 18:00:14,785 - konomi.utils.schema_manager - ERROR - Failed to register migration for db_grid/E1/database.db: Invalid SQL script
2024-11-19 18:00:14,785 - konomi.utils.schema_manager - ERROR - Failed to register migration for db_grid/E1/database.db: Invalid SQL script
2024-11-19 18:00:14,785 - __main__ - ERROR - Failed to register migration for database E1
2024-11-19 18:00:14,786 - __main__ - INFO - Initializing database E2...
2024-11-19 18:00:14,787 - __main__ - INFO - Successfully initialized db_grid/E2/database.db
2024-11-19 18:00:14,796 - __main__ - INFO - Registering migration for database E2
2024-11-19 18:00:14,798 - konomi.utils.schema_manager - ERROR - Unexpected error during SQL validation: cannot rollback - no transaction is active
2024-11-19 18:00:14,798 - konomi.utils.schema_manager - ERROR - Unexpected error during SQL validation: cannot rollback - no transaction is active
2024-11-19 18:00:14,799 - konomi.utils.schema_manager - ERROR - Failed to register migration for db_grid/E2/database.db: Invalid SQL script
2024-11-19 18:00:14,799 - konomi.utils.schema_manager - ERROR - Failed to register migration for db_grid/E2/database.db: Invalid SQL script
2024-11-19 18:00:14,799 - __main__ - ERROR - Failed to register migration for database E2
2024-11-19 18:00:14,799 - __main__ - INFO - Initializing database E3...
2024-11-19 18:00:14,804 - __main__ - INFO - Successfully initialized db_grid/E3/database.db
2024-11-19 18:00:14,804 - __main__ - INFO - Registering migration for database E3
2024-11-19 18:00:14,805 - konomi.utils.schema_manager - ERROR - Unexpected error during SQL validation: cannot rollback - no transaction is active
2024-11-19 18:00:14,805 - konomi.utils.schema_manager - ERROR - Unexpected error during SQL validation: cannot rollback - no transaction is active
2024-11-19 18:00:14,810 - konomi.utils.schema_manager - ERROR - Failed to register migration for db_grid/E3/database.db: Invalid SQL script
2024-11-19 18:00:14,810 - konomi.utils.schema_manager - ERROR - Failed to register migration for db_grid/E3/database.db: Invalid SQL script
2024-11-19 18:00:14,811 - __main__ - ERROR - Failed to register migration for database E3
2024-11-19 18:00:14,811 - __main__ - INFO - Initializing database E4...
2024-11-19 18:00:14,815 - __main__ - INFO - Successfully initialized db_grid/E4/database.db
2024-11-19 18:00:14,816 - __main__ - INFO - Registering migration for database E4
2024-11-19 18:00:14,817 - konomi.utils.schema_manager - ERROR - Unexpected error during SQL validation: cannot rollback - no transaction is active
2024-11-19 18:00:14,817 - konomi.utils.schema_manager - ERROR - Unexpected error during SQL validation: cannot rollback - no transaction is active
2024-11-19 18:00:14,818 - konomi.utils.schema_manager - ERROR - Failed to register migration for db_grid/E4/database.db: Invalid SQL script
2024-11-19 18:00:14,818 - konomi.utils.schema_manager - ERROR - Failed to register migration for db_grid/E4/database.db: Invalid SQL script
2024-11-19 18:00:14,818 - __main__ - ERROR - Failed to register migration for database E4
2024-11-19 18:00:14,819 - __main__ - INFO - Initializing database E5...
2024-11-19 18:00:14,822 - __main__ - INFO - Successfully initialized db_grid/E5/database.db
2024-11-19 18:00:14,822 - __main__ - INFO - Registering migration for database E5
2024-11-19 18:00:14,822 - konomi.utils.schema_manager - ERROR - Unexpected error during SQL validation: cannot rollback - no transaction is active
2024-11-19 18:00:14,822 - konomi.utils.schema_manager - ERROR - Unexpected error during SQL validation: cannot rollback - no transaction is active
2024-11-19 18:00:14,823 - konomi.utils.schema_manager - ERROR - Failed to register migration for db_grid/E5/database.db: Invalid SQL script
2024-11-19 18:00:14,823 - konomi.utils.schema_manager - ERROR - Failed to register migration for db_grid/E5/database.db: Invalid SQL script
2024-11-19 18:00:14,823 - __main__ - ERROR - Failed to register migration for database E5
2024-11-19 18:00:14,823 - __main__ - WARNING - No schema defined for database F1
2024-11-19 18:00:14,823 - __main__ - WARNING - No schema defined for database F2
2024-11-19 18:00:14,823 - __main__ - WARNING - No schema defined for database F3
2024-11-19 18:00:14,823 - __main__ - WARNING - No schema defined for database F4
2024-11-19 18:00:14,824 - __main__ - WARNING - No schema defined for database F5
2024-11-19 18:00:14,824 - __main__ - WARNING - No schema defined for database G1
2024-11-19 18:00:14,824 - __main__ - WARNING - No schema defined for database G2
2024-11-19 18:00:14,824 - __main__ - WARNING - No schema defined for database G3
2024-11-19 18:00:14,824 - __main__ - WARNING - No schema defined for database G4
2024-11-19 18:00:14,824 - __main__ - WARNING - No schema defined for database G5
2024-11-19 18:01:05,802 - __main__ - INFO - Initializing database A1...
2024-11-19 18:01:05,828 - __main__ - INFO - Successfully initialized db_grid/A1/database.db
2024-11-19 18:01:05,829 - __main__ - INFO - Registering migration for database A1
2024-11-19 18:01:05,874 - konomi.utils.schema_manager - INFO - Registered migration version 1 for db_grid/A1/database.db
2024-11-19 18:01:05,874 - konomi.utils.schema_manager - INFO - Registered migration version 1 for db_grid/A1/database.db
2024-11-19 18:01:05,879 - __main__ - INFO - Applying migration for database A1
2024-11-19 18:01:05,883 - konomi.utils.schema_manager - ERROR - Failed to execute migration script: near "CREATE": syntax error
2024-11-19 18:01:05,883 - konomi.utils.schema_manager - ERROR - Failed to execute migration script: near "CREATE": syntax error
2024-11-19 18:01:05,890 - konomi.utils.schema_manager - ERROR - Failed to apply migration to db_grid/A1/database.db: near "CREATE": syntax error
2024-11-19 18:01:05,890 - konomi.utils.schema_manager - ERROR - Failed to apply migration to db_grid/A1/database.db: near "CREATE": syntax error
2024-11-19 18:01:05,891 - __main__ - ERROR - Failed to apply migration for database A1
2024-11-19 18:01:05,891 - __main__ - INFO - Initializing database A2...
2024-11-19 18:01:05,895 - __main__ - INFO - Successfully initialized db_grid/A2/database.db
2024-11-19 18:01:05,895 - __main__ - INFO - Registering migration for database A2
2024-11-19 18:01:05,942 - konomi.utils.schema_manager - INFO - Registered migration version 1 for db_grid/A2/database.db
2024-11-19 18:01:05,942 - konomi.utils.schema_manager - INFO - Registered migration version 1 for db_grid/A2/database.db
2024-11-19 18:01:05,944 - __main__ - INFO - Applying migration for database A2
2024-11-19 18:01:05,946 - konomi.utils.schema_manager - ERROR - Failed to execute migration script: near "CREATE": syntax error
2024-11-19 18:01:05,946 - konomi.utils.schema_manager - ERROR - Failed to execute migration script: near "CREATE": syntax error
2024-11-19 18:01:05,946 - konomi.utils.schema_manager - ERROR - Failed to apply migration to db_grid/A2/database.db: near "CREATE": syntax error
2024-11-19 18:01:05,946 - konomi.utils.schema_manager - ERROR - Failed to apply migration to db_grid/A2/database.db: near "CREATE": syntax error
2024-11-19 18:01:05,946 - __main__ - ERROR - Failed to apply migration for database A2
2024-11-19 18:01:05,946 - __main__ - INFO - Initializing database A3...
2024-11-19 18:01:05,948 - __main__ - INFO - Successfully initialized db_grid/A3/database.db
2024-11-19 18:01:05,949 - __main__ - INFO - Registering migration for database A3
2024-11-19 18:01:05,982 - konomi.utils.schema_manager - INFO - Registered migration version 1 for db_grid/A3/database.db
2024-11-19 18:01:05,982 - konomi.utils.schema_manager - INFO - Registered migration version 1 for db_grid/A3/database.db
2024-11-19 18:01:05,982 - __main__ - INFO - Applying migration for database A3
2024-11-19 18:01:06,010 - konomi.utils.schema_manager - INFO - Applied migration version 1 to db_grid/A3/database.db
2024-11-19 18:01:06,010 - konomi.utils.schema_manager - INFO - Applied migration version 1 to db_grid/A3/database.db
2024-11-19 18:01:06,010 - __main__ - INFO - Successfully applied migration for database A3
2024-11-19 18:01:06,010 - __main__ - INFO - Initializing database A4...
2024-11-19 18:01:06,012 - __main__ - INFO - Successfully initialized db_grid/A4/database.db
2024-11-19 18:01:06,012 - __main__ - INFO - Registering migration for database A4
2024-11-19 18:01:06,050 - konomi.utils.schema_manager - INFO - Registered migration version 1 for db_grid/A4/database.db
2024-11-19 18:01:06,050 - konomi.utils.schema_manager - INFO - Registered migration version 1 for db_grid/A4/database.db
2024-11-19 18:01:06,051 - __main__ - INFO - Applying migration for database A4
2024-11-19 18:01:06,052 - konomi.utils.schema_manager - ERROR - Failed to execute migration script: near "CREATE": syntax error
2024-11-19 18:01:06,052 - konomi.utils.schema_manager - ERROR - Failed to execute migration script: near "CREATE": syntax error
2024-11-19 18:01:06,053 - konomi.utils.schema_manager - ERROR - Failed to apply migration to db_grid/A4/database.db: near "CREATE": syntax error
2024-11-19 18:01:06,053 - konomi.utils.schema_manager - ERROR - Failed to apply migration to db_grid/A4/database.db: near "CREATE": syntax error
2024-11-19 18:01:06,053 - __main__ - ERROR - Failed to apply migration for database A4
2024-11-19 18:01:06,053 - __main__ - INFO - Initializing database A5...
2024-11-19 18:01:06,055 - __main__ - INFO - Successfully initialized db_grid/A5/database.db
2024-11-19 18:01:06,055 - __main__ - INFO - Registering migration for database A5
2024-11-19 18:01:06,088 - konomi.utils.schema_manager - INFO - Registered migration version 1 for db_grid/A5/database.db
2024-11-19 18:01:06,088 - konomi.utils.schema_manager - INFO - Registered migration version 1 for db_grid/A5/database.db
2024-11-19 18:01:06,088 - __main__ - INFO - Applying migration for database A5
2024-11-19 18:01:06,117 - konomi.utils.schema_manager - INFO - Applied migration version 1 to db_grid/A5/database.db
2024-11-19 18:01:06,117 - konomi.utils.schema_manager - INFO - Applied migration version 1 to db_grid/A5/database.db
2024-11-19 18:01:06,117 - __main__ - INFO - Successfully applied migration for database A5
2024-11-19 18:01:06,118 - __main__ - INFO - Initializing database B1...
2024-11-19 18:01:06,120 - __main__ - INFO - Successfully initialized db_grid/B1/database.db
2024-11-19 18:01:06,120 - __main__ - INFO - Registering migration for database B1
2024-11-19 18:01:06,158 - konomi.utils.schema_manager - INFO - Registered migration version 1 for db_grid/B1/database.db
2024-11-19 18:01:06,158 - konomi.utils.schema_manager - INFO - Registered migration version 1 for db_grid/B1/database.db
2024-11-19 18:01:06,159 - __main__ - INFO - Applying migration for database B1
2024-11-19 18:01:06,194 - konomi.utils.schema_manager - INFO - Applied migration version 1 to db_grid/B1/database.db
2024-11-19 18:01:06,194 - konomi.utils.schema_manager - INFO - Applied migration version 1 to db_grid/B1/database.db
2024-11-19 18:01:06,195 - __main__ - INFO - Successfully applied migration for database B1
2024-11-19 18:01:06,195 - __main__ - INFO - Initializing database B2...
2024-11-19 18:01:06,197 - __main__ - INFO - Successfully initialized db_grid/B2/database.db
2024-11-19 18:01:06,197 - __main__ - INFO - Registering migration for database B2
2024-11-19 18:01:06,232 - konomi.utils.schema_manager - INFO - Registered migration version 1 for db_grid/B2/database.db
2024-11-19 18:01:06,232 - konomi.utils.schema_manager - INFO - Registered migration version 1 for db_grid/B2/database.db
2024-11-19 18:01:06,247 - __main__ - INFO - Applying migration for database B2
2024-11-19 18:01:06,281 - konomi.utils.schema_manager - INFO - Applied migration version 1 to db_grid/B2/database.db
2024-11-19 18:01:06,281 - konomi.utils.schema_manager - INFO - Applied migration version 1 to db_grid/B2/database.db
2024-11-19 18:01:06,281 - __main__ - INFO - Successfully applied migration for database B2
2024-11-19 18:01:06,281 - __main__ - INFO - Initializing database B3...
2024-11-19 18:01:06,286 - __main__ - INFO - Successfully initialized db_grid/B3/database.db
2024-11-19 18:01:06,286 - __main__ - INFO - Registering migration for database B3
2024-11-19 18:01:06,319 - konomi.utils.schema_manager - INFO - Registered migration version 1 for db_grid/B3/database.db
2024-11-19 18:01:06,319 - konomi.utils.schema_manager - INFO - Registered migration version 1 for db_grid/B3/database.db
2024-11-19 18:01:06,320 - __main__ - INFO - Applying migration for database B3
2024-11-19 18:01:06,353 - konomi.utils.schema_manager - INFO - Applied migration version 1 to db_grid/B3/database.db
2024-11-19 18:01:06,353 - konomi.utils.schema_manager - INFO - Applied migration version 1 to db_grid/B3/database.db
2024-11-19 18:01:06,354 - __main__ - INFO - Successfully applied migration for database B3
2024-11-19 18:01:06,354 - __main__ - INFO - Initializing database B4...
2024-11-19 18:01:06,357 - __main__ - INFO - Successfully initialized db_grid/B4/database.db
2024-11-19 18:01:06,357 - __main__ - INFO - Registering migration for database B4
2024-11-19 18:01:06,387 - konomi.utils.schema_manager - INFO - Registered migration version 1 for db_grid/B4/database.db
2024-11-19 18:01:06,387 - konomi.utils.schema_manager - INFO - Registered migration version 1 for db_grid/B4/database.db
2024-11-19 18:01:06,388 - __main__ - INFO - Applying migration for database B4
2024-11-19 18:01:06,422 - konomi.utils.schema_manager - INFO - Applied migration version 1 to db_grid/B4/database.db
2024-11-19 18:01:06,422 - konomi.utils.schema_manager - INFO - Applied migration version 1 to db_grid/B4/database.db
2024-11-19 18:01:06,423 - __main__ - INFO - Successfully applied migration for database B4
2024-11-19 18:01:06,423 - __main__ - INFO - Initializing database B5...
2024-11-19 18:01:06,427 - __main__ - INFO - Successfully initialized db_grid/B5/database.db
2024-11-19 18:01:06,427 - __main__ - INFO - Registering migration for database B5
2024-11-19 18:01:06,456 - konomi.utils.schema_manager - INFO - Registered migration version 1 for db_grid/B5/database.db
2024-11-19 18:01:06,456 - konomi.utils.schema_manager - INFO - Registered migration version 1 for db_grid/B5/database.db
2024-11-19 18:01:06,456 - __main__ - INFO - Applying migration for database B5
2024-11-19 18:01:06,486 - konomi.utils.schema_manager - INFO - Applied migration version 1 to db_grid/B5/database.db
2024-11-19 18:01:06,486 - konomi.utils.schema_manager - INFO - Applied migration version 1 to db_grid/B5/database.db
2024-11-19 18:01:06,486 - __main__ - INFO - Successfully applied migration for database B5
2024-11-19 18:01:06,486 - __main__ - INFO - Initializing database C1...
2024-11-19 18:01:06,488 - __main__ - INFO - Successfully initialized db_grid/C1/database.db
2024-11-19 18:01:06,489 - __main__ - INFO - Registering migration for database C1
2024-11-19 18:01:06,521 - konomi.utils.schema_manager - INFO - Registered migration version 1 for db_grid/C1/database.db
2024-11-19 18:01:06,521 - konomi.utils.schema_manager - INFO - Registered migration version 1 for db_grid/C1/database.db
2024-11-19 18:01:06,522 - __main__ - INFO - Applying migration for database C1
2024-11-19 18:01:06,553 - konomi.utils.schema_manager - INFO - Applied migration version 1 to db_grid/C1/database.db
2024-11-19 18:01:06,553 - konomi.utils.schema_manager - INFO - Applied migration version 1 to db_grid/C1/database.db
2024-11-19 18:01:06,554 - __main__ - INFO - Successfully applied migration for database C1
2024-11-19 18:01:06,554 - __main__ - INFO - Initializing database C2...
2024-11-19 18:01:06,558 - __main__ - INFO - Successfully initialized db_grid/C2/database.db
2024-11-19 18:01:06,558 - __main__ - INFO - Registering migration for database C2
2024-11-19 18:01:06,623 - konomi.utils.schema_manager - INFO - Registered migration version 1 for db_grid/C2/database.db
2024-11-19 18:01:06,623 - konomi.utils.schema_manager - INFO - Registered migration version 1 for db_grid/C2/database.db
2024-11-19 18:01:06,623 - __main__ - INFO - Applying migration for database C2
2024-11-19 18:01:06,667 - konomi.utils.schema_manager - INFO - Applied migration version 1 to db_grid/C2/database.db
2024-11-19 18:01:06,667 - konomi.utils.schema_manager - INFO - Applied migration version 1 to db_grid/C2/database.db
2024-11-19 18:01:06,667 - __main__ - INFO - Successfully applied migration for database C2
2024-11-19 18:01:06,667 - __main__ - INFO - Initializing database C3...
2024-11-19 18:01:06,672 - __main__ - INFO - Successfully initialized db_grid/C3/database.db
2024-11-19 18:01:06,672 - __main__ - INFO - Registering migration for database C3
2024-11-19 18:01:06,704 - konomi.utils.schema_manager - INFO - Registered migration version 1 for db_grid/C3/database.db
2024-11-19 18:01:06,704 - konomi.utils.schema_manager - INFO - Registered migration version 1 for db_grid/C3/database.db
2024-11-19 18:01:06,704 - __main__ - INFO - Applying migration for database C3
2024-11-19 18:01:06,744 - konomi.utils.schema_manager - INFO - Applied migration version 1 to db_grid/C3/database.db
2024-11-19 18:01:06,744 - konomi.utils.schema_manager - INFO - Applied migration version 1 to db_grid/C3/database.db
2024-11-19 18:01:06,745 - __main__ - INFO - Successfully applied migration for database C3
2024-11-19 18:01:06,745 - __main__ - INFO - Initializing database C4...
2024-11-19 18:01:06,748 - __main__ - INFO - Successfully initialized db_grid/C4/database.db
2024-11-19 18:01:06,748 - __main__ - INFO - Registering migration for database C4
2024-11-19 18:01:06,792 - konomi.utils.schema_manager - INFO - Registered migration version 1 for db_grid/C4/database.db
2024-11-19 18:01:06,792 - konomi.utils.schema_manager - INFO - Registered migration version 1 for db_grid/C4/database.db
2024-11-19 18:01:06,793 - __main__ - INFO - Applying migration for database C4
2024-11-19 18:01:06,839 - konomi.utils.schema_manager - INFO - Applied migration version 1 to db_grid/C4/database.db
2024-11-19 18:01:06,839 - konomi.utils.schema_manager - INFO - Applied migration version 1 to db_grid/C4/database.db
2024-11-19 18:01:06,839 - __main__ - INFO - Successfully applied migration for database C4
2024-11-19 18:01:06,839 - __main__ - INFO - Initializing database C5...
2024-11-19 18:01:06,841 - __main__ - INFO - Successfully initialized db_grid/C5/database.db
2024-11-19 18:01:06,841 - __main__ - INFO - Registering migration for database C5
2024-11-19 18:01:06,872 - konomi.utils.schema_manager - INFO - Registered migration version 1 for db_grid/C5/database.db
2024-11-19 18:01:06,872 - konomi.utils.schema_manager - INFO - Registered migration version 1 for db_grid/C5/database.db
2024-11-19 18:01:06,872 - __main__ - INFO - Applying migration for database C5
2024-11-19 18:01:06,908 - konomi.utils.schema_manager - INFO - Applied migration version 1 to db_grid/C5/database.db
2024-11-19 18:01:06,908 - konomi.utils.schema_manager - INFO - Applied migration version 1 to db_grid/C5/database.db
2024-11-19 18:01:06,908 - __main__ - INFO - Successfully applied migration for database C5
2024-11-19 18:01:06,908 - __main__ - INFO - Initializing database D1...
2024-11-19 18:01:06,911 - __main__ - INFO - Successfully initialized db_grid/D1/database.db
2024-11-19 18:01:06,912 - __main__ - INFO - Registering migration for database D1
2024-11-19 18:01:06,938 - konomi.utils.schema_manager - INFO - Registered migration version 1 for db_grid/D1/database.db
2024-11-19 18:01:06,938 - konomi.utils.schema_manager - INFO - Registered migration version 1 for db_grid/D1/database.db
2024-11-19 18:01:06,938 - __main__ - INFO - Applying migration for database D1
2024-11-19 18:01:06,966 - konomi.utils.schema_manager - INFO - Applied migration version 1 to db_grid/D1/database.db
2024-11-19 18:01:06,966 - konomi.utils.schema_manager - INFO - Applied migration version 1 to db_grid/D1/database.db
2024-11-19 18:01:06,966 - __main__ - INFO - Successfully applied migration for database D1
2024-11-19 18:01:06,966 - __main__ - INFO - Initializing database D2...
2024-11-19 18:01:06,968 - __main__ - INFO - Successfully initialized db_grid/D2/database.db
2024-11-19 18:01:06,968 - __main__ - INFO - Registering migration for database D2
2024-11-19 18:01:07,645 - __main__ - INFO - Initializing database A1...
2024-11-19 18:01:07,650 - __main__ - INFO - Successfully initialized db_grid/A1/database.db
2024-11-19 18:01:07,650 - __main__ - INFO - Registering migration for database A1
2024-11-19 18:01:07,693 - konomi.utils.schema_manager - INFO - Registered migration version 1 for db_grid/A1/database.db
2024-11-19 18:01:07,693 - konomi.utils.schema_manager - INFO - Registered migration version 1 for db_grid/A1/database.db
2024-11-19 18:01:07,693 - __main__ - INFO - Applying migration for database A1
2024-11-19 18:01:07,695 - konomi.utils.schema_manager - ERROR - Failed to execute migration script: near "CREATE": syntax error
2024-11-19 18:01:07,695 - konomi.utils.schema_manager - ERROR - Failed to execute migration script: near "CREATE": syntax error
2024-11-19 18:01:07,695 - konomi.utils.schema_manager - ERROR - Failed to apply migration to db_grid/A1/database.db: near "CREATE": syntax error
2024-11-19 18:01:07,695 - konomi.utils.schema_manager - ERROR - Failed to apply migration to db_grid/A1/database.db: near "CREATE": syntax error
2024-11-19 18:01:07,696 - __main__ - ERROR - Failed to apply migration for database A1
2024-11-19 18:01:07,696 - __main__ - INFO - Initializing database A2...
2024-11-19 18:01:07,698 - __main__ - INFO - Successfully initialized db_grid/A2/database.db
2024-11-19 18:01:07,698 - __main__ - INFO - Registering migration for database A2
2024-11-19 18:01:07,732 - konomi.utils.schema_manager - INFO - Registered migration version 1 for db_grid/A2/database.db
2024-11-19 18:01:07,732 - konomi.utils.schema_manager - INFO - Registered migration version 1 for db_grid/A2/database.db
2024-11-19 18:01:07,733 - __main__ - INFO - Applying migration for database A2
2024-11-19 18:01:07,734 - konomi.utils.schema_manager - ERROR - Failed to execute migration script: near "CREATE": syntax error
2024-11-19 18:01:07,734 - konomi.utils.schema_manager - ERROR - Failed to execute migration script: near "CREATE": syntax error
2024-11-19 18:01:07,734 - konomi.utils.schema_manager - ERROR - Failed to apply migration to db_grid/A2/database.db: near "CREATE": syntax error
2024-11-19 18:01:07,734 - konomi.utils.schema_manager - ERROR - Failed to apply migration to db_grid/A2/database.db: near "CREATE": syntax error
2024-11-19 18:01:07,735 - __main__ - ERROR - Failed to apply migration for database A2
2024-11-19 18:01:07,735 - __main__ - INFO - Initializing database A3...
2024-11-19 18:01:07,737 - __main__ - INFO - Successfully initialized db_grid/A3/database.db
2024-11-19 18:01:07,737 - __main__ - INFO - Registering migration for database A3
2024-11-19 18:01:07,770 - konomi.utils.schema_manager - INFO - Registered migration version 1 for db_grid/A3/database.db
2024-11-19 18:01:07,770 - konomi.utils.schema_manager - INFO - Registered migration version 1 for db_grid/A3/database.db
2024-11-19 18:01:07,770 - __main__ - INFO - Applying migration for database A3
2024-11-19 18:01:07,798 - konomi.utils.schema_manager - INFO - Applied migration version 1 to db_grid/A3/database.db
2024-11-19 18:01:07,798 - konomi.utils.schema_manager - INFO - Applied migration version 1 to db_grid/A3/database.db
2024-11-19 18:01:07,798 - __main__ - INFO - Successfully applied migration for database A3
2024-11-19 18:01:07,800 - __main__ - INFO - Initializing database A4...
2024-11-19 18:01:07,801 - __main__ - INFO - Successfully initialized db_grid/A4/database.db
2024-11-19 18:01:07,802 - __main__ - INFO - Registering migration for database A4
2024-11-19 18:01:07,841 - konomi.utils.schema_manager - INFO - Registered migration version 1 for db_grid/A4/database.db
2024-11-19 18:01:07,841 - konomi.utils.schema_manager - INFO - Registered migration version 1 for db_grid/A4/database.db
2024-11-19 18:01:07,842 - __main__ - INFO - Applying migration for database A4
2024-11-19 18:01:07,845 - konomi.utils.schema_manager - ERROR - Failed to execute migration script: near "CREATE": syntax error
2024-11-19 18:01:07,845 - konomi.utils.schema_manager - ERROR - Failed to execute migration script: near "CREATE": syntax error
2024-11-19 18:01:07,845 - konomi.utils.schema_manager - ERROR - Failed to apply migration to db_grid/A4/database.db: near "CREATE": syntax error
2024-11-19 18:01:07,845 - konomi.utils.schema_manager - ERROR - Failed to apply migration to db_grid/A4/database.db: near "CREATE": syntax error
2024-11-19 18:01:07,845 - __main__ - ERROR - Failed to apply migration for database A4
2024-11-19 18:01:07,845 - __main__ - INFO - Initializing database A5...
2024-11-19 18:01:07,847 - __main__ - INFO - Successfully initialized db_grid/A5/database.db
2024-11-19 18:01:07,847 - __main__ - INFO - Registering migration for database A5
2024-11-19 18:01:07,876 - konomi.utils.schema_manager - INFO - Registered migration version 1 for db_grid/A5/database.db
2024-11-19 18:01:07,876 - konomi.utils.schema_manager - INFO - Registered migration version 1 for db_grid/A5/database.db
2024-11-19 18:01:07,876 - __main__ - INFO - Applying migration for database A5
2024-11-19 18:01:07,909 - konomi.utils.schema_manager - INFO - Applied migration version 1 to db_grid/A5/database.db
2024-11-19 18:01:07,909 - konomi.utils.schema_manager - INFO - Applied migration version 1 to db_grid/A5/database.db
2024-11-19 18:01:07,909 - __main__ - INFO - Successfully applied migration for database A5
2024-11-19 18:01:07,909 - __main__ - INFO - Initializing database B1...
2024-11-19 18:01:07,911 - __main__ - INFO - Successfully initialized db_grid/B1/database.db
2024-11-19 18:01:07,911 - __main__ - INFO - Registering migration for database B1
2024-11-19 18:01:07,955 - konomi.utils.schema_manager - INFO - Registered migration version 1 for db_grid/B1/database.db
2024-11-19 18:01:07,955 - konomi.utils.schema_manager - INFO - Registered migration version 1 for db_grid/B1/database.db
2024-11-19 18:01:07,956 - __main__ - INFO - Applying migration for database B1
2024-11-19 18:01:07,989 - konomi.utils.schema_manager - INFO - Applied migration version 1 to db_grid/B1/database.db
2024-11-19 18:01:07,989 - konomi.utils.schema_manager - INFO - Applied migration version 1 to db_grid/B1/database.db
2024-11-19 18:01:07,989 - __main__ - INFO - Successfully applied migration for database B1
2024-11-19 18:01:07,989 - __main__ - INFO - Initializing database B2...
2024-11-19 18:01:07,991 - __main__ - INFO - Successfully initialized db_grid/B2/database.db
2024-11-19 18:01:07,991 - __main__ - INFO - Registering migration for database B2
2024-11-19 18:01:08,029 - konomi.utils.schema_manager - INFO - Registered migration version 1 for db_grid/B2/database.db
2024-11-19 18:01:08,029 - konomi.utils.schema_manager - INFO - Registered migration version 1 for db_grid/B2/database.db
2024-11-19 18:01:08,029 - __main__ - INFO - Applying migration for database B2
2024-11-19 18:01:08,059 - konomi.utils.schema_manager - INFO - Applied migration version 1 to db_grid/B2/database.db
2024-11-19 18:01:08,059 - konomi.utils.schema_manager - INFO - Applied migration version 1 to db_grid/B2/database.db
2024-11-19 18:01:08,060 - __main__ - INFO - Successfully applied migration for database B2
2024-11-19 18:01:08,060 - __main__ - INFO - Initializing database B3...
2024-11-19 18:01:08,062 - __main__ - INFO - Successfully initialized db_grid/B3/database.db
2024-11-19 18:01:08,062 - __main__ - INFO - Registering migration for database B3
2024-11-19 18:01:08,105 - konomi.utils.schema_manager - INFO - Registered migration version 1 for db_grid/B3/database.db
2024-11-19 18:01:08,105 - konomi.utils.schema_manager - INFO - Registered migration version 1 for db_grid/B3/database.db
2024-11-19 18:01:08,106 - __main__ - INFO - Applying migration for database B3
2024-11-19 18:01:08,152 - konomi.utils.schema_manager - INFO - Applied migration version 1 to db_grid/B3/database.db
2024-11-19 18:01:08,152 - konomi.utils.schema_manager - INFO - Applied migration version 1 to db_grid/B3/database.db
2024-11-19 18:01:08,153 - __main__ - INFO - Successfully applied migration for database B3
2024-11-19 18:01:08,153 - __main__ - INFO - Initializing database B4...
2024-11-19 18:01:08,155 - __main__ - INFO - Successfully initialized db_grid/B4/database.db
2024-11-19 18:01:08,155 - __main__ - INFO - Registering migration for database B4
2024-11-19 18:01:08,198 - konomi.utils.schema_manager - INFO - Registered migration version 1 for db_grid/B4/database.db
2024-11-19 18:01:08,198 - konomi.utils.schema_manager - INFO - Registered migration version 1 for db_grid/B4/database.db
2024-11-19 18:01:08,198 - __main__ - INFO - Applying migration for database B4
2024-11-19 18:01:08,229 - konomi.utils.schema_manager - INFO - Applied migration version 1 to db_grid/B4/database.db
2024-11-19 18:01:08,229 - konomi.utils.schema_manager - INFO - Applied migration version 1 to db_grid/B4/database.db
2024-11-19 18:01:08,229 - __main__ - INFO - Successfully applied migration for database B4
2024-11-19 18:01:08,230 - __main__ - INFO - Initializing database B5...
2024-11-19 18:01:08,231 - __main__ - INFO - Successfully initialized db_grid/B5/database.db
2024-11-19 18:01:08,232 - __main__ - INFO - Registering migration for database B5
2024-11-19 18:01:08,300 - konomi.utils.schema_manager - INFO - Registered migration version 1 for db_grid/B5/database.db
2024-11-19 18:01:08,300 - konomi.utils.schema_manager - INFO - Registered migration version 1 for db_grid/B5/database.db
2024-11-19 18:01:08,300 - __main__ - INFO - Applying migration for database B5
2024-11-19 18:01:08,332 - konomi.utils.schema_manager - INFO - Applied migration version 1 to db_grid/B5/database.db
2024-11-19 18:01:08,332 - konomi.utils.schema_manager - INFO - Applied migration version 1 to db_grid/B5/database.db
2024-11-19 18:01:08,333 - __main__ - INFO - Successfully applied migration for database B5
2024-11-19 18:01:08,333 - __main__ - INFO - Initializing database C1...
2024-11-19 18:01:08,336 - __main__ - INFO - Successfully initialized db_grid/C1/database.db
2024-11-19 18:01:08,336 - __main__ - INFO - Registering migration for database C1
2024-11-19 18:01:08,390 - konomi.utils.schema_manager - INFO - Registered migration version 1 for db_grid/C1/database.db
2024-11-19 18:01:08,390 - konomi.utils.schema_manager - INFO - Registered migration version 1 for db_grid/C1/database.db
2024-11-19 18:01:08,390 - __main__ - INFO - Applying migration for database C1
2024-11-19 18:01:08,425 - konomi.utils.schema_manager - INFO - Applied migration version 1 to db_grid/C1/database.db
2024-11-19 18:01:08,425 - konomi.utils.schema_manager - INFO - Applied migration version 1 to db_grid/C1/database.db
2024-11-19 18:01:08,426 - __main__ - INFO - Successfully applied migration for database C1
2024-11-19 18:01:08,426 - __main__ - INFO - Initializing database C2...
2024-11-19 18:01:08,429 - __main__ - INFO - Successfully initialized db_grid/C2/database.db
2024-11-19 18:01:08,429 - __main__ - INFO - Registering migration for database C2
2024-11-19 18:01:08,460 - konomi.utils.schema_manager - INFO - Registered migration version 1 for db_grid/C2/database.db
2024-11-19 18:01:08,460 - konomi.utils.schema_manager - INFO - Registered migration version 1 for db_grid/C2/database.db
2024-11-19 18:01:08,460 - __main__ - INFO - Applying migration for database C2
2024-11-19 18:01:08,510 - konomi.utils.schema_manager - INFO - Applied migration version 1 to db_grid/C2/database.db
2024-11-19 18:01:08,510 - konomi.utils.schema_manager - INFO - Applied migration version 1 to db_grid/C2/database.db
2024-11-19 18:01:08,510 - __main__ - INFO - Successfully applied migration for database C2
2024-11-19 18:01:08,510 - __main__ - INFO - Initializing database C3...
2024-11-19 18:01:08,513 - __main__ - INFO - Successfully initialized db_grid/C3/database.db
2024-11-19 18:01:08,513 - __main__ - INFO - Registering migration for database C3
2024-11-19 18:01:08,549 - konomi.utils.schema_manager - INFO - Registered migration version 1 for db_grid/C3/database.db
2024-11-19 18:01:08,549 - konomi.utils.schema_manager - INFO - Registered migration version 1 for db_grid/C3/database.db
2024-11-19 18:01:08,550 - __main__ - INFO - Applying migration for database C3
2024-11-19 18:01:08,593 - konomi.utils.schema_manager - INFO - Applied migration version 1 to db_grid/C3/database.db
2024-11-19 18:01:08,593 - konomi.utils.schema_manager - INFO - Applied migration version 1 to db_grid/C3/database.db
2024-11-19 18:01:08,594 - __main__ - INFO - Successfully applied migration for database C3
2024-11-19 18:01:08,594 - __main__ - INFO - Initializing database C4...
2024-11-19 18:01:08,596 - __main__ - INFO - Successfully initialized db_grid/C4/database.db
2024-11-19 18:01:08,596 - __main__ - INFO - Registering migration for database C4
2024-11-19 18:01:08,624 - konomi.utils.schema_manager - INFO - Registered migration version 1 for db_grid/C4/database.db
2024-11-19 18:01:08,624 - konomi.utils.schema_manager - INFO - Registered migration version 1 for db_grid/C4/database.db
2024-11-19 18:01:08,626 - __main__ - INFO - Applying migration for database C4
2024-11-19 18:01:08,657 - konomi.utils.schema_manager - INFO - Applied migration version 1 to db_grid/C4/database.db
2024-11-19 18:01:08,657 - konomi.utils.schema_manager - INFO - Applied migration version 1 to db_grid/C4/database.db
2024-11-19 18:01:08,658 - __main__ - INFO - Successfully applied migration for database C4
2024-11-19 18:01:08,659 - __main__ - INFO - Initializing database C5...
2024-11-19 18:01:08,661 - __main__ - INFO - Successfully initialized db_grid/C5/database.db
2024-11-19 18:01:08,661 - __main__ - INFO - Registering migration for database C5
2024-11-19 18:01:08,696 - konomi.utils.schema_manager - INFO - Registered migration version 1 for db_grid/C5/database.db
2024-11-19 18:01:08,696 - konomi.utils.schema_manager - INFO - Registered migration version 1 for db_grid/C5/database.db
2024-11-19 18:01:08,696 - __main__ - INFO - Applying migration for database C5
2024-11-19 18:01:08,728 - konomi.utils.schema_manager - INFO - Applied migration version 1 to db_grid/C5/database.db
2024-11-19 18:01:08,728 - konomi.utils.schema_manager - INFO - Applied migration version 1 to db_grid/C5/database.db
2024-11-19 18:01:08,728 - __main__ - INFO - Successfully applied migration for database C5
2024-11-19 18:01:08,728 - __main__ - INFO - Initializing database D1...
2024-11-19 18:01:08,730 - __main__ - INFO - Successfully initialized db_grid/D1/database.db
2024-11-19 18:01:08,730 - __main__ - INFO - Registering migration for database D1
2024-11-19 18:01:08,764 - konomi.utils.schema_manager - INFO - Registered migration version 1 for db_grid/D1/database.db
2024-11-19 18:01:08,764 - konomi.utils.schema_manager - INFO - Registered migration version 1 for db_grid/D1/database.db
2024-11-19 18:01:08,765 - __main__ - INFO - Applying migration for database D1
2024-11-19 18:01:08,801 - konomi.utils.schema_manager - INFO - Applied migration version 1 to db_grid/D1/database.db
2024-11-19 18:01:08,801 - konomi.utils.schema_manager - INFO - Applied migration version 1 to db_grid/D1/database.db
2024-11-19 18:01:08,802 - __main__ - INFO - Successfully applied migration for database D1
2024-11-19 18:01:08,802 - __main__ - INFO - Initializing database D2...
2024-11-19 18:01:08,805 - __main__ - INFO - Successfully initialized db_grid/D2/database.db
2024-11-19 18:01:08,805 - __main__ - INFO - Registering migration for database D2
2024-11-19 18:01:08,850 - konomi.utils.schema_manager - INFO - Registered migration version 1 for db_grid/D2/database.db
2024-11-19 18:01:08,850 - konomi.utils.schema_manager - INFO - Registered migration version 1 for db_grid/D2/database.db
2024-11-19 18:01:08,851 - __main__ - INFO - Applying migration for database D2
2024-11-19 18:01:08,881 - konomi.utils.schema_manager - INFO - Applied migration version 1 to db_grid/D2/database.db
2024-11-19 18:01:08,881 - konomi.utils.schema_manager - INFO - Applied migration version 1 to db_grid/D2/database.db
2024-11-19 18:01:08,881 - __main__ - INFO - Successfully applied migration for database D2
2024-11-19 18:01:08,881 - __main__ - INFO - Initializing database D3...
2024-11-19 18:01:08,883 - __main__ - INFO - Successfully initialized db_grid/D3/database.db
2024-11-19 18:01:08,883 - __main__ - INFO - Registering migration for database D3
2024-11-19 18:01:08,915 - konomi.utils.schema_manager - INFO - Registered migration version 1 for db_grid/D3/database.db
2024-11-19 18:01:08,915 - konomi.utils.schema_manager - INFO - Registered migration version 1 for db_grid/D3/database.db
2024-11-19 18:01:08,915 - __main__ - INFO - Applying migration for database D3
2024-11-19 18:01:08,958 - konomi.utils.schema_manager - INFO - Applied migration version 1 to db_grid/D3/database.db
2024-11-19 18:01:08,958 - konomi.utils.schema_manager - INFO - Applied migration version 1 to db_grid/D3/database.db
2024-11-19 18:01:08,963 - __main__ - INFO - Successfully applied migration for database D3
2024-11-19 18:01:08,964 - __main__ - INFO - Initializing database D4...
2024-11-19 18:01:08,971 - __main__ - INFO - Successfully initialized db_grid/D4/database.db
2024-11-19 18:01:08,972 - __main__ - INFO - Registering migration for database D4
2024-11-19 18:01:09,012 - konomi.utils.schema_manager - INFO - Registered migration version 1 for db_grid/D4/database.db
2024-11-19 18:01:09,012 - konomi.utils.schema_manager - INFO - Registered migration version 1 for db_grid/D4/database.db
2024-11-19 18:01:09,012 - __main__ - INFO - Applying migration for database D4
2024-11-19 18:01:09,040 - konomi.utils.schema_manager - INFO - Applied migration version 1 to db_grid/D4/database.db
2024-11-19 18:01:09,040 - konomi.utils.schema_manager - INFO - Applied migration version 1 to db_grid/D4/database.db
2024-11-19 18:01:09,040 - __main__ - INFO - Successfully applied migration for database D4
2024-11-19 18:01:09,040 - __main__ - INFO - Initializing database D5...
2024-11-19 18:01:09,043 - __main__ - INFO - Successfully initialized db_grid/D5/database.db
2024-11-19 18:01:09,044 - __main__ - INFO - Registering migration for database D5
2024-11-19 18:01:09,076 - konomi.utils.schema_manager - INFO - Registered migration version 1 for db_grid/D5/database.db
2024-11-19 18:01:09,076 - konomi.utils.schema_manager - INFO - Registered migration version 1 for db_grid/D5/database.db
2024-11-19 18:01:09,077 - __main__ - INFO - Applying migration for database D5
2024-11-19 18:01:09,119 - konomi.utils.schema_manager - INFO - Applied migration version 1 to db_grid/D5/database.db
2024-11-19 18:01:09,119 - konomi.utils.schema_manager - INFO - Applied migration version 1 to db_grid/D5/database.db
2024-11-19 18:01:09,120 - __main__ - INFO - Successfully applied migration for database D5
2024-11-19 18:01:09,120 - __main__ - INFO - Initializing database E1...
2024-11-19 18:01:09,128 - __main__ - INFO - Successfully initialized db_grid/E1/database.db
2024-11-19 18:01:09,129 - __main__ - INFO - Registering migration for database E1
2024-11-19 18:01:09,170 - konomi.utils.schema_manager - INFO - Registered migration version 1 for db_grid/E1/database.db
2024-11-19 18:01:09,170 - konomi.utils.schema_manager - INFO - Registered migration version 1 for db_grid/E1/database.db
2024-11-19 18:01:09,170 - __main__ - INFO - Applying migration for database E1
2024-11-19 18:01:09,211 - konomi.utils.schema_manager - INFO - Applied migration version 1 to db_grid/E1/database.db
2024-11-19 18:01:09,211 - konomi.utils.schema_manager - INFO - Applied migration version 1 to db_grid/E1/database.db
2024-11-19 18:01:09,212 - __main__ - INFO - Successfully applied migration for database E1
2024-11-19 18:01:09,212 - __main__ - INFO - Initializing database E2...
2024-11-19 18:01:09,214 - __main__ - INFO - Successfully initialized db_grid/E2/database.db
2024-11-19 18:01:09,214 - __main__ - INFO - Registering migration for database E2
2024-11-19 18:01:09,247 - konomi.utils.schema_manager - INFO - Registered migration version 1 for db_grid/E2/database.db
2024-11-19 18:01:09,247 - konomi.utils.schema_manager - INFO - Registered migration version 1 for db_grid/E2/database.db
2024-11-19 18:01:09,249 - __main__ - INFO - Applying migration for database E2
2024-11-19 18:01:09,288 - konomi.utils.schema_manager - INFO - Applied migration version 1 to db_grid/E2/database.db
2024-11-19 18:01:09,288 - konomi.utils.schema_manager - INFO - Applied migration version 1 to db_grid/E2/database.db
2024-11-19 18:01:09,289 - __main__ - INFO - Successfully applied migration for database E2
2024-11-19 18:01:09,289 - __main__ - INFO - Initializing database E3...
2024-11-19 18:01:09,292 - __main__ - INFO - Successfully initialized db_grid/E3/database.db
2024-11-19 18:01:09,292 - __main__ - INFO - Registering migration for database E3
2024-11-19 18:01:09,320 - konomi.utils.schema_manager - INFO - Registered migration version 1 for db_grid/E3/database.db
2024-11-19 18:01:09,320 - konomi.utils.schema_manager - INFO - Registered migration version 1 for db_grid/E3/database.db
2024-11-19 18:01:09,322 - __main__ - INFO - Applying migration for database E3
2024-11-19 18:01:09,349 - konomi.utils.schema_manager - INFO - Applied migration version 1 to db_grid/E3/database.db
2024-11-19 18:01:09,349 - konomi.utils.schema_manager - INFO - Applied migration version 1 to db_grid/E3/database.db
2024-11-19 18:01:09,350 - __main__ - INFO - Successfully applied migration for database E3
2024-11-19 18:01:09,350 - __main__ - INFO - Initializing database E4...
2024-11-19 18:01:09,352 - __main__ - INFO - Successfully initialized db_grid/E4/database.db
2024-11-19 18:01:09,352 - __main__ - INFO - Registering migration for database E4
2024-11-19 18:01:09,387 - konomi.utils.schema_manager - INFO - Registered migration version 1 for db_grid/E4/database.db
2024-11-19 18:01:09,387 - konomi.utils.schema_manager - INFO - Registered migration version 1 for db_grid/E4/database.db
2024-11-19 18:01:09,387 - __main__ - INFO - Applying migration for database E4
2024-11-19 18:01:09,419 - konomi.utils.schema_manager - INFO - Applied migration version 1 to db_grid/E4/database.db
2024-11-19 18:01:09,419 - konomi.utils.schema_manager - INFO - Applied migration version 1 to db_grid/E4/database.db
2024-11-19 18:01:09,421 - __main__ - INFO - Successfully applied migration for database E4
2024-11-19 18:01:09,421 - __main__ - INFO - Initializing database E5...
2024-11-19 18:01:09,425 - __main__ - INFO - Successfully initialized db_grid/E5/database.db
2024-11-19 18:01:09,425 - __main__ - INFO - Registering migration for database E5
2024-11-19 18:01:09,456 - konomi.utils.schema_manager - INFO - Registered migration version 1 for db_grid/E5/database.db
2024-11-19 18:01:09,456 - konomi.utils.schema_manager - INFO - Registered migration version 1 for db_grid/E5/database.db
2024-11-19 18:01:09,456 - __main__ - INFO - Applying migration for database E5
2024-11-19 18:01:09,484 - konomi.utils.schema_manager - INFO - Applied migration version 1 to db_grid/E5/database.db
2024-11-19 18:01:09,484 - konomi.utils.schema_manager - INFO - Applied migration version 1 to db_grid/E5/database.db
2024-11-19 18:01:09,484 - __main__ - INFO - Successfully applied migration for database E5
2024-11-19 18:01:09,484 - __main__ - WARNING - No schema defined for database F1
2024-11-19 18:01:09,485 - __main__ - WARNING - No schema defined for database F2
2024-11-19 18:01:09,485 - __main__ - WARNING - No schema defined for database F3
2024-11-19 18:01:09,485 - __main__ - WARNING - No schema defined for database F4
2024-11-19 18:01:09,485 - __main__ - WARNING - No schema defined for database F5
2024-11-19 18:01:09,485 - __main__ - WARNING - No schema defined for database G1
2024-11-19 18:01:09,485 - __main__ - WARNING - No schema defined for database G2
2024-11-19 18:01:09,485 - __main__ - WARNING - No schema defined for database G3
2024-11-19 18:01:09,485 - __main__ - WARNING - No schema defined for database G4
2024-11-19 18:01:09,486 - __main__ - WARNING - No schema defined for database G5
2024-11-19 18:02:06,825 - __main__ - INFO - Initializing database A1...
2024-11-19 18:02:07,299 - __main__ - INFO - Successfully initialized db_grid/A1/database.db
2024-11-19 18:02:07,299 - __main__ - INFO - Registering migration for database A1
2024-11-19 18:02:07,380 - konomi.utils.schema_manager - INFO - Registered migration version 1 for db_grid/A1/database.db
2024-11-19 18:02:07,380 - konomi.utils.schema_manager - INFO - Registered migration version 1 for db_grid/A1/database.db
2024-11-19 18:02:07,380 - __main__ - INFO - Applying migration for database A1
2024-11-19 18:02:07,384 - konomi.utils.schema_manager - ERROR - Failed to execute migration script: near "CREATE": syntax error
2024-11-19 18:02:07,384 - konomi.utils.schema_manager - ERROR - Failed to execute migration script: near "CREATE": syntax error
2024-11-19 18:02:07,384 - konomi.utils.schema_manager - ERROR - Failed to apply migration to db_grid/A1/database.db: near "CREATE": syntax error
2024-11-19 18:02:07,384 - konomi.utils.schema_manager - ERROR - Failed to apply migration to db_grid/A1/database.db: near "CREATE": syntax error
2024-11-19 18:02:07,384 - __main__ - ERROR - Failed to apply migration for database A1
2024-11-19 18:02:07,384 - __main__ - INFO - Initializing database A2...
2024-11-19 18:02:07,387 - __main__ - INFO - Successfully initialized db_grid/A2/database.db
2024-11-19 18:02:07,388 - __main__ - INFO - Registering migration for database A2
2024-11-19 18:02:07,423 - konomi.utils.schema_manager - INFO - Registered migration version 1 for db_grid/A2/database.db
2024-11-19 18:02:07,423 - konomi.utils.schema_manager - INFO - Registered migration version 1 for db_grid/A2/database.db
2024-11-19 18:02:07,424 - __main__ - INFO - Applying migration for database A2
2024-11-19 18:02:07,430 - konomi.utils.schema_manager - ERROR - Failed to execute migration script: near "CREATE": syntax error
2024-11-19 18:02:07,430 - konomi.utils.schema_manager - ERROR - Failed to execute migration script: near "CREATE": syntax error
2024-11-19 18:02:07,430 - konomi.utils.schema_manager - ERROR - Failed to apply migration to db_grid/A2/database.db: near "CREATE": syntax error
2024-11-19 18:02:07,430 - konomi.utils.schema_manager - ERROR - Failed to apply migration to db_grid/A2/database.db: near "CREATE": syntax error
2024-11-19 18:02:07,430 - __main__ - ERROR - Failed to apply migration for database A2
2024-11-19 18:02:07,430 - __main__ - INFO - Initializing database A3...
2024-11-19 18:02:07,435 - __main__ - INFO - Successfully initialized db_grid/A3/database.db
2024-11-19 18:02:07,435 - __main__ - INFO - Registering migration for database A3
2024-11-19 18:02:07,467 - konomi.utils.schema_manager - INFO - Registered migration version 1 for db_grid/A3/database.db
2024-11-19 18:02:07,467 - konomi.utils.schema_manager - INFO - Registered migration version 1 for db_grid/A3/database.db
2024-11-19 18:02:07,467 - __main__ - INFO - Applying migration for database A3
2024-11-19 18:02:07,491 - konomi.utils.schema_manager - INFO - Applied migration version 1 to db_grid/A3/database.db
2024-11-19 18:02:07,491 - konomi.utils.schema_manager - INFO - Applied migration version 1 to db_grid/A3/database.db
2024-11-19 18:02:07,491 - __main__ - INFO - Successfully applied migration for database A3
2024-11-19 18:02:07,492 - __main__ - INFO - Initializing database A4...
2024-11-19 18:02:07,496 - __main__ - INFO - Successfully initialized db_grid/A4/database.db
2024-11-19 18:02:07,496 - __main__ - INFO - Registering migration for database A4
2024-11-19 18:02:07,527 - konomi.utils.schema_manager - INFO - Registered migration version 1 for db_grid/A4/database.db
2024-11-19 18:02:07,527 - konomi.utils.schema_manager - INFO - Registered migration version 1 for db_grid/A4/database.db
2024-11-19 18:02:07,527 - __main__ - INFO - Applying migration for database A4
2024-11-19 18:02:07,528 - konomi.utils.schema_manager - ERROR - Failed to execute migration script: near "CREATE": syntax error
2024-11-19 18:02:07,528 - konomi.utils.schema_manager - ERROR - Failed to execute migration script: near "CREATE": syntax error
2024-11-19 18:02:07,529 - konomi.utils.schema_manager - ERROR - Failed to apply migration to db_grid/A4/database.db: near "CREATE": syntax error
2024-11-19 18:02:07,529 - konomi.utils.schema_manager - ERROR - Failed to apply migration to db_grid/A4/database.db: near "CREATE": syntax error
2024-11-19 18:02:07,529 - __main__ - ERROR - Failed to apply migration for database A4
2024-11-19 18:02:07,529 - __main__ - INFO - Initializing database A5...
2024-11-19 18:02:07,533 - __main__ - INFO - Successfully initialized db_grid/A5/database.db
2024-11-19 18:02:07,533 - __main__ - INFO - Registering migration for database A5
2024-11-19 18:02:07,561 - konomi.utils.schema_manager - INFO - Registered migration version 1 for db_grid/A5/database.db
2024-11-19 18:02:07,561 - konomi.utils.schema_manager - INFO - Registered migration version 1 for db_grid/A5/database.db
2024-11-19 18:02:07,561 - __main__ - INFO - Applying migration for database A5
2024-11-19 18:02:07,588 - konomi.utils.schema_manager - INFO - Applied migration version 1 to db_grid/A5/database.db
2024-11-19 18:02:07,588 - konomi.utils.schema_manager - INFO - Applied migration version 1 to db_grid/A5/database.db
2024-11-19 18:02:07,588 - __main__ - INFO - Successfully applied migration for database A5
2024-11-19 18:02:07,588 - __main__ - INFO - Initializing database B1...
2024-11-19 18:02:07,592 - __main__ - INFO - Successfully initialized db_grid/B1/database.db
2024-11-19 18:02:07,592 - __main__ - INFO - Registering migration for database B1
2024-11-19 18:02:07,623 - konomi.utils.schema_manager - INFO - Registered migration version 1 for db_grid/B1/database.db
2024-11-19 18:02:07,623 - konomi.utils.schema_manager - INFO - Registered migration version 1 for db_grid/B1/database.db
2024-11-19 18:02:07,623 - __main__ - INFO - Applying migration for database B1
2024-11-19 18:02:07,652 - konomi.utils.schema_manager - INFO - Applied migration version 1 to db_grid/B1/database.db
2024-11-19 18:02:07,652 - konomi.utils.schema_manager - INFO - Applied migration version 1 to db_grid/B1/database.db
2024-11-19 18:02:07,655 - __main__ - INFO - Successfully applied migration for database B1
2024-11-19 18:02:07,655 - __main__ - INFO - Initializing database B2...
2024-11-19 18:02:07,657 - __main__ - INFO - Successfully initialized db_grid/B2/database.db
2024-11-19 18:02:07,657 - __main__ - INFO - Registering migration for database B2
2024-11-19 18:02:07,697 - konomi.utils.schema_manager - INFO - Registered migration version 1 for db_grid/B2/database.db
2024-11-19 18:02:07,697 - konomi.utils.schema_manager - INFO - Registered migration version 1 for db_grid/B2/database.db
2024-11-19 18:02:07,697 - __main__ - INFO - Applying migration for database B2
2024-11-19 18:02:07,724 - konomi.utils.schema_manager - INFO - Applied migration version 1 to db_grid/B2/database.db
2024-11-19 18:02:07,724 - konomi.utils.schema_manager - INFO - Applied migration version 1 to db_grid/B2/database.db
2024-11-19 18:02:07,725 - __main__ - INFO - Successfully applied migration for database B2
2024-11-19 18:02:07,725 - __main__ - INFO - Initializing database B3...
2024-11-19 18:02:07,732 - __main__ - INFO - Successfully initialized db_grid/B3/database.db
2024-11-19 18:02:07,732 - __main__ - INFO - Registering migration for database B3
2024-11-19 18:02:07,773 - konomi.utils.schema_manager - INFO - Registered migration version 1 for db_grid/B3/database.db
2024-11-19 18:02:07,773 - konomi.utils.schema_manager - INFO - Registered migration version 1 for db_grid/B3/database.db
2024-11-19 18:02:07,774 - __main__ - INFO - Applying migration for database B3
2024-11-19 18:02:07,804 - konomi.utils.schema_manager - INFO - Applied migration version 1 to db_grid/B3/database.db
2024-11-19 18:02:07,804 - konomi.utils.schema_manager - INFO - Applied migration version 1 to db_grid/B3/database.db
2024-11-19 18:02:07,804 - __main__ - INFO - Successfully applied migration for database B3
2024-11-19 18:02:07,804 - __main__ - INFO - Initializing database B4...
2024-11-19 18:02:07,810 - __main__ - INFO - Successfully initialized db_grid/B4/database.db
2024-11-19 18:02:07,810 - __main__ - INFO - Registering migration for database B4
2024-11-19 18:02:07,839 - konomi.utils.schema_manager - INFO - Registered migration version 1 for db_grid/B4/database.db
2024-11-19 18:02:07,839 - konomi.utils.schema_manager - INFO - Registered migration version 1 for db_grid/B4/database.db
2024-11-19 18:02:07,839 - __main__ - INFO - Applying migration for database B4
2024-11-19 18:02:07,872 - konomi.utils.schema_manager - INFO - Applied migration version 1 to db_grid/B4/database.db
2024-11-19 18:02:07,872 - konomi.utils.schema_manager - INFO - Applied migration version 1 to db_grid/B4/database.db
2024-11-19 18:02:07,872 - __main__ - INFO - Successfully applied migration for database B4
2024-11-19 18:02:07,873 - __main__ - INFO - Initializing database B5...
2024-11-19 18:02:07,876 - __main__ - INFO - Successfully initialized db_grid/B5/database.db
2024-11-19 18:02:07,876 - __main__ - INFO - Registering migration for database B5
2024-11-19 18:02:07,911 - konomi.utils.schema_manager - INFO - Registered migration version 1 for db_grid/B5/database.db
2024-11-19 18:02:07,911 - konomi.utils.schema_manager - INFO - Registered migration version 1 for db_grid/B5/database.db
2024-11-19 18:02:07,911 - __main__ - INFO - Applying migration for database B5
2024-11-19 18:02:07,943 - konomi.utils.schema_manager - INFO - Applied migration version 1 to db_grid/B5/database.db
2024-11-19 18:02:07,943 - konomi.utils.schema_manager - INFO - Applied migration version 1 to db_grid/B5/database.db
2024-11-19 18:02:07,943 - __main__ - INFO - Successfully applied migration for database B5
2024-11-19 18:02:07,944 - __main__ - INFO - Initializing database C1...
2024-11-19 18:02:07,948 - __main__ - INFO - Successfully initialized db_grid/C1/database.db
2024-11-19 18:02:07,949 - __main__ - INFO - Registering migration for database C1
2024-11-19 18:02:07,978 - konomi.utils.schema_manager - INFO - Registered migration version 1 for db_grid/C1/database.db
2024-11-19 18:02:07,978 - konomi.utils.schema_manager - INFO - Registered migration version 1 for db_grid/C1/database.db
2024-11-19 18:02:07,978 - __main__ - INFO - Applying migration for database C1
2024-11-19 18:02:08,016 - konomi.utils.schema_manager - INFO - Applied migration version 1 to db_grid/C1/database.db
2024-11-19 18:02:08,016 - konomi.utils.schema_manager - INFO - Applied migration version 1 to db_grid/C1/database.db
2024-11-19 18:02:08,017 - __main__ - INFO - Successfully applied migration for database C1
2024-11-19 18:02:08,017 - __main__ - INFO - Initializing database C2...
2024-11-19 18:02:08,022 - __main__ - INFO - Successfully initialized db_grid/C2/database.db
2024-11-19 18:02:08,022 - __main__ - INFO - Registering migration for database C2
2024-11-19 18:02:08,053 - konomi.utils.schema_manager - INFO - Registered migration version 1 for db_grid/C2/database.db
2024-11-19 18:02:08,053 - konomi.utils.schema_manager - INFO - Registered migration version 1 for db_grid/C2/database.db
2024-11-19 18:02:08,053 - __main__ - INFO - Applying migration for database C2
2024-11-19 18:02:08,084 - konomi.utils.schema_manager - INFO - Applied migration version 1 to db_grid/C2/database.db
2024-11-19 18:02:08,084 - konomi.utils.schema_manager - INFO - Applied migration version 1 to db_grid/C2/database.db
2024-11-19 18:02:08,084 - __main__ - INFO - Successfully applied migration for database C2
2024-11-19 18:02:08,084 - __main__ - INFO - Initializing database C3...
2024-11-19 18:02:08,087 - __main__ - INFO - Successfully initialized db_grid/C3/database.db
2024-11-19 18:02:08,087 - __main__ - INFO - Registering migration for database C3
2024-11-19 18:02:08,116 - konomi.utils.schema_manager - INFO - Registered migration version 1 for db_grid/C3/database.db
2024-11-19 18:02:08,116 - konomi.utils.schema_manager - INFO - Registered migration version 1 for db_grid/C3/database.db
2024-11-19 18:02:08,116 - __main__ - INFO - Applying migration for database C3
2024-11-19 18:02:08,149 - konomi.utils.schema_manager - INFO - Applied migration version 1 to db_grid/C3/database.db
2024-11-19 18:02:08,149 - konomi.utils.schema_manager - INFO - Applied migration version 1 to db_grid/C3/database.db
2024-11-19 18:02:08,150 - __main__ - INFO - Successfully applied migration for database C3
2024-11-19 18:02:08,150 - __main__ - INFO - Initializing database C4...
2024-11-19 18:02:08,152 - __main__ - INFO - Successfully initialized db_grid/C4/database.db
2024-11-19 18:02:08,152 - __main__ - INFO - Registering migration for database C4
2024-11-19 18:02:08,180 - konomi.utils.schema_manager - INFO - Registered migration version 1 for db_grid/C4/database.db
2024-11-19 18:02:08,180 - konomi.utils.schema_manager - INFO - Registered migration version 1 for db_grid/C4/database.db
2024-11-19 18:02:08,180 - __main__ - INFO - Applying migration for database C4
2024-11-19 18:02:08,207 - konomi.utils.schema_manager - INFO - Applied migration version 1 to db_grid/C4/database.db
2024-11-19 18:02:08,207 - konomi.utils.schema_manager - INFO - Applied migration version 1 to db_grid/C4/database.db
2024-11-19 18:02:08,208 - __main__ - INFO - Successfully applied migration for database C4
2024-11-19 18:02:08,208 - __main__ - INFO - Initializing database C5...
2024-11-19 18:02:08,211 - __main__ - INFO - Successfully initialized db_grid/C5/database.db
2024-11-19 18:02:08,211 - __main__ - INFO - Registering migration for database C5
2024-11-19 18:02:08,248 - konomi.utils.schema_manager - INFO - Registered migration version 1 for db_grid/C5/database.db
2024-11-19 18:02:08,248 - konomi.utils.schema_manager - INFO - Registered migration version 1 for db_grid/C5/database.db
2024-11-19 18:02:08,249 - __main__ - INFO - Applying migration for database C5
2024-11-19 18:02:08,293 - konomi.utils.schema_manager - INFO - Applied migration version 1 to db_grid/C5/database.db
2024-11-19 18:02:08,293 - konomi.utils.schema_manager - INFO - Applied migration version 1 to db_grid/C5/database.db
2024-11-19 18:02:08,293 - __main__ - INFO - Successfully applied migration for database C5
2024-11-19 18:02:08,293 - __main__ - INFO - Initializing database D1...
2024-11-19 18:02:08,297 - __main__ - INFO - Successfully initialized db_grid/D1/database.db
2024-11-19 18:02:08,297 - __main__ - INFO - Registering migration for database D1
2024-11-19 18:02:08,341 - konomi.utils.schema_manager - INFO - Registered migration version 1 for db_grid/D1/database.db
2024-11-19 18:02:08,341 - konomi.utils.schema_manager - INFO - Registered migration version 1 for db_grid/D1/database.db
2024-11-19 18:02:08,341 - __main__ - INFO - Applying migration for database D1
2024-11-19 18:02:08,390 - konomi.utils.schema_manager - INFO - Applied migration version 1 to db_grid/D1/database.db
2024-11-19 18:02:08,390 - konomi.utils.schema_manager - INFO - Applied migration version 1 to db_grid/D1/database.db
2024-11-19 18:02:08,391 - __main__ - INFO - Successfully applied migration for database D1
2024-11-19 18:02:08,391 - __main__ - INFO - Initializing database D2...
2024-11-19 18:02:08,393 - __main__ - INFO - Successfully initialized db_grid/D2/database.db
2024-11-19 18:02:08,393 - __main__ - INFO - Registering migration for database D2
2024-11-19 18:02:08,444 - konomi.utils.schema_manager - INFO - Registered migration version 1 for db_grid/D2/database.db
2024-11-19 18:02:08,444 - konomi.utils.schema_manager - INFO - Registered migration version 1 for db_grid/D2/database.db
2024-11-19 18:02:08,445 - __main__ - INFO - Applying migration for database D2
2024-11-19 18:02:08,481 - konomi.utils.schema_manager - INFO - Applied migration version 1 to db_grid/D2/database.db
2024-11-19 18:02:08,481 - konomi.utils.schema_manager - INFO - Applied migration version 1 to db_grid/D2/database.db
2024-11-19 18:02:08,482 - __main__ - INFO - Successfully applied migration for database D2
2024-11-19 18:02:08,482 - __main__ - INFO - Initializing database D3...
2024-11-19 18:02:08,485 - __main__ - INFO - Successfully initialized db_grid/D3/database.db
2024-11-19 18:02:08,485 - __main__ - INFO - Registering migration for database D3
2024-11-19 18:02:08,518 - konomi.utils.schema_manager - INFO - Registered migration version 1 for db_grid/D3/database.db
2024-11-19 18:02:08,518 - konomi.utils.schema_manager - INFO - Registered migration version 1 for db_grid/D3/database.db
2024-11-19 18:02:08,519 - __main__ - INFO - Applying migration for database D3
2024-11-19 18:02:08,551 - konomi.utils.schema_manager - INFO - Applied migration version 1 to db_grid/D3/database.db
2024-11-19 18:02:08,551 - konomi.utils.schema_manager - INFO - Applied migration version 1 to db_grid/D3/database.db
2024-11-19 18:02:08,553 - __main__ - INFO - Successfully applied migration for database D3
2024-11-19 18:02:08,553 - __main__ - INFO - Initializing database D4...
2024-11-19 18:02:08,556 - __main__ - INFO - Successfully initialized db_grid/D4/database.db
2024-11-19 18:02:08,557 - __main__ - INFO - Registering migration for database D4
2024-11-19 18:02:08,586 - konomi.utils.schema_manager - INFO - Registered migration version 1 for db_grid/D4/database.db
2024-11-19 18:02:08,586 - konomi.utils.schema_manager - INFO - Registered migration version 1 for db_grid/D4/database.db
2024-11-19 18:02:08,587 - __main__ - INFO - Applying migration for database D4
2024-11-19 18:02:08,618 - konomi.utils.schema_manager - INFO - Applied migration version 1 to db_grid/D4/database.db
2024-11-19 18:02:08,618 - konomi.utils.schema_manager - INFO - Applied migration version 1 to db_grid/D4/database.db
2024-11-19 18:02:08,618 - __main__ - INFO - Successfully applied migration for database D4
2024-11-19 18:02:08,618 - __main__ - INFO - Initializing database D5...
2024-11-19 18:02:08,620 - __main__ - INFO - Successfully initialized db_grid/D5/database.db
2024-11-19 18:02:08,620 - __main__ - INFO - Registering migration for database D5
2024-11-19 18:02:08,655 - konomi.utils.schema_manager - INFO - Registered migration version 1 for db_grid/D5/database.db
2024-11-19 18:02:08,655 - konomi.utils.schema_manager - INFO - Registered migration version 1 for db_grid/D5/database.db
2024-11-19 18:02:08,655 - __main__ - INFO - Applying migration for database D5
2024-11-19 18:02:08,685 - konomi.utils.schema_manager - INFO - Applied migration version 1 to db_grid/D5/database.db
2024-11-19 18:02:08,685 - konomi.utils.schema_manager - INFO - Applied migration version 1 to db_grid/D5/database.db
2024-11-19 18:02:08,686 - __main__ - INFO - Successfully applied migration for database D5
2024-11-19 18:02:08,686 - __main__ - INFO - Initializing database E1...
2024-11-19 18:02:08,689 - __main__ - INFO - Successfully initialized db_grid/E1/database.db
2024-11-19 18:02:08,689 - __main__ - INFO - Registering migration for database E1
2024-11-19 18:02:08,730 - konomi.utils.schema_manager - INFO - Registered migration version 1 for db_grid/E1/database.db
2024-11-19 18:02:08,730 - konomi.utils.schema_manager - INFO - Registered migration version 1 for db_grid/E1/database.db
2024-11-19 18:02:08,731 - __main__ - INFO - Applying migration for database E1
2024-11-19 18:02:08,761 - konomi.utils.schema_manager - INFO - Applied migration version 1 to db_grid/E1/database.db
2024-11-19 18:02:08,761 - konomi.utils.schema_manager - INFO - Applied migration version 1 to db_grid/E1/database.db
2024-11-19 18:02:08,762 - __main__ - INFO - Successfully applied migration for database E1
2024-11-19 18:02:08,762 - __main__ - INFO - Initializing database E2...
2024-11-19 18:02:08,764 - __main__ - INFO - Successfully initialized db_grid/E2/database.db
2024-11-19 18:02:08,764 - __main__ - INFO - Registering migration for database E2
2024-11-19 18:02:08,797 - konomi.utils.schema_manager - INFO - Registered migration version 1 for db_grid/E2/database.db
2024-11-19 18:02:08,797 - konomi.utils.schema_manager - INFO - Registered migration version 1 for db_grid/E2/database.db
2024-11-19 18:02:08,798 - __main__ - INFO - Applying migration for database E2
2024-11-19 18:02:08,822 - konomi.utils.schema_manager - INFO - Applied migration version 1 to db_grid/E2/database.db
2024-11-19 18:02:08,822 - konomi.utils.schema_manager - INFO - Applied migration version 1 to db_grid/E2/database.db
2024-11-19 18:02:08,823 - __main__ - INFO - Successfully applied migration for database E2
2024-11-19 18:02:08,823 - __main__ - INFO - Initializing database E3...
2024-11-19 18:02:08,825 - __main__ - INFO - Successfully initialized db_grid/E3/database.db
2024-11-19 18:02:08,825 - __main__ - INFO - Registering migration for database E3
2024-11-19 18:02:08,856 - konomi.utils.schema_manager - INFO - Registered migration version 1 for db_grid/E3/database.db
2024-11-19 18:02:08,856 - konomi.utils.schema_manager - INFO - Registered migration version 1 for db_grid/E3/database.db
2024-11-19 18:02:08,856 - __main__ - INFO - Applying migration for database E3
2024-11-19 18:02:08,903 - konomi.utils.schema_manager - INFO - Applied migration version 1 to db_grid/E3/database.db
2024-11-19 18:02:08,903 - konomi.utils.schema_manager - INFO - Applied migration version 1 to db_grid/E3/database.db
2024-11-19 18:02:08,904 - __main__ - INFO - Successfully applied migration for database E3
2024-11-19 18:02:08,904 - __main__ - INFO - Initializing database E4...
2024-11-19 18:02:08,909 - __main__ - INFO - Successfully initialized db_grid/E4/database.db
2024-11-19 18:02:08,909 - __main__ - INFO - Registering migration for database E4
2024-11-19 18:02:08,954 - konomi.utils.schema_manager - INFO - Registered migration version 1 for db_grid/E4/database.db
2024-11-19 18:02:08,954 - konomi.utils.schema_manager - INFO - Registered migration version 1 for db_grid/E4/database.db
2024-11-19 18:02:08,955 - __main__ - INFO - Applying migration for database E4
2024-11-19 18:02:09,007 - konomi.utils.schema_manager - INFO - Applied migration version 1 to db_grid/E4/database.db
2024-11-19 18:02:09,007 - konomi.utils.schema_manager - INFO - Applied migration version 1 to db_grid/E4/database.db
2024-11-19 18:02:09,007 - __main__ - INFO - Successfully applied migration for database E4
2024-11-19 18:02:09,007 - __main__ - INFO - Initializing database E5...
2024-11-19 18:02:09,009 - __main__ - INFO - Successfully initialized db_grid/E5/database.db
2024-11-19 18:02:09,010 - __main__ - INFO - Registering migration for database E5
2024-11-19 18:02:09,049 - konomi.utils.schema_manager - INFO - Registered migration version 1 for db_grid/E5/database.db
2024-11-19 18:02:09,049 - konomi.utils.schema_manager - INFO - Registered migration version 1 for db_grid/E5/database.db
2024-11-19 18:02:09,049 - __main__ - INFO - Applying migration for database E5
2024-11-19 18:02:09,094 - konomi.utils.schema_manager - INFO - Applied migration version 1 to db_grid/E5/database.db
2024-11-19 18:02:09,094 - konomi.utils.schema_manager - INFO - Applied migration version 1 to db_grid/E5/database.db
2024-11-19 18:02:09,096 - __main__ - INFO - Successfully applied migration for database E5
2024-11-19 18:02:09,097 - __main__ - WARNING - No schema defined for database F1
2024-11-19 18:02:09,097 - __main__ - WARNING - No schema defined for database F2
2024-11-19 18:02:09,097 - __main__ - WARNING - No schema defined for database F3
2024-11-19 18:02:09,097 - __main__ - WARNING - No schema defined for database F4
2024-11-19 18:02:09,097 - __main__ - WARNING - No schema defined for database F5
2024-11-19 18:02:09,097 - __main__ - WARNING - No schema defined for database G1
2024-11-19 18:02:09,097 - __main__ - WARNING - No schema defined for database G2
2024-11-19 18:02:09,097 - __main__ - WARNING - No schema defined for database G3
2024-11-19 18:02:09,097 - __main__ - WARNING - No schema defined for database G4
2024-11-19 18:02:09,098 - __main__ - WARNING - No schema defined for database G5
2024-11-19 18:02:58,086 - __main__ - INFO - Initializing database A1...
2024-11-19 18:02:58,125 - __main__ - INFO - Successfully initialized db_grid/A1/database.db
2024-11-19 18:02:58,126 - __main__ - INFO - Registering migration for database A1
2024-11-19 18:02:58,126 - konomi.utils.schema_manager - ERROR - SQL validation failed: cannot start a transaction within a transaction
2024-11-19 18:02:58,126 - konomi.utils.schema_manager - ERROR - SQL validation failed: cannot start a transaction within a transaction
2024-11-19 18:02:58,127 - konomi.utils.schema_manager - ERROR - Failed to register migration for db_grid/A1/database.db: Invalid SQL script
2024-11-19 18:02:58,127 - konomi.utils.schema_manager - ERROR - Failed to register migration for db_grid/A1/database.db: Invalid SQL script
2024-11-19 18:02:58,127 - __main__ - ERROR - Failed to register migration for database A1
2024-11-19 18:02:58,127 - __main__ - INFO - Initializing database A2...
2024-11-19 18:02:58,130 - __main__ - INFO - Successfully initialized db_grid/A2/database.db
2024-11-19 18:02:58,130 - __main__ - INFO - Registering migration for database A2
2024-11-19 18:02:58,130 - konomi.utils.schema_manager - ERROR - SQL validation failed: cannot start a transaction within a transaction
2024-11-19 18:02:58,130 - konomi.utils.schema_manager - ERROR - SQL validation failed: cannot start a transaction within a transaction
2024-11-19 18:02:58,130 - konomi.utils.schema_manager - ERROR - Failed to register migration for db_grid/A2/database.db: Invalid SQL script
2024-11-19 18:02:58,130 - konomi.utils.schema_manager - ERROR - Failed to register migration for db_grid/A2/database.db: Invalid SQL script
2024-11-19 18:02:58,130 - __main__ - ERROR - Failed to register migration for database A2
2024-11-19 18:02:58,131 - __main__ - INFO - Initializing database A3...
2024-11-19 18:02:58,132 - __main__ - INFO - Successfully initialized db_grid/A3/database.db
2024-11-19 18:02:58,133 - __main__ - INFO - Registering migration for database A3
2024-11-19 18:02:58,133 - konomi.utils.schema_manager - ERROR - SQL validation failed: cannot start a transaction within a transaction
2024-11-19 18:02:58,133 - konomi.utils.schema_manager - ERROR - SQL validation failed: cannot start a transaction within a transaction
2024-11-19 18:02:58,133 - konomi.utils.schema_manager - ERROR - Failed to register migration for db_grid/A3/database.db: Invalid SQL script
2024-11-19 18:02:58,133 - konomi.utils.schema_manager - ERROR - Failed to register migration for db_grid/A3/database.db: Invalid SQL script
2024-11-19 18:02:58,133 - __main__ - ERROR - Failed to register migration for database A3
2024-11-19 18:02:58,133 - __main__ - INFO - Initializing database A4...
2024-11-19 18:02:58,135 - __main__ - INFO - Successfully initialized db_grid/A4/database.db
2024-11-19 18:02:58,135 - __main__ - INFO - Registering migration for database A4
2024-11-19 18:02:58,135 - konomi.utils.schema_manager - ERROR - SQL validation failed: cannot start a transaction within a transaction
2024-11-19 18:02:58,135 - konomi.utils.schema_manager - ERROR - SQL validation failed: cannot start a transaction within a transaction
2024-11-19 18:02:58,136 - konomi.utils.schema_manager - ERROR - Failed to register migration for db_grid/A4/database.db: Invalid SQL script
2024-11-19 18:02:58,136 - konomi.utils.schema_manager - ERROR - Failed to register migration for db_grid/A4/database.db: Invalid SQL script
2024-11-19 18:02:58,136 - __main__ - ERROR - Failed to register migration for database A4
2024-11-19 18:02:58,137 - __main__ - INFO - Initializing database A5...
2024-11-19 18:02:58,140 - __main__ - INFO - Successfully initialized db_grid/A5/database.db
2024-11-19 18:02:58,140 - __main__ - INFO - Registering migration for database A5
2024-11-19 18:02:58,141 - konomi.utils.schema_manager - ERROR - SQL validation failed: cannot start a transaction within a transaction
2024-11-19 18:02:58,141 - konomi.utils.schema_manager - ERROR - SQL validation failed: cannot start a transaction within a transaction
2024-11-19 18:02:58,141 - konomi.utils.schema_manager - ERROR - Failed to register migration for db_grid/A5/database.db: Invalid SQL script
2024-11-19 18:02:58,141 - konomi.utils.schema_manager - ERROR - Failed to register migration for db_grid/A5/database.db: Invalid SQL script
2024-11-19 18:02:58,141 - __main__ - ERROR - Failed to register migration for database A5
2024-11-19 18:02:58,141 - __main__ - INFO - Initializing database B1...
2024-11-19 18:02:58,144 - __main__ - INFO - Successfully initialized db_grid/B1/database.db
2024-11-19 18:02:58,144 - __main__ - INFO - Registering migration for database B1
2024-11-19 18:02:58,144 - konomi.utils.schema_manager - ERROR - SQL validation failed: cannot start a transaction within a transaction
2024-11-19 18:02:58,144 - konomi.utils.schema_manager - ERROR - SQL validation failed: cannot start a transaction within a transaction
2024-11-19 18:02:58,144 - konomi.utils.schema_manager - ERROR - Failed to register migration for db_grid/B1/database.db: Invalid SQL script
2024-11-19 18:02:58,144 - konomi.utils.schema_manager - ERROR - Failed to register migration for db_grid/B1/database.db: Invalid SQL script
2024-11-19 18:02:58,145 - __main__ - ERROR - Failed to register migration for database B1
2024-11-19 18:02:58,145 - __main__ - INFO - Initializing database B2...
2024-11-19 18:02:58,149 - __main__ - INFO - Successfully initialized db_grid/B2/database.db
2024-11-19 18:02:58,149 - __main__ - INFO - Registering migration for database B2
2024-11-19 18:02:58,149 - konomi.utils.schema_manager - ERROR - SQL validation failed: cannot start a transaction within a transaction
2024-11-19 18:02:58,149 - konomi.utils.schema_manager - ERROR - SQL validation failed: cannot start a transaction within a transaction
2024-11-19 18:02:58,150 - konomi.utils.schema_manager - ERROR - Failed to register migration for db_grid/B2/database.db: Invalid SQL script
2024-11-19 18:02:58,150 - konomi.utils.schema_manager - ERROR - Failed to register migration for db_grid/B2/database.db: Invalid SQL script
2024-11-19 18:02:58,150 - __main__ - ERROR - Failed to register migration for database B2
2024-11-19 18:02:58,150 - __main__ - INFO - Initializing database B3...
2024-11-19 18:02:58,152 - __main__ - INFO - Successfully initialized db_grid/B3/database.db
2024-11-19 18:02:58,152 - __main__ - INFO - Registering migration for database B3
2024-11-19 18:02:58,152 - konomi.utils.schema_manager - ERROR - SQL validation failed: cannot start a transaction within a transaction
2024-11-19 18:02:58,152 - konomi.utils.schema_manager - ERROR - SQL validation failed: cannot start a transaction within a transaction
2024-11-19 18:02:58,153 - konomi.utils.schema_manager - ERROR - Failed to register migration for db_grid/B3/database.db: Invalid SQL script
2024-11-19 18:02:58,153 - konomi.utils.schema_manager - ERROR - Failed to register migration for db_grid/B3/database.db: Invalid SQL script
2024-11-19 18:02:58,153 - __main__ - ERROR - Failed to register migration for database B3
2024-11-19 18:02:58,153 - __main__ - INFO - Initializing database B4...
2024-11-19 18:02:58,156 - __main__ - INFO - Successfully initialized db_grid/B4/database.db
2024-11-19 18:02:58,156 - __main__ - INFO - Registering migration for database B4
2024-11-19 18:02:58,157 - konomi.utils.schema_manager - ERROR - SQL validation failed: cannot start a transaction within a transaction
2024-11-19 18:02:58,157 - konomi.utils.schema_manager - ERROR - SQL validation failed: cannot start a transaction within a transaction
2024-11-19 18:02:58,157 - konomi.utils.schema_manager - ERROR - Failed to register migration for db_grid/B4/database.db: Invalid SQL script
2024-11-19 18:02:58,157 - konomi.utils.schema_manager - ERROR - Failed to register migration for db_grid/B4/database.db: Invalid SQL script
2024-11-19 18:02:58,158 - __main__ - ERROR - Failed to register migration for database B4
2024-11-19 18:02:58,158 - __main__ - INFO - Initializing database B5...
2024-11-19 18:02:58,160 - __main__ - INFO - Successfully initialized db_grid/B5/database.db
2024-11-19 18:02:58,161 - __main__ - INFO - Registering migration for database B5
2024-11-19 18:02:58,161 - konomi.utils.schema_manager - ERROR - SQL validation failed: cannot start a transaction within a transaction
2024-11-19 18:02:58,161 - konomi.utils.schema_manager - ERROR - SQL validation failed: cannot start a transaction within a transaction
2024-11-19 18:02:58,161 - konomi.utils.schema_manager - ERROR - Failed to register migration for db_grid/B5/database.db: Invalid SQL script
2024-11-19 18:02:58,161 - konomi.utils.schema_manager - ERROR - Failed to register migration for db_grid/B5/database.db: Invalid SQL script
2024-11-19 18:02:58,161 - __main__ - ERROR - Failed to register migration for database B5
2024-11-19 18:02:58,161 - __main__ - INFO - Initializing database C1...
2024-11-19 18:02:58,164 - __main__ - INFO - Successfully initialized db_grid/C1/database.db
2024-11-19 18:02:58,164 - __main__ - INFO - Registering migration for database C1
2024-11-19 18:02:58,165 - konomi.utils.schema_manager - ERROR - SQL validation failed: cannot start a transaction within a transaction
2024-11-19 18:02:58,165 - konomi.utils.schema_manager - ERROR - SQL validation failed: cannot start a transaction within a transaction
2024-11-19 18:02:58,165 - konomi.utils.schema_manager - ERROR - Failed to register migration for db_grid/C1/database.db: Invalid SQL script
2024-11-19 18:02:58,165 - konomi.utils.schema_manager - ERROR - Failed to register migration for db_grid/C1/database.db: Invalid SQL script
2024-11-19 18:02:58,165 - __main__ - ERROR - Failed to register migration for database C1
2024-11-19 18:02:58,165 - __main__ - INFO - Initializing database C2...
2024-11-19 18:02:58,167 - __main__ - INFO - Successfully initialized db_grid/C2/database.db
2024-11-19 18:02:58,168 - __main__ - INFO - Registering migration for database C2
2024-11-19 18:02:58,168 - konomi.utils.schema_manager - ERROR - SQL validation failed: cannot start a transaction within a transaction
2024-11-19 18:02:58,168 - konomi.utils.schema_manager - ERROR - SQL validation failed: cannot start a transaction within a transaction
2024-11-19 18:02:58,168 - konomi.utils.schema_manager - ERROR - Failed to register migration for db_grid/C2/database.db: Invalid SQL script
2024-11-19 18:02:58,168 - konomi.utils.schema_manager - ERROR - Failed to register migration for db_grid/C2/database.db: Invalid SQL script
2024-11-19 18:02:58,168 - __main__ - ERROR - Failed to register migration for database C2
2024-11-19 18:02:58,168 - __main__ - INFO - Initializing database C3...
2024-11-19 18:02:58,172 - __main__ - INFO - Successfully initialized db_grid/C3/database.db
2024-11-19 18:02:58,173 - __main__ - INFO - Registering migration for database C3
2024-11-19 18:02:58,173 - konomi.utils.schema_manager - ERROR - SQL validation failed: cannot start a transaction within a transaction
2024-11-19 18:02:58,173 - konomi.utils.schema_manager - ERROR - SQL validation failed: cannot start a transaction within a transaction
2024-11-19 18:02:58,173 - konomi.utils.schema_manager - ERROR - Failed to register migration for db_grid/C3/database.db: Invalid SQL script
2024-11-19 18:02:58,173 - konomi.utils.schema_manager - ERROR - Failed to register migration for db_grid/C3/database.db: Invalid SQL script
2024-11-19 18:02:58,173 - __main__ - ERROR - Failed to register migration for database C3
2024-11-19 18:02:58,173 - __main__ - INFO - Initializing database C4...
2024-11-19 18:02:58,177 - __main__ - INFO - Successfully initialized db_grid/C4/database.db
2024-11-19 18:02:58,177 - __main__ - INFO - Registering migration for database C4
2024-11-19 18:02:58,177 - konomi.utils.schema_manager - ERROR - SQL validation failed: cannot start a transaction within a transaction
2024-11-19 18:02:58,177 - konomi.utils.schema_manager - ERROR - SQL validation failed: cannot start a transaction within a transaction
2024-11-19 18:02:58,177 - konomi.utils.schema_manager - ERROR - Failed to register migration for db_grid/C4/database.db: Invalid SQL script
2024-11-19 18:02:58,177 - konomi.utils.schema_manager - ERROR - Failed to register migration for db_grid/C4/database.db: Invalid SQL script
2024-11-19 18:02:58,178 - __main__ - ERROR - Failed to register migration for database C4
2024-11-19 18:02:58,178 - __main__ - INFO - Initializing database C5...
2024-11-19 18:02:58,182 - __main__ - INFO - Successfully initialized db_grid/C5/database.db
2024-11-19 18:02:58,182 - __main__ - INFO - Registering migration for database C5
2024-11-19 18:02:58,183 - konomi.utils.schema_manager - ERROR - SQL validation failed: cannot start a transaction within a transaction
2024-11-19 18:02:58,183 - konomi.utils.schema_manager - ERROR - SQL validation failed: cannot start a transaction within a transaction
2024-11-19 18:02:58,183 - konomi.utils.schema_manager - ERROR - Failed to register migration for db_grid/C5/database.db: Invalid SQL script
2024-11-19 18:02:58,183 - konomi.utils.schema_manager - ERROR - Failed to register migration for db_grid/C5/database.db: Invalid SQL script
2024-11-19 18:02:58,183 - __main__ - ERROR - Failed to register migration for database C5
2024-11-19 18:02:58,183 - __main__ - INFO - Initializing database D1...
2024-11-19 18:02:58,187 - __main__ - INFO - Successfully initialized db_grid/D1/database.db
2024-11-19 18:02:58,187 - __main__ - INFO - Registering migration for database D1
2024-11-19 18:02:58,187 - konomi.utils.schema_manager - ERROR - SQL validation failed: cannot start a transaction within a transaction
2024-11-19 18:02:58,187 - konomi.utils.schema_manager - ERROR - SQL validation failed: cannot start a transaction within a transaction
2024-11-19 18:02:58,187 - konomi.utils.schema_manager - ERROR - Failed to register migration for db_grid/D1/database.db: Invalid SQL script
2024-11-19 18:02:58,187 - konomi.utils.schema_manager - ERROR - Failed to register migration for db_grid/D1/database.db: Invalid SQL script
2024-11-19 18:02:58,187 - __main__ - ERROR - Failed to register migration for database D1
2024-11-19 18:02:58,187 - __main__ - INFO - Initializing database D2...
2024-11-19 18:02:58,191 - __main__ - INFO - Successfully initialized db_grid/D2/database.db
2024-11-19 18:02:58,191 - __main__ - INFO - Registering migration for database D2
2024-11-19 18:02:58,191 - konomi.utils.schema_manager - ERROR - SQL validation failed: cannot start a transaction within a transaction
2024-11-19 18:02:58,191 - konomi.utils.schema_manager - ERROR - SQL validation failed: cannot start a transaction within a transaction
2024-11-19 18:02:58,191 - konomi.utils.schema_manager - ERROR - Failed to register migration for db_grid/D2/database.db: Invalid SQL script
2024-11-19 18:02:58,191 - konomi.utils.schema_manager - ERROR - Failed to register migration for db_grid/D2/database.db: Invalid SQL script
2024-11-19 18:02:58,191 - __main__ - ERROR - Failed to register migration for database D2
2024-11-19 18:02:58,192 - __main__ - INFO - Initializing database D3...
2024-11-19 18:02:58,193 - __main__ - INFO - Successfully initialized db_grid/D3/database.db
2024-11-19 18:02:58,194 - __main__ - INFO - Registering migration for database D3
2024-11-19 18:02:58,194 - konomi.utils.schema_manager - ERROR - SQL validation failed: cannot start a transaction within a transaction
2024-11-19 18:02:58,194 - konomi.utils.schema_manager - ERROR - SQL validation failed: cannot start a transaction within a transaction
2024-11-19 18:02:58,194 - konomi.utils.schema_manager - ERROR - Failed to register migration for db_grid/D3/database.db: Invalid SQL script
2024-11-19 18:02:58,194 - konomi.utils.schema_manager - ERROR - Failed to register migration for db_grid/D3/database.db: Invalid SQL script
2024-11-19 18:02:58,194 - __main__ - ERROR - Failed to register migration for database D3
2024-11-19 18:02:58,194 - __main__ - INFO - Initializing database D4...
2024-11-19 18:02:58,196 - __main__ - INFO - Successfully initialized db_grid/D4/database.db
2024-11-19 18:02:58,196 - __main__ - INFO - Registering migration for database D4
2024-11-19 18:02:58,197 - konomi.utils.schema_manager - ERROR - SQL validation failed: cannot start a transaction within a transaction
2024-11-19 18:02:58,197 - konomi.utils.schema_manager - ERROR - SQL validation failed: cannot start a transaction within a transaction
2024-11-19 18:02:58,197 - konomi.utils.schema_manager - ERROR - Failed to register migration for db_grid/D4/database.db: Invalid SQL script
2024-11-19 18:02:58,197 - konomi.utils.schema_manager - ERROR - Failed to register migration for db_grid/D4/database.db: Invalid SQL script
2024-11-19 18:02:58,197 - __main__ - ERROR - Failed to register migration for database D4
2024-11-19 18:02:58,202 - __main__ - INFO - Initializing database D5...
2024-11-19 18:02:58,203 - __main__ - INFO - Successfully initialized db_grid/D5/database.db
2024-11-19 18:02:58,204 - __main__ - INFO - Registering migration for database D5
2024-11-19 18:02:58,204 - konomi.utils.schema_manager - ERROR - SQL validation failed: cannot start a transaction within a transaction
2024-11-19 18:02:58,204 - konomi.utils.schema_manager - ERROR - SQL validation failed: cannot start a transaction within a transaction
2024-11-19 18:02:58,204 - konomi.utils.schema_manager - ERROR - Failed to register migration for db_grid/D5/database.db: Invalid SQL script
2024-11-19 18:02:58,204 - konomi.utils.schema_manager - ERROR - Failed to register migration for db_grid/D5/database.db: Invalid SQL script
2024-11-19 18:02:58,204 - __main__ - ERROR - Failed to register migration for database D5
2024-11-19 18:02:58,204 - __main__ - INFO - Initializing database E1...
2024-11-19 18:02:58,207 - __main__ - INFO - Successfully initialized db_grid/E1/database.db
2024-11-19 18:02:58,208 - __main__ - INFO - Registering migration for database E1
2024-11-19 18:02:58,208 - konomi.utils.schema_manager - ERROR - SQL validation failed: cannot start a transaction within a transaction
2024-11-19 18:02:58,208 - konomi.utils.schema_manager - ERROR - SQL validation failed: cannot start a transaction within a transaction
2024-11-19 18:02:58,209 - konomi.utils.schema_manager - ERROR - Failed to register migration for db_grid/E1/database.db: Invalid SQL script
2024-11-19 18:02:58,209 - konomi.utils.schema_manager - ERROR - Failed to register migration for db_grid/E1/database.db: Invalid SQL script
2024-11-19 18:02:58,209 - __main__ - ERROR - Failed to register migration for database E1
2024-11-19 18:02:58,209 - __main__ - INFO - Initializing database E2...
2024-11-19 18:02:58,218 - __main__ - INFO - Successfully initialized db_grid/E2/database.db
2024-11-19 18:02:58,218 - __main__ - INFO - Registering migration for database E2
2024-11-19 18:02:58,218 - konomi.utils.schema_manager - ERROR - SQL validation failed: cannot start a transaction within a transaction
2024-11-19 18:02:58,218 - konomi.utils.schema_manager - ERROR - SQL validation failed: cannot start a transaction within a transaction
2024-11-19 18:02:58,218 - konomi.utils.schema_manager - ERROR - Failed to register migration for db_grid/E2/database.db: Invalid SQL script
2024-11-19 18:02:58,218 - konomi.utils.schema_manager - ERROR - Failed to register migration for db_grid/E2/database.db: Invalid SQL script
2024-11-19 18:02:58,219 - __main__ - ERROR - Failed to register migration for database E2
2024-11-19 18:02:58,222 - __main__ - INFO - Initializing database E3...
2024-11-19 18:02:58,224 - __main__ - INFO - Successfully initialized db_grid/E3/database.db
2024-11-19 18:02:58,224 - __main__ - INFO - Registering migration for database E3
2024-11-19 18:02:58,225 - konomi.utils.schema_manager - ERROR - SQL validation failed: cannot start a transaction within a transaction
2024-11-19 18:02:58,225 - konomi.utils.schema_manager - ERROR - SQL validation failed: cannot start a transaction within a transaction
2024-11-19 18:02:58,232 - konomi.utils.schema_manager - ERROR - Failed to register migration for db_grid/E3/database.db: Invalid SQL script
2024-11-19 18:02:58,232 - konomi.utils.schema_manager - ERROR - Failed to register migration for db_grid/E3/database.db: Invalid SQL script
2024-11-19 18:02:58,233 - __main__ - ERROR - Failed to register migration for database E3
2024-11-19 18:02:58,233 - __main__ - INFO - Initializing database E4...
2024-11-19 18:02:58,242 - __main__ - INFO - Successfully initialized db_grid/E4/database.db
2024-11-19 18:02:58,242 - __main__ - INFO - Registering migration for database E4
2024-11-19 18:02:58,242 - konomi.utils.schema_manager - ERROR - SQL validation failed: cannot start a transaction within a transaction
2024-11-19 18:02:58,242 - konomi.utils.schema_manager - ERROR - SQL validation failed: cannot start a transaction within a transaction
2024-11-19 18:02:58,242 - konomi.utils.schema_manager - ERROR - Failed to register migration for db_grid/E4/database.db: Invalid SQL script
2024-11-19 18:02:58,242 - konomi.utils.schema_manager - ERROR - Failed to register migration for db_grid/E4/database.db: Invalid SQL script
2024-11-19 18:02:58,243 - __main__ - ERROR - Failed to register migration for database E4
2024-11-19 18:02:58,243 - __main__ - INFO - Initializing database E5...
2024-11-19 18:02:58,248 - __main__ - INFO - Successfully initialized db_grid/E5/database.db
2024-11-19 18:02:58,248 - __main__ - INFO - Registering migration for database E5
2024-11-19 18:02:58,249 - konomi.utils.schema_manager - ERROR - SQL validation failed: cannot start a transaction within a transaction
2024-11-19 18:02:58,249 - konomi.utils.schema_manager - ERROR - SQL validation failed: cannot start a transaction within a transaction
2024-11-19 18:02:58,249 - konomi.utils.schema_manager - ERROR - Failed to register migration for db_grid/E5/database.db: Invalid SQL script
2024-11-19 18:02:58,249 - konomi.utils.schema_manager - ERROR - Failed to register migration for db_grid/E5/database.db: Invalid SQL script
2024-11-19 18:02:58,249 - __main__ - ERROR - Failed to register migration for database E5
2024-11-19 18:02:58,249 - __main__ - WARNING - No schema defined for database F1
2024-11-19 18:02:58,249 - __main__ - WARNING - No schema defined for database F2
2024-11-19 18:02:58,249 - __main__ - WARNING - No schema defined for database F3
2024-11-19 18:02:58,249 - __main__ - WARNING - No schema defined for database F4
2024-11-19 18:02:58,250 - __main__ - WARNING - No schema defined for database F5
2024-11-19 18:02:58,250 - __main__ - WARNING - No schema defined for database G1
2024-11-19 18:02:58,250 - __main__ - WARNING - No schema defined for database G2
2024-11-19 18:02:58,250 - __main__ - WARNING - No schema defined for database G3
2024-11-19 18:02:58,250 - __main__ - WARNING - No schema defined for database G4
2024-11-19 18:02:58,250 - __main__ - WARNING - No schema defined for database G5
2024-11-19 18:02:58,832 - __main__ - INFO - Initializing database A1...
2024-11-19 18:02:58,836 - __main__ - INFO - Successfully initialized db_grid/A1/database.db
2024-11-19 18:02:58,836 - __main__ - INFO - Registering migration for database A1
2024-11-19 18:02:58,837 - konomi.utils.schema_manager - ERROR - SQL validation failed: cannot start a transaction within a transaction
2024-11-19 18:02:58,837 - konomi.utils.schema_manager - ERROR - SQL validation failed: cannot start a transaction within a transaction
2024-11-19 18:02:58,837 - konomi.utils.schema_manager - ERROR - Failed to register migration for db_grid/A1/database.db: Invalid SQL script
2024-11-19 18:02:58,837 - konomi.utils.schema_manager - ERROR - Failed to register migration for db_grid/A1/database.db: Invalid SQL script
2024-11-19 18:02:58,837 - __main__ - ERROR - Failed to register migration for database A1
2024-11-19 18:02:58,837 - __main__ - INFO - Initializing database A2...
2024-11-19 18:02:58,838 - __main__ - INFO - Successfully initialized db_grid/A2/database.db
2024-11-19 18:02:58,840 - __main__ - INFO - Registering migration for database A2
2024-11-19 18:02:58,841 - konomi.utils.schema_manager - ERROR - SQL validation failed: cannot start a transaction within a transaction
2024-11-19 18:02:58,841 - konomi.utils.schema_manager - ERROR - SQL validation failed: cannot start a transaction within a transaction
2024-11-19 18:02:58,841 - konomi.utils.schema_manager - ERROR - Failed to register migration for db_grid/A2/database.db: Invalid SQL script
2024-11-19 18:02:58,841 - konomi.utils.schema_manager - ERROR - Failed to register migration for db_grid/A2/database.db: Invalid SQL script
2024-11-19 18:02:58,843 - __main__ - ERROR - Failed to register migration for database A2
2024-11-19 18:02:58,843 - __main__ - INFO - Initializing database A3...
2024-11-19 18:02:58,843 - __main__ - INFO - Successfully initialized db_grid/A3/database.db
2024-11-19 18:02:58,843 - __main__ - INFO - Registering migration for database A3
2024-11-19 18:02:58,844 - konomi.utils.schema_manager - ERROR - SQL validation failed: cannot start a transaction within a transaction
2024-11-19 18:02:58,844 - konomi.utils.schema_manager - ERROR - SQL validation failed: cannot start a transaction within a transaction
2024-11-19 18:02:58,844 - konomi.utils.schema_manager - ERROR - Failed to register migration for db_grid/A3/database.db: Invalid SQL script
2024-11-19 18:02:58,844 - konomi.utils.schema_manager - ERROR - Failed to register migration for db_grid/A3/database.db: Invalid SQL script
2024-11-19 18:02:58,844 - __main__ - ERROR - Failed to register migration for database A3
2024-11-19 18:02:58,844 - __main__ - INFO - Initializing database A4...
2024-11-19 18:02:58,845 - __main__ - INFO - Successfully initialized db_grid/A4/database.db
2024-11-19 18:02:58,845 - __main__ - INFO - Registering migration for database A4
2024-11-19 18:02:58,845 - konomi.utils.schema_manager - ERROR - SQL validation failed: cannot start a transaction within a transaction
2024-11-19 18:02:58,845 - konomi.utils.schema_manager - ERROR - SQL validation failed: cannot start a transaction within a transaction
2024-11-19 18:02:58,845 - konomi.utils.schema_manager - ERROR - Failed to register migration for db_grid/A4/database.db: Invalid SQL script
2024-11-19 18:02:58,845 - konomi.utils.schema_manager - ERROR - Failed to register migration for db_grid/A4/database.db: Invalid SQL script
2024-11-19 18:02:58,845 - __main__ - ERROR - Failed to register migration for database A4
2024-11-19 18:02:58,846 - __main__ - INFO - Initializing database A5...
2024-11-19 18:02:58,847 - __main__ - INFO - Successfully initialized db_grid/A5/database.db
2024-11-19 18:02:58,848 - __main__ - INFO - Registering migration for database A5
2024-11-19 18:02:58,848 - konomi.utils.schema_manager - ERROR - SQL validation failed: cannot start a transaction within a transaction
2024-11-19 18:02:58,848 - konomi.utils.schema_manager - ERROR - SQL validation failed: cannot start a transaction within a transaction
2024-11-19 18:02:58,848 - konomi.utils.schema_manager - ERROR - Failed to register migration for db_grid/A5/database.db: Invalid SQL script
2024-11-19 18:02:58,848 - konomi.utils.schema_manager - ERROR - Failed to register migration for db_grid/A5/database.db: Invalid SQL script
2024-11-19 18:02:58,848 - __main__ - ERROR - Failed to register migration for database A5
2024-11-19 18:02:58,848 - __main__ - INFO - Initializing database B1...
2024-11-19 18:02:58,849 - __main__ - INFO - Successfully initialized db_grid/B1/database.db
2024-11-19 18:02:58,849 - __main__ - INFO - Registering migration for database B1
2024-11-19 18:02:58,850 - konomi.utils.schema_manager - ERROR - SQL validation failed: cannot start a transaction within a transaction
2024-11-19 18:02:58,850 - konomi.utils.schema_manager - ERROR - SQL validation failed: cannot start a transaction within a transaction
2024-11-19 18:02:58,850 - konomi.utils.schema_manager - ERROR - Failed to register migration for db_grid/B1/database.db: Invalid SQL script
2024-11-19 18:02:58,850 - konomi.utils.schema_manager - ERROR - Failed to register migration for db_grid/B1/database.db: Invalid SQL script
2024-11-19 18:02:58,850 - __main__ - ERROR - Failed to register migration for database B1
2024-11-19 18:02:58,851 - __main__ - INFO - Initializing database B2...
2024-11-19 18:02:58,851 - __main__ - INFO - Successfully initialized db_grid/B2/database.db
2024-11-19 18:02:58,851 - __main__ - INFO - Registering migration for database B2
2024-11-19 18:02:58,851 - konomi.utils.schema_manager - ERROR - SQL validation failed: cannot start a transaction within a transaction
2024-11-19 18:02:58,851 - konomi.utils.schema_manager - ERROR - SQL validation failed: cannot start a transaction within a transaction
2024-11-19 18:02:58,851 - konomi.utils.schema_manager - ERROR - Failed to register migration for db_grid/B2/database.db: Invalid SQL script
2024-11-19 18:02:58,851 - konomi.utils.schema_manager - ERROR - Failed to register migration for db_grid/B2/database.db: Invalid SQL script
2024-11-19 18:02:58,851 - __main__ - ERROR - Failed to register migration for database B2
2024-11-19 18:02:58,852 - __main__ - INFO - Initializing database B3...
2024-11-19 18:02:58,852 - __main__ - INFO - Successfully initialized db_grid/B3/database.db
2024-11-19 18:02:58,852 - __main__ - INFO - Registering migration for database B3
2024-11-19 18:02:58,852 - konomi.utils.schema_manager - ERROR - SQL validation failed: cannot start a transaction within a transaction
2024-11-19 18:02:58,852 - konomi.utils.schema_manager - ERROR - SQL validation failed: cannot start a transaction within a transaction
2024-11-19 18:02:58,852 - konomi.utils.schema_manager - ERROR - Failed to register migration for db_grid/B3/database.db: Invalid SQL script
2024-11-19 18:02:58,852 - konomi.utils.schema_manager - ERROR - Failed to register migration for db_grid/B3/database.db: Invalid SQL script
2024-11-19 18:02:58,852 - __main__ - ERROR - Failed to register migration for database B3
2024-11-19 18:02:58,852 - __main__ - INFO - Initializing database B4...
2024-11-19 18:02:58,853 - __main__ - INFO - Successfully initialized db_grid/B4/database.db
2024-11-19 18:02:58,853 - __main__ - INFO - Registering migration for database B4
2024-11-19 18:02:58,853 - konomi.utils.schema_manager - ERROR - SQL validation failed: cannot start a transaction within a transaction
2024-11-19 18:02:58,853 - konomi.utils.schema_manager - ERROR - SQL validation failed: cannot start a transaction within a transaction
2024-11-19 18:02:58,853 - konomi.utils.schema_manager - ERROR - Failed to register migration for db_grid/B4/database.db: Invalid SQL script
2024-11-19 18:02:58,853 - konomi.utils.schema_manager - ERROR - Failed to register migration for db_grid/B4/database.db: Invalid SQL script
2024-11-19 18:02:58,853 - __main__ - ERROR - Failed to register migration for database B4
2024-11-19 18:02:58,853 - __main__ - INFO - Initializing database B5...
2024-11-19 18:02:58,854 - __main__ - INFO - Successfully initialized db_grid/B5/database.db
2024-11-19 18:02:58,854 - __main__ - INFO - Registering migration for database B5
2024-11-19 18:02:58,854 - konomi.utils.schema_manager - ERROR - SQL validation failed: cannot start a transaction within a transaction
2024-11-19 18:02:58,854 - konomi.utils.schema_manager - ERROR - SQL validation failed: cannot start a transaction within a transaction
2024-11-19 18:02:58,854 - konomi.utils.schema_manager - ERROR - Failed to register migration for db_grid/B5/database.db: Invalid SQL script
2024-11-19 18:02:58,854 - konomi.utils.schema_manager - ERROR - Failed to register migration for db_grid/B5/database.db: Invalid SQL script
2024-11-19 18:02:58,855 - __main__ - ERROR - Failed to register migration for database B5
2024-11-19 18:02:58,855 - __main__ - INFO - Initializing database C1...
2024-11-19 18:02:58,855 - __main__ - INFO - Successfully initialized db_grid/C1/database.db
2024-11-19 18:02:58,856 - __main__ - INFO - Registering migration for database C1
2024-11-19 18:02:58,856 - konomi.utils.schema_manager - ERROR - SQL validation failed: cannot start a transaction within a transaction
2024-11-19 18:02:58,856 - konomi.utils.schema_manager - ERROR - SQL validation failed: cannot start a transaction within a transaction
2024-11-19 18:02:58,856 - konomi.utils.schema_manager - ERROR - Failed to register migration for db_grid/C1/database.db: Invalid SQL script
2024-11-19 18:02:58,856 - konomi.utils.schema_manager - ERROR - Failed to register migration for db_grid/C1/database.db: Invalid SQL script
2024-11-19 18:02:58,856 - __main__ - ERROR - Failed to register migration for database C1
2024-11-19 18:02:58,856 - __main__ - INFO - Initializing database C2...
2024-11-19 18:02:58,857 - __main__ - INFO - Successfully initialized db_grid/C2/database.db
2024-11-19 18:02:58,857 - __main__ - INFO - Registering migration for database C2
2024-11-19 18:02:58,857 - konomi.utils.schema_manager - ERROR - SQL validation failed: cannot start a transaction within a transaction
2024-11-19 18:02:58,857 - konomi.utils.schema_manager - ERROR - SQL validation failed: cannot start a transaction within a transaction
2024-11-19 18:02:58,858 - konomi.utils.schema_manager - ERROR - Failed to register migration for db_grid/C2/database.db: Invalid SQL script
2024-11-19 18:02:58,858 - konomi.utils.schema_manager - ERROR - Failed to register migration for db_grid/C2/database.db: Invalid SQL script
2024-11-19 18:02:58,858 - __main__ - ERROR - Failed to register migration for database C2
2024-11-19 18:02:58,858 - __main__ - INFO - Initializing database C3...
2024-11-19 18:02:58,858 - __main__ - INFO - Successfully initialized db_grid/C3/database.db
2024-11-19 18:02:58,859 - __main__ - INFO - Registering migration for database C3
2024-11-19 18:02:58,864 - konomi.utils.schema_manager - ERROR - SQL validation failed: cannot start a transaction within a transaction
2024-11-19 18:02:58,864 - konomi.utils.schema_manager - ERROR - SQL validation failed: cannot start a transaction within a transaction
2024-11-19 18:02:58,865 - konomi.utils.schema_manager - ERROR - Failed to register migration for db_grid/C3/database.db: Invalid SQL script
2024-11-19 18:02:58,865 - konomi.utils.schema_manager - ERROR - Failed to register migration for db_grid/C3/database.db: Invalid SQL script
2024-11-19 18:02:58,866 - __main__ - ERROR - Failed to register migration for database C3
2024-11-19 18:02:58,867 - __main__ - INFO - Initializing database C4...
2024-11-19 18:02:58,867 - __main__ - INFO - Successfully initialized db_grid/C4/database.db
2024-11-19 18:02:58,867 - __main__ - INFO - Registering migration for database C4
2024-11-19 18:02:58,867 - konomi.utils.schema_manager - ERROR - SQL validation failed: cannot start a transaction within a transaction
2024-11-19 18:02:58,867 - konomi.utils.schema_manager - ERROR - SQL validation failed: cannot start a transaction within a transaction
2024-11-19 18:02:58,868 - konomi.utils.schema_manager - ERROR - Failed to register migration for db_grid/C4/database.db: Invalid SQL script
2024-11-19 18:02:58,868 - konomi.utils.schema_manager - ERROR - Failed to register migration for db_grid/C4/database.db: Invalid SQL script
2024-11-19 18:02:58,868 - __main__ - ERROR - Failed to register migration for database C4
2024-11-19 18:02:58,869 - __main__ - INFO - Initializing database C5...
2024-11-19 18:02:58,870 - __main__ - INFO - Successfully initialized db_grid/C5/database.db
2024-11-19 18:02:58,871 - __main__ - INFO - Registering migration for database C5
2024-11-19 18:02:58,871 - konomi.utils.schema_manager - ERROR - SQL validation failed: cannot start a transaction within a transaction
2024-11-19 18:02:58,871 - konomi.utils.schema_manager - ERROR - SQL validation failed: cannot start a transaction within a transaction
2024-11-19 18:02:58,874 - konomi.utils.schema_manager - ERROR - Failed to register migration for db_grid/C5/database.db: Invalid SQL script
2024-11-19 18:02:58,874 - konomi.utils.schema_manager - ERROR - Failed to register migration for db_grid/C5/database.db: Invalid SQL script
2024-11-19 18:02:58,874 - __main__ - ERROR - Failed to register migration for database C5
2024-11-19 18:02:58,874 - __main__ - INFO - Initializing database D1...
2024-11-19 18:02:58,875 - __main__ - INFO - Successfully initialized db_grid/D1/database.db
2024-11-19 18:02:58,875 - __main__ - INFO - Registering migration for database D1
2024-11-19 18:02:58,876 - konomi.utils.schema_manager - ERROR - SQL validation failed: cannot start a transaction within a transaction
2024-11-19 18:02:58,876 - konomi.utils.schema_manager - ERROR - SQL validation failed: cannot start a transaction within a transaction
2024-11-19 18:02:58,876 - konomi.utils.schema_manager - ERROR - Failed to register migration for db_grid/D1/database.db: Invalid SQL script
2024-11-19 18:02:58,876 - konomi.utils.schema_manager - ERROR - Failed to register migration for db_grid/D1/database.db: Invalid SQL script
2024-11-19 18:02:58,877 - __main__ - ERROR - Failed to register migration for database D1
2024-11-19 18:02:58,877 - __main__ - INFO - Initializing database D2...
2024-11-19 18:02:58,877 - __main__ - INFO - Successfully initialized db_grid/D2/database.db
2024-11-19 18:02:58,877 - __main__ - INFO - Registering migration for database D2
2024-11-19 18:02:58,877 - konomi.utils.schema_manager - ERROR - SQL validation failed: cannot start a transaction within a transaction
2024-11-19 18:02:58,877 - konomi.utils.schema_manager - ERROR - SQL validation failed: cannot start a transaction within a transaction
2024-11-19 18:02:58,878 - konomi.utils.schema_manager - ERROR - Failed to register migration for db_grid/D2/database.db: Invalid SQL script
2024-11-19 18:02:58,878 - konomi.utils.schema_manager - ERROR - Failed to register migration for db_grid/D2/database.db: Invalid SQL script
2024-11-19 18:02:58,878 - __main__ - ERROR - Failed to register migration for database D2
2024-11-19 18:02:58,878 - __main__ - INFO - Initializing database D3...
2024-11-19 18:02:58,878 - __main__ - INFO - Successfully initialized db_grid/D3/database.db
2024-11-19 18:02:58,878 - __main__ - INFO - Registering migration for database D3
2024-11-19 18:02:58,879 - konomi.utils.schema_manager - ERROR - SQL validation failed: cannot start a transaction within a transaction
2024-11-19 18:02:58,879 - konomi.utils.schema_manager - ERROR - SQL validation failed: cannot start a transaction within a transaction
2024-11-19 18:02:58,879 - konomi.utils.schema_manager - ERROR - Failed to register migration for db_grid/D3/database.db: Invalid SQL script
2024-11-19 18:02:58,879 - konomi.utils.schema_manager - ERROR - Failed to register migration for db_grid/D3/database.db: Invalid SQL script
2024-11-19 18:02:58,879 - __main__ - ERROR - Failed to register migration for database D3
2024-11-19 18:02:58,879 - __main__ - INFO - Initializing database D4...
2024-11-19 18:02:58,880 - __main__ - INFO - Successfully initialized db_grid/D4/database.db
2024-11-19 18:02:58,880 - __main__ - INFO - Registering migration for database D4
2024-11-19 18:02:58,880 - konomi.utils.schema_manager - ERROR - SQL validation failed: cannot start a transaction within a transaction
2024-11-19 18:02:58,880 - konomi.utils.schema_manager - ERROR - SQL validation failed: cannot start a transaction within a transaction
2024-11-19 18:02:58,880 - konomi.utils.schema_manager - ERROR - Failed to register migration for db_grid/D4/database.db: Invalid SQL script
2024-11-19 18:02:58,880 - konomi.utils.schema_manager - ERROR - Failed to register migration for db_grid/D4/database.db: Invalid SQL script
2024-11-19 18:02:58,880 - __main__ - ERROR - Failed to register migration for database D4
2024-11-19 18:02:58,881 - __main__ - INFO - Initializing database D5...
2024-11-19 18:02:58,881 - __main__ - INFO - Successfully initialized db_grid/D5/database.db
2024-11-19 18:02:58,881 - __main__ - INFO - Registering migration for database D5
2024-11-19 18:02:58,881 - konomi.utils.schema_manager - ERROR - SQL validation failed: cannot start a transaction within a transaction
2024-11-19 18:02:58,881 - konomi.utils.schema_manager - ERROR - SQL validation failed: cannot start a transaction within a transaction
2024-11-19 18:02:58,882 - konomi.utils.schema_manager - ERROR - Failed to register migration for db_grid/D5/database.db: Invalid SQL script
2024-11-19 18:02:58,882 - konomi.utils.schema_manager - ERROR - Failed to register migration for db_grid/D5/database.db: Invalid SQL script
2024-11-19 18:02:58,882 - __main__ - ERROR - Failed to register migration for database D5
2024-11-19 18:02:58,882 - __main__ - INFO - Initializing database E1...
2024-11-19 18:02:58,882 - __main__ - INFO - Successfully initialized db_grid/E1/database.db
2024-11-19 18:02:58,882 - __main__ - INFO - Registering migration for database E1
2024-11-19 18:02:58,883 - konomi.utils.schema_manager - ERROR - SQL validation failed: cannot start a transaction within a transaction
2024-11-19 18:02:58,883 - konomi.utils.schema_manager - ERROR - SQL validation failed: cannot start a transaction within a transaction
2024-11-19 18:02:58,883 - konomi.utils.schema_manager - ERROR - Failed to register migration for db_grid/E1/database.db: Invalid SQL script
2024-11-19 18:02:58,883 - konomi.utils.schema_manager - ERROR - Failed to register migration for db_grid/E1/database.db: Invalid SQL script
2024-11-19 18:02:58,883 - __main__ - ERROR - Failed to register migration for database E1
2024-11-19 18:02:58,883 - __main__ - INFO - Initializing database E2...
2024-11-19 18:02:58,884 - __main__ - INFO - Successfully initialized db_grid/E2/database.db
2024-11-19 18:02:58,884 - __main__ - INFO - Registering migration for database E2
2024-11-19 18:02:58,884 - konomi.utils.schema_manager - ERROR - SQL validation failed: cannot start a transaction within a transaction
2024-11-19 18:02:58,884 - konomi.utils.schema_manager - ERROR - SQL validation failed: cannot start a transaction within a transaction
2024-11-19 18:02:58,884 - konomi.utils.schema_manager - ERROR - Failed to register migration for db_grid/E2/database.db: Invalid SQL script
2024-11-19 18:02:58,884 - konomi.utils.schema_manager - ERROR - Failed to register migration for db_grid/E2/database.db: Invalid SQL script
2024-11-19 18:02:58,884 - __main__ - ERROR - Failed to register migration for database E2
2024-11-19 18:02:58,884 - __main__ - INFO - Initializing database E3...
2024-11-19 18:02:58,885 - __main__ - INFO - Successfully initialized db_grid/E3/database.db
2024-11-19 18:02:58,885 - __main__ - INFO - Registering migration for database E3
2024-11-19 18:02:58,885 - konomi.utils.schema_manager - ERROR - SQL validation failed: cannot start a transaction within a transaction
2024-11-19 18:02:58,885 - konomi.utils.schema_manager - ERROR - SQL validation failed: cannot start a transaction within a transaction
2024-11-19 18:02:58,885 - konomi.utils.schema_manager - ERROR - Failed to register migration for db_grid/E3/database.db: Invalid SQL script
2024-11-19 18:02:58,885 - konomi.utils.schema_manager - ERROR - Failed to register migration for db_grid/E3/database.db: Invalid SQL script
2024-11-19 18:02:58,885 - __main__ - ERROR - Failed to register migration for database E3
2024-11-19 18:02:58,885 - __main__ - INFO - Initializing database E4...
2024-11-19 18:02:58,886 - __main__ - INFO - Successfully initialized db_grid/E4/database.db
2024-11-19 18:02:58,886 - __main__ - INFO - Registering migration for database E4
2024-11-19 18:02:58,886 - konomi.utils.schema_manager - ERROR - SQL validation failed: cannot start a transaction within a transaction
2024-11-19 18:02:58,886 - konomi.utils.schema_manager - ERROR - SQL validation failed: cannot start a transaction within a transaction
2024-11-19 18:02:58,886 - konomi.utils.schema_manager - ERROR - Failed to register migration for db_grid/E4/database.db: Invalid SQL script
2024-11-19 18:02:58,886 - konomi.utils.schema_manager - ERROR - Failed to register migration for db_grid/E4/database.db: Invalid SQL script
2024-11-19 18:02:58,887 - __main__ - ERROR - Failed to register migration for database E4
2024-11-19 18:02:58,887 - __main__ - INFO - Initializing database E5...
2024-11-19 18:02:58,887 - __main__ - INFO - Successfully initialized db_grid/E5/database.db
2024-11-19 18:02:58,887 - __main__ - INFO - Registering migration for database E5
2024-11-19 18:02:58,887 - konomi.utils.schema_manager - ERROR - SQL validation failed: cannot start a transaction within a transaction
2024-11-19 18:02:58,887 - konomi.utils.schema_manager - ERROR - SQL validation failed: cannot start a transaction within a transaction
2024-11-19 18:02:58,888 - konomi.utils.schema_manager - ERROR - Failed to register migration for db_grid/E5/database.db: Invalid SQL script
2024-11-19 18:02:58,888 - konomi.utils.schema_manager - ERROR - Failed to register migration for db_grid/E5/database.db: Invalid SQL script
2024-11-19 18:02:58,888 - __main__ - ERROR - Failed to register migration for database E5
2024-11-19 18:02:58,888 - __main__ - WARNING - No schema defined for database F1
2024-11-19 18:02:58,888 - __main__ - WARNING - No schema defined for database F2
2024-11-19 18:02:58,888 - __main__ - WARNING - No schema defined for database F3
2024-11-19 18:02:58,888 - __main__ - WARNING - No schema defined for database F4
2024-11-19 18:02:58,888 - __main__ - WARNING - No schema defined for database F5
2024-11-19 18:02:58,889 - __main__ - WARNING - No schema defined for database G1
2024-11-19 18:02:58,889 - __main__ - WARNING - No schema defined for database G2
2024-11-19 18:02:58,889 - __main__ - WARNING - No schema defined for database G3
2024-11-19 18:02:58,889 - __main__ - WARNING - No schema defined for database G4
2024-11-19 18:02:58,889 - __main__ - WARNING - No schema defined for database G5
2024-11-19 18:27:36,218 - __main__ - INFO - Initializing database A1...
2024-11-19 18:27:36,228 - __main__ - INFO - Successfully initialized db_grid/A1/database.db
2024-11-19 18:27:36,229 - __main__ - INFO - Registering migration for database A1
2024-11-19 18:27:36,248 - konomi.utils.schema_manager - ERROR - Failed to register migration: Migration version 1 already exists
2024-11-19 18:27:36,248 - konomi.utils.schema_manager - ERROR - Failed to register migration: Migration version 1 already exists
2024-11-19 18:27:36,249 - __main__ - ERROR - Failed to register migration for database A1
2024-11-19 18:27:36,249 - __main__ - INFO - Initializing database A2...
2024-11-19 18:27:36,251 - __main__ - INFO - Successfully initialized db_grid/A2/database.db
2024-11-19 18:27:36,251 - __main__ - INFO - Registering migration for database A2
2024-11-19 18:27:36,257 - konomi.utils.schema_manager - ERROR - Failed to register migration: Migration version 1 already exists
2024-11-19 18:27:36,257 - konomi.utils.schema_manager - ERROR - Failed to register migration: Migration version 1 already exists
2024-11-19 18:27:36,258 - __main__ - ERROR - Failed to register migration for database A2
2024-11-19 18:27:36,258 - __main__ - INFO - Initializing database A3...
2024-11-19 18:27:36,260 - __main__ - INFO - Successfully initialized db_grid/A3/database.db
2024-11-19 18:27:36,260 - __main__ - INFO - Registering migration for database A3
2024-11-19 18:27:36,261 - konomi.utils.schema_manager - ERROR - Failed to register migration: Migration version 1 already exists
2024-11-19 18:27:36,261 - konomi.utils.schema_manager - ERROR - Failed to register migration: Migration version 1 already exists
2024-11-19 18:27:36,262 - __main__ - ERROR - Failed to register migration for database A3
2024-11-19 18:27:36,262 - __main__ - INFO - Initializing database A4...
2024-11-19 18:27:36,263 - __main__ - INFO - Successfully initialized db_grid/A4/database.db
2024-11-19 18:27:36,264 - __main__ - INFO - Registering migration for database A4
2024-11-19 18:27:36,275 - konomi.utils.schema_manager - ERROR - Failed to register migration: Migration version 1 already exists
2024-11-19 18:27:36,275 - konomi.utils.schema_manager - ERROR - Failed to register migration: Migration version 1 already exists
2024-11-19 18:27:36,275 - __main__ - ERROR - Failed to register migration for database A4
2024-11-19 18:27:36,276 - __main__ - INFO - Initializing database A5...
2024-11-19 18:27:36,280 - __main__ - INFO - Successfully initialized db_grid/A5/database.db
2024-11-19 18:27:36,280 - __main__ - INFO - Registering migration for database A5
2024-11-19 18:27:36,286 - konomi.utils.schema_manager - ERROR - Failed to register migration: Migration version 1 already exists
2024-11-19 18:27:36,286 - konomi.utils.schema_manager - ERROR - Failed to register migration: Migration version 1 already exists
2024-11-19 18:27:36,288 - __main__ - ERROR - Failed to register migration for database A5
2024-11-19 18:27:36,288 - __main__ - INFO - Initializing database B1...
2024-11-19 18:27:36,295 - __main__ - INFO - Successfully initialized db_grid/B1/database.db
2024-11-19 18:27:36,298 - __main__ - INFO - Registering migration for database B1
2024-11-19 18:27:36,300 - konomi.utils.schema_manager - ERROR - Failed to register migration: Migration version 1 already exists
2024-11-19 18:27:36,300 - konomi.utils.schema_manager - ERROR - Failed to register migration: Migration version 1 already exists
2024-11-19 18:27:36,300 - __main__ - ERROR - Failed to register migration for database B1
2024-11-19 18:27:36,300 - __main__ - INFO - Initializing database B2...
2024-11-19 18:27:36,303 - __main__ - INFO - Successfully initialized db_grid/B2/database.db
2024-11-19 18:27:36,304 - __main__ - INFO - Registering migration for database B2
2024-11-19 18:27:36,305 - konomi.utils.schema_manager - ERROR - Failed to register migration: Migration version 1 already exists
2024-11-19 18:27:36,305 - konomi.utils.schema_manager - ERROR - Failed to register migration: Migration version 1 already exists
2024-11-19 18:27:36,305 - __main__ - ERROR - Failed to register migration for database B2
2024-11-19 18:27:36,305 - __main__ - INFO - Initializing database B3...
2024-11-19 18:27:36,309 - __main__ - INFO - Successfully initialized db_grid/B3/database.db
2024-11-19 18:27:36,309 - __main__ - INFO - Registering migration for database B3
2024-11-19 18:27:36,311 - konomi.utils.schema_manager - ERROR - Failed to register migration: Migration version 1 already exists
2024-11-19 18:27:36,311 - konomi.utils.schema_manager - ERROR - Failed to register migration: Migration version 1 already exists
2024-11-19 18:27:36,311 - __main__ - ERROR - Failed to register migration for database B3
2024-11-19 18:27:36,312 - __main__ - INFO - Initializing database B4...
2024-11-19 18:27:36,314 - __main__ - INFO - Successfully initialized db_grid/B4/database.db
2024-11-19 18:27:36,315 - __main__ - INFO - Registering migration for database B4
2024-11-19 18:27:36,316 - konomi.utils.schema_manager - ERROR - Failed to register migration: Migration version 1 already exists
2024-11-19 18:27:36,316 - konomi.utils.schema_manager - ERROR - Failed to register migration: Migration version 1 already exists
2024-11-19 18:27:36,317 - __main__ - ERROR - Failed to register migration for database B4
2024-11-19 18:27:36,317 - __main__ - INFO - Initializing database B5...
2024-11-19 18:27:36,319 - __main__ - INFO - Successfully initialized db_grid/B5/database.db
2024-11-19 18:27:36,319 - __main__ - INFO - Registering migration for database B5
2024-11-19 18:27:36,321 - konomi.utils.schema_manager - ERROR - Failed to register migration: Migration version 1 already exists
2024-11-19 18:27:36,321 - konomi.utils.schema_manager - ERROR - Failed to register migration: Migration version 1 already exists
2024-11-19 18:27:36,321 - __main__ - ERROR - Failed to register migration for database B5
2024-11-19 18:27:36,321 - __main__ - INFO - Initializing database C1...
2024-11-19 18:27:36,325 - __main__ - INFO - Successfully initialized db_grid/C1/database.db
2024-11-19 18:27:36,325 - __main__ - INFO - Registering migration for database C1
2024-11-19 18:27:36,329 - konomi.utils.schema_manager - ERROR - Failed to register migration: Migration version 1 already exists
2024-11-19 18:27:36,329 - konomi.utils.schema_manager - ERROR - Failed to register migration: Migration version 1 already exists
2024-11-19 18:27:36,330 - __main__ - ERROR - Failed to register migration for database C1
2024-11-19 18:27:36,330 - __main__ - INFO - Initializing database C2...
2024-11-19 18:27:36,333 - __main__ - INFO - Successfully initialized db_grid/C2/database.db
2024-11-19 18:27:36,333 - __main__ - INFO - Registering migration for database C2
2024-11-19 18:27:36,334 - konomi.utils.schema_manager - ERROR - Failed to register migration: Migration version 1 already exists
2024-11-19 18:27:36,334 - konomi.utils.schema_manager - ERROR - Failed to register migration: Migration version 1 already exists
2024-11-19 18:27:36,335 - __main__ - ERROR - Failed to register migration for database C2
2024-11-19 18:27:36,335 - __main__ - INFO - Initializing database C3...
2024-11-19 18:27:36,339 - __main__ - INFO - Successfully initialized db_grid/C3/database.db
2024-11-19 18:27:36,339 - __main__ - INFO - Registering migration for database C3
2024-11-19 18:27:36,342 - konomi.utils.schema_manager - ERROR - Failed to register migration: Migration version 1 already exists
2024-11-19 18:27:36,342 - konomi.utils.schema_manager - ERROR - Failed to register migration: Migration version 1 already exists
2024-11-19 18:27:36,342 - __main__ - ERROR - Failed to register migration for database C3
2024-11-19 18:27:36,342 - __main__ - INFO - Initializing database C4...
2024-11-19 18:27:36,349 - __main__ - INFO - Successfully initialized db_grid/C4/database.db
2024-11-19 18:27:36,349 - __main__ - INFO - Registering migration for database C4
2024-11-19 18:27:36,350 - konomi.utils.schema_manager - ERROR - Failed to register migration: Migration version 1 already exists
2024-11-19 18:27:36,350 - konomi.utils.schema_manager - ERROR - Failed to register migration: Migration version 1 already exists
2024-11-19 18:27:36,351 - __main__ - ERROR - Failed to register migration for database C4
2024-11-19 18:27:36,351 - __main__ - INFO - Initializing database C5...
2024-11-19 18:27:36,355 - __main__ - INFO - Successfully initialized db_grid/C5/database.db
2024-11-19 18:27:36,356 - __main__ - INFO - Registering migration for database C5
2024-11-19 18:27:36,357 - konomi.utils.schema_manager - ERROR - Failed to register migration: Migration version 1 already exists
2024-11-19 18:27:36,357 - konomi.utils.schema_manager - ERROR - Failed to register migration: Migration version 1 already exists
2024-11-19 18:27:36,358 - __main__ - ERROR - Failed to register migration for database C5
2024-11-19 18:27:36,358 - __main__ - INFO - Initializing database D1...
2024-11-19 18:27:36,361 - __main__ - INFO - Successfully initialized db_grid/D1/database.db
2024-11-19 18:27:36,361 - __main__ - INFO - Registering migration for database D1
2024-11-19 18:27:36,366 - konomi.utils.schema_manager - ERROR - Failed to register migration: Migration version 1 already exists
2024-11-19 18:27:36,366 - konomi.utils.schema_manager - ERROR - Failed to register migration: Migration version 1 already exists
2024-11-19 18:27:36,366 - __main__ - ERROR - Failed to register migration for database D1
2024-11-19 18:27:36,366 - __main__ - INFO - Initializing database D2...
2024-11-19 18:27:36,369 - __main__ - INFO - Successfully initialized db_grid/D2/database.db
2024-11-19 18:27:36,369 - __main__ - INFO - Registering migration for database D2
2024-11-19 18:27:36,371 - konomi.utils.schema_manager - ERROR - Failed to register migration: Migration version 1 already exists
2024-11-19 18:27:36,371 - konomi.utils.schema_manager - ERROR - Failed to register migration: Migration version 1 already exists
2024-11-19 18:27:36,372 - __main__ - ERROR - Failed to register migration for database D2
2024-11-19 18:27:36,372 - __main__ - INFO - Initializing database D3...
2024-11-19 18:27:36,375 - __main__ - INFO - Successfully initialized db_grid/D3/database.db
2024-11-19 18:27:36,375 - __main__ - INFO - Registering migration for database D3
2024-11-19 18:27:36,377 - konomi.utils.schema_manager - ERROR - Failed to register migration: Migration version 1 already exists
2024-11-19 18:27:36,377 - konomi.utils.schema_manager - ERROR - Failed to register migration: Migration version 1 already exists
2024-11-19 18:27:36,377 - __main__ - ERROR - Failed to register migration for database D3
2024-11-19 18:27:36,377 - __main__ - INFO - Initializing database D4...
2024-11-19 18:27:36,380 - __main__ - INFO - Successfully initialized db_grid/D4/database.db
2024-11-19 18:27:36,380 - __main__ - INFO - Registering migration for database D4
2024-11-19 18:27:36,382 - konomi.utils.schema_manager - ERROR - Failed to register migration: Migration version 1 already exists
2024-11-19 18:27:36,382 - konomi.utils.schema_manager - ERROR - Failed to register migration: Migration version 1 already exists
2024-11-19 18:27:36,382 - __main__ - ERROR - Failed to register migration for database D4
2024-11-19 18:27:36,382 - __main__ - INFO - Initializing database D5...
2024-11-19 18:27:36,384 - __main__ - INFO - Successfully initialized db_grid/D5/database.db
2024-11-19 18:27:36,384 - __main__ - INFO - Registering migration for database D5
2024-11-19 18:27:36,386 - konomi.utils.schema_manager - ERROR - Failed to register migration: Migration version 1 already exists
2024-11-19 18:27:36,386 - konomi.utils.schema_manager - ERROR - Failed to register migration: Migration version 1 already exists
2024-11-19 18:27:36,386 - __main__ - ERROR - Failed to register migration for database D5
2024-11-19 18:27:36,386 - __main__ - INFO - Initializing database E1...
2024-11-19 18:27:36,388 - __main__ - INFO - Successfully initialized db_grid/E1/database.db
2024-11-19 18:27:36,388 - __main__ - INFO - Registering migration for database E1
2024-11-19 18:27:36,390 - konomi.utils.schema_manager - ERROR - Failed to register migration: Migration version 1 already exists
2024-11-19 18:27:36,390 - konomi.utils.schema_manager - ERROR - Failed to register migration: Migration version 1 already exists
2024-11-19 18:27:36,390 - __main__ - ERROR - Failed to register migration for database E1
2024-11-19 18:27:36,390 - __main__ - INFO - Initializing database E2...
2024-11-19 18:27:36,392 - __main__ - INFO - Successfully initialized db_grid/E2/database.db
2024-11-19 18:27:36,392 - __main__ - INFO - Registering migration for database E2
2024-11-19 18:27:36,394 - konomi.utils.schema_manager - ERROR - Failed to register migration: Migration version 1 already exists
2024-11-19 18:27:36,394 - konomi.utils.schema_manager - ERROR - Failed to register migration: Migration version 1 already exists
2024-11-19 18:27:36,394 - __main__ - ERROR - Failed to register migration for database E2
2024-11-19 18:27:36,395 - __main__ - INFO - Initializing database E3...
2024-11-19 18:27:36,396 - __main__ - INFO - Successfully initialized db_grid/E3/database.db
2024-11-19 18:27:36,396 - __main__ - INFO - Registering migration for database E3
2024-11-19 18:27:36,398 - konomi.utils.schema_manager - ERROR - Failed to register migration: Migration version 1 already exists
2024-11-19 18:27:36,398 - konomi.utils.schema_manager - ERROR - Failed to register migration: Migration version 1 already exists
2024-11-19 18:27:36,398 - __main__ - ERROR - Failed to register migration for database E3
2024-11-19 18:27:36,398 - __main__ - INFO - Initializing database E4...
2024-11-19 18:27:36,400 - __main__ - INFO - Successfully initialized db_grid/E4/database.db
2024-11-19 18:27:36,401 - __main__ - INFO - Registering migration for database E4
2024-11-19 18:27:36,403 - konomi.utils.schema_manager - ERROR - Failed to register migration: Migration version 1 already exists
2024-11-19 18:27:36,403 - konomi.utils.schema_manager - ERROR - Failed to register migration: Migration version 1 already exists
2024-11-19 18:27:36,403 - __main__ - ERROR - Failed to register migration for database E4
2024-11-19 18:27:36,403 - __main__ - INFO - Initializing database E5...
2024-11-19 18:27:36,405 - __main__ - INFO - Successfully initialized db_grid/E5/database.db
2024-11-19 18:27:36,405 - __main__ - INFO - Registering migration for database E5
2024-11-19 18:27:36,407 - konomi.utils.schema_manager - ERROR - Failed to register migration: Migration version 1 already exists
2024-11-19 18:27:36,407 - konomi.utils.schema_manager - ERROR - Failed to register migration: Migration version 1 already exists
2024-11-19 18:27:36,408 - __main__ - ERROR - Failed to register migration for database E5
2024-11-19 18:27:36,408 - __main__ - WARNING - No schema defined for database F1
2024-11-19 18:27:36,408 - __main__ - WARNING - No schema defined for database F2
2024-11-19 18:27:36,408 - __main__ - WARNING - No schema defined for database F3
2024-11-19 18:27:36,408 - __main__ - WARNING - No schema defined for database F4
2024-11-19 18:27:36,408 - __main__ - WARNING - No schema defined for database F5
2024-11-19 18:27:36,408 - __main__ - WARNING - No schema defined for database G1
2024-11-19 18:27:36,408 - __main__ - WARNING - No schema defined for database G2
2024-11-19 18:27:36,409 - __main__ - WARNING - No schema defined for database G3
2024-11-19 18:27:36,409 - __main__ - WARNING - No schema defined for database G4
2024-11-19 18:27:36,409 - __main__ - WARNING - No schema defined for database G5
2024-11-19 18:27:36,922 - __main__ - INFO - Initializing database A1...
2024-11-19 18:27:36,922 - __main__ - INFO - Successfully initialized db_grid/A1/database.db
2024-11-19 18:27:36,922 - __main__ - INFO - Registering migration for database A1
2024-11-19 18:27:36,924 - konomi.utils.schema_manager - ERROR - Failed to register migration: Migration version 1 already exists
2024-11-19 18:27:36,924 - konomi.utils.schema_manager - ERROR - Failed to register migration: Migration version 1 already exists
2024-11-19 18:27:36,924 - __main__ - ERROR - Failed to register migration for database A1
2024-11-19 18:27:36,924 - __main__ - INFO - Initializing database A2...
2024-11-19 18:27:36,924 - __main__ - INFO - Successfully initialized db_grid/A2/database.db
2024-11-19 18:27:36,924 - __main__ - INFO - Registering migration for database A2
2024-11-19 18:27:36,925 - konomi.utils.schema_manager - ERROR - Failed to register migration: Migration version 1 already exists
2024-11-19 18:27:36,925 - konomi.utils.schema_manager - ERROR - Failed to register migration: Migration version 1 already exists
2024-11-19 18:27:36,925 - __main__ - ERROR - Failed to register migration for database A2
2024-11-19 18:27:36,925 - __main__ - INFO - Initializing database A3...
2024-11-19 18:27:36,925 - __main__ - INFO - Successfully initialized db_grid/A3/database.db
2024-11-19 18:27:36,925 - __main__ - INFO - Registering migration for database A3
2024-11-19 18:27:36,926 - konomi.utils.schema_manager - ERROR - Failed to register migration: Migration version 1 already exists
2024-11-19 18:27:36,926 - konomi.utils.schema_manager - ERROR - Failed to register migration: Migration version 1 already exists
2024-11-19 18:27:36,926 - __main__ - ERROR - Failed to register migration for database A3
2024-11-19 18:27:36,926 - __main__ - INFO - Initializing database A4...
2024-11-19 18:27:36,926 - __main__ - INFO - Successfully initialized db_grid/A4/database.db
2024-11-19 18:27:36,926 - __main__ - INFO - Registering migration for database A4
2024-11-19 18:27:36,927 - konomi.utils.schema_manager - ERROR - Failed to register migration: Migration version 1 already exists
2024-11-19 18:27:36,927 - konomi.utils.schema_manager - ERROR - Failed to register migration: Migration version 1 already exists
2024-11-19 18:27:36,927 - __main__ - ERROR - Failed to register migration for database A4
2024-11-19 18:27:36,927 - __main__ - INFO - Initializing database A5...
2024-11-19 18:27:36,931 - __main__ - INFO - Successfully initialized db_grid/A5/database.db
2024-11-19 18:27:36,931 - __main__ - INFO - Registering migration for database A5
2024-11-19 18:27:36,931 - konomi.utils.schema_manager - ERROR - Failed to register migration: Migration version 1 already exists
2024-11-19 18:27:36,931 - konomi.utils.schema_manager - ERROR - Failed to register migration: Migration version 1 already exists
2024-11-19 18:27:36,932 - __main__ - ERROR - Failed to register migration for database A5
2024-11-19 18:27:36,932 - __main__ - INFO - Initializing database B1...
2024-11-19 18:27:36,932 - __main__ - INFO - Successfully initialized db_grid/B1/database.db
2024-11-19 18:27:36,932 - __main__ - INFO - Registering migration for database B1
2024-11-19 18:27:36,932 - konomi.utils.schema_manager - ERROR - Failed to register migration: Migration version 1 already exists
2024-11-19 18:27:36,932 - konomi.utils.schema_manager - ERROR - Failed to register migration: Migration version 1 already exists
2024-11-19 18:27:36,933 - __main__ - ERROR - Failed to register migration for database B1
2024-11-19 18:27:36,933 - __main__ - INFO - Initializing database B2...
2024-11-19 18:27:36,933 - __main__ - INFO - Successfully initialized db_grid/B2/database.db
2024-11-19 18:27:36,933 - __main__ - INFO - Registering migration for database B2
2024-11-19 18:27:36,934 - konomi.utils.schema_manager - ERROR - Failed to register migration: Migration version 1 already exists
2024-11-19 18:27:36,934 - konomi.utils.schema_manager - ERROR - Failed to register migration: Migration version 1 already exists
2024-11-19 18:27:36,934 - __main__ - ERROR - Failed to register migration for database B2
2024-11-19 18:27:36,938 - __main__ - INFO - Initializing database B3...
2024-11-19 18:27:36,938 - __main__ - INFO - Successfully initialized db_grid/B3/database.db
2024-11-19 18:27:36,939 - __main__ - INFO - Registering migration for database B3
2024-11-19 18:27:36,939 - konomi.utils.schema_manager - ERROR - Failed to register migration: Migration version 1 already exists
2024-11-19 18:27:36,939 - konomi.utils.schema_manager - ERROR - Failed to register migration: Migration version 1 already exists
2024-11-19 18:27:36,939 - __main__ - ERROR - Failed to register migration for database B3
2024-11-19 18:27:36,939 - __main__ - INFO - Initializing database B4...
2024-11-19 18:27:36,939 - __main__ - INFO - Successfully initialized db_grid/B4/database.db
2024-11-19 18:27:36,939 - __main__ - INFO - Registering migration for database B4
2024-11-19 18:27:36,940 - konomi.utils.schema_manager - ERROR - Failed to register migration: Migration version 1 already exists
2024-11-19 18:27:36,940 - konomi.utils.schema_manager - ERROR - Failed to register migration: Migration version 1 already exists
2024-11-19 18:27:36,940 - __main__ - ERROR - Failed to register migration for database B4
2024-11-19 18:27:36,940 - __main__ - INFO - Initializing database B5...
2024-11-19 18:27:36,941 - __main__ - INFO - Successfully initialized db_grid/B5/database.db
2024-11-19 18:27:36,941 - __main__ - INFO - Registering migration for database B5
2024-11-19 18:27:36,941 - konomi.utils.schema_manager - ERROR - Failed to register migration: Migration version 1 already exists
2024-11-19 18:27:36,941 - konomi.utils.schema_manager - ERROR - Failed to register migration: Migration version 1 already exists
2024-11-19 18:27:36,942 - __main__ - ERROR - Failed to register migration for database B5
2024-11-19 18:27:36,942 - __main__ - INFO - Initializing database C1...
2024-11-19 18:27:36,944 - __main__ - INFO - Successfully initialized db_grid/C1/database.db
2024-11-19 18:27:36,944 - __main__ - INFO - Registering migration for database C1
2024-11-19 18:27:36,945 - konomi.utils.schema_manager - ERROR - Failed to register migration: Migration version 1 already exists
2024-11-19 18:27:36,945 - konomi.utils.schema_manager - ERROR - Failed to register migration: Migration version 1 already exists
2024-11-19 18:27:36,945 - __main__ - ERROR - Failed to register migration for database C1
2024-11-19 18:27:36,945 - __main__ - INFO - Initializing database C2...
2024-11-19 18:27:36,945 - __main__ - INFO - Successfully initialized db_grid/C2/database.db
2024-11-19 18:27:36,945 - __main__ - INFO - Registering migration for database C2
2024-11-19 18:27:36,946 - konomi.utils.schema_manager - ERROR - Failed to register migration: Migration version 1 already exists
2024-11-19 18:27:36,946 - konomi.utils.schema_manager - ERROR - Failed to register migration: Migration version 1 already exists
2024-11-19 18:27:36,946 - __main__ - ERROR - Failed to register migration for database C2
2024-11-19 18:27:36,951 - __main__ - INFO - Initializing database C3...
2024-11-19 18:27:36,952 - __main__ - INFO - Successfully initialized db_grid/C3/database.db
2024-11-19 18:27:36,954 - __main__ - INFO - Registering migration for database C3
2024-11-19 18:27:36,954 - konomi.utils.schema_manager - ERROR - Failed to register migration: Migration version 1 already exists
2024-11-19 18:27:36,954 - konomi.utils.schema_manager - ERROR - Failed to register migration: Migration version 1 already exists
2024-11-19 18:27:36,955 - __main__ - ERROR - Failed to register migration for database C3
2024-11-19 18:27:36,955 - __main__ - INFO - Initializing database C4...
2024-11-19 18:27:36,955 - __main__ - INFO - Successfully initialized db_grid/C4/database.db
2024-11-19 18:27:36,955 - __main__ - INFO - Registering migration for database C4
2024-11-19 18:27:36,955 - konomi.utils.schema_manager - ERROR - Failed to register migration: Migration version 1 already exists
2024-11-19 18:27:36,955 - konomi.utils.schema_manager - ERROR - Failed to register migration: Migration version 1 already exists
2024-11-19 18:27:36,956 - __main__ - ERROR - Failed to register migration for database C4
2024-11-19 18:27:36,956 - __main__ - INFO - Initializing database C5...
2024-11-19 18:27:36,956 - __main__ - INFO - Successfully initialized db_grid/C5/database.db
2024-11-19 18:27:36,956 - __main__ - INFO - Registering migration for database C5
2024-11-19 18:27:36,956 - konomi.utils.schema_manager - ERROR - Failed to register migration: Migration version 1 already exists
2024-11-19 18:27:36,956 - konomi.utils.schema_manager - ERROR - Failed to register migration: Migration version 1 already exists
2024-11-19 18:27:36,956 - __main__ - ERROR - Failed to register migration for database C5
2024-11-19 18:27:36,957 - __main__ - INFO - Initializing database D1...
2024-11-19 18:27:36,957 - __main__ - INFO - Successfully initialized db_grid/D1/database.db
2024-11-19 18:27:36,957 - __main__ - INFO - Registering migration for database D1
2024-11-19 18:27:36,961 - konomi.utils.schema_manager - ERROR - Failed to register migration: Migration version 1 already exists
2024-11-19 18:27:36,961 - konomi.utils.schema_manager - ERROR - Failed to register migration: Migration version 1 already exists
2024-11-19 18:27:36,961 - __main__ - ERROR - Failed to register migration for database D1
2024-11-19 18:27:36,961 - __main__ - INFO - Initializing database D2...
2024-11-19 18:27:36,961 - __main__ - INFO - Successfully initialized db_grid/D2/database.db
2024-11-19 18:27:36,961 - __main__ - INFO - Registering migration for database D2
2024-11-19 18:27:36,962 - konomi.utils.schema_manager - ERROR - Failed to register migration: Migration version 1 already exists
2024-11-19 18:27:36,962 - konomi.utils.schema_manager - ERROR - Failed to register migration: Migration version 1 already exists
2024-11-19 18:27:36,962 - __main__ - ERROR - Failed to register migration for database D2
2024-11-19 18:27:36,962 - __main__ - INFO - Initializing database D3...
2024-11-19 18:27:36,962 - __main__ - INFO - Successfully initialized db_grid/D3/database.db
2024-11-19 18:27:36,962 - __main__ - INFO - Registering migration for database D3
2024-11-19 18:27:36,963 - konomi.utils.schema_manager - ERROR - Failed to register migration: Migration version 1 already exists
2024-11-19 18:27:36,963 - konomi.utils.schema_manager - ERROR - Failed to register migration: Migration version 1 already exists
2024-11-19 18:27:36,963 - __main__ - ERROR - Failed to register migration for database D3
2024-11-19 18:27:36,963 - __main__ - INFO - Initializing database D4...
2024-11-19 18:27:36,965 - __main__ - INFO - Successfully initialized db_grid/D4/database.db
2024-11-19 18:27:36,965 - __main__ - INFO - Registering migration for database D4
2024-11-19 18:27:36,965 - konomi.utils.schema_manager - ERROR - Failed to register migration: Migration version 1 already exists
2024-11-19 18:27:36,965 - konomi.utils.schema_manager - ERROR - Failed to register migration: Migration version 1 already exists
2024-11-19 18:27:36,965 - __main__ - ERROR - Failed to register migration for database D4
2024-11-19 18:27:36,965 - __main__ - INFO - Initializing database D5...
2024-11-19 18:27:36,966 - __main__ - INFO - Successfully initialized db_grid/D5/database.db
2024-11-19 18:27:36,966 - __main__ - INFO - Registering migration for database D5
2024-11-19 18:27:36,966 - konomi.utils.schema_manager - ERROR - Failed to register migration: Migration version 1 already exists
2024-11-19 18:27:36,966 - konomi.utils.schema_manager - ERROR - Failed to register migration: Migration version 1 already exists
2024-11-19 18:27:36,966 - __main__ - ERROR - Failed to register migration for database D5
2024-11-19 18:27:36,966 - __main__ - INFO - Initializing database E1...
2024-11-19 18:27:36,967 - __main__ - INFO - Successfully initialized db_grid/E1/database.db
2024-11-19 18:27:36,967 - __main__ - INFO - Registering migration for database E1
2024-11-19 18:27:36,967 - konomi.utils.schema_manager - ERROR - Failed to register migration: Migration version 1 already exists
2024-11-19 18:27:36,967 - konomi.utils.schema_manager - ERROR - Failed to register migration: Migration version 1 already exists
2024-11-19 18:27:36,967 - __main__ - ERROR - Failed to register migration for database E1
2024-11-19 18:27:36,967 - __main__ - INFO - Initializing database E2...
2024-11-19 18:27:36,968 - __main__ - INFO - Successfully initialized db_grid/E2/database.db
2024-11-19 18:27:36,968 - __main__ - INFO - Registering migration for database E2
2024-11-19 18:27:36,971 - konomi.utils.schema_manager - ERROR - Failed to register migration: Migration version 1 already exists
2024-11-19 18:27:36,971 - konomi.utils.schema_manager - ERROR - Failed to register migration: Migration version 1 already exists
2024-11-19 18:27:36,971 - __main__ - ERROR - Failed to register migration for database E2
2024-11-19 18:27:36,971 - __main__ - INFO - Initializing database E3...
2024-11-19 18:27:36,973 - __main__ - INFO - Successfully initialized db_grid/E3/database.db
2024-11-19 18:27:36,973 - __main__ - INFO - Registering migration for database E3
2024-11-19 18:27:36,973 - konomi.utils.schema_manager - ERROR - Failed to register migration: Migration version 1 already exists
2024-11-19 18:27:36,973 - konomi.utils.schema_manager - ERROR - Failed to register migration: Migration version 1 already exists
2024-11-19 18:27:36,973 - __main__ - ERROR - Failed to register migration for database E3
2024-11-19 18:27:36,973 - __main__ - INFO - Initializing database E4...
2024-11-19 18:27:36,987 - __main__ - INFO - Successfully initialized db_grid/E4/database.db
2024-11-19 18:27:36,987 - __main__ - INFO - Registering migration for database E4
2024-11-19 18:27:36,988 - konomi.utils.schema_manager - ERROR - Failed to register migration: Migration version 1 already exists
2024-11-19 18:27:36,988 - konomi.utils.schema_manager - ERROR - Failed to register migration: Migration version 1 already exists
2024-11-19 18:27:36,988 - __main__ - ERROR - Failed to register migration for database E4
2024-11-19 18:27:36,988 - __main__ - INFO - Initializing database E5...
2024-11-19 18:27:36,988 - __main__ - INFO - Successfully initialized db_grid/E5/database.db
2024-11-19 18:27:36,988 - __main__ - INFO - Registering migration for database E5
2024-11-19 18:27:36,989 - konomi.utils.schema_manager - ERROR - Failed to register migration: Migration version 1 already exists
2024-11-19 18:27:36,989 - konomi.utils.schema_manager - ERROR - Failed to register migration: Migration version 1 already exists
2024-11-19 18:27:36,989 - __main__ - ERROR - Failed to register migration for database E5
2024-11-19 18:27:36,989 - __main__ - WARNING - No schema defined for database F1
2024-11-19 18:27:36,993 - __main__ - WARNING - No schema defined for database F2
2024-11-19 18:27:36,994 - __main__ - WARNING - No schema defined for database F3
2024-11-19 18:27:36,994 - __main__ - WARNING - No schema defined for database F4
2024-11-19 18:27:36,994 - __main__ - WARNING - No schema defined for database F5
2024-11-19 18:27:36,994 - __main__ - WARNING - No schema defined for database G1
2024-11-19 18:27:36,994 - __main__ - WARNING - No schema defined for database G2
2024-11-19 18:27:36,994 - __main__ - WARNING - No schema defined for database G3
2024-11-19 18:27:36,994 - __main__ - WARNING - No schema defined for database G4
2024-11-19 18:27:36,994 - __main__ - WARNING - No schema defined for database G5
2024-11-19 18:29:07,213 - __main__ - INFO - Initializing database A1...
2024-11-19 18:29:07,228 - __main__ - INFO - Successfully initialized db_grid/A1/database.db
2024-11-19 18:29:07,271 - konomi.utils.schema_manager - INFO - Cleaned migrations from db_grid/A1/database.db
2024-11-19 18:29:07,271 - konomi.utils.schema_manager - INFO - Cleaned migrations from db_grid/A1/database.db
2024-11-19 18:29:07,271 - __main__ - INFO - Registering migration for database A1
2024-11-19 18:29:07,299 - konomi.utils.schema_manager - INFO - Registered migration version 1 for db_grid/A1/database.db
2024-11-19 18:29:07,299 - konomi.utils.schema_manager - INFO - Registered migration version 1 for db_grid/A1/database.db
2024-11-19 18:29:07,300 - __main__ - INFO - Applying migration for database A1
2024-11-19 18:29:07,300 - konomi.utils.schema_manager - ERROR - Failed to execute migration: cannot start a transaction within a transaction
2024-11-19 18:29:07,300 - konomi.utils.schema_manager - ERROR - Failed to execute migration: cannot start a transaction within a transaction
2024-11-19 18:29:07,300 - __main__ - ERROR - Failed to apply migration for database A1
2024-11-19 18:29:07,301 - __main__ - INFO - Initializing database A2...
2024-11-19 18:29:07,302 - __main__ - INFO - Successfully initialized db_grid/A2/database.db
2024-11-19 18:29:07,338 - konomi.utils.schema_manager - INFO - Cleaned migrations from db_grid/A2/database.db
2024-11-19 18:29:07,338 - konomi.utils.schema_manager - INFO - Cleaned migrations from db_grid/A2/database.db
2024-11-19 18:29:07,338 - __main__ - INFO - Registering migration for database A2
2024-11-19 18:29:07,377 - konomi.utils.schema_manager - INFO - Registered migration version 1 for db_grid/A2/database.db
2024-11-19 18:29:07,377 - konomi.utils.schema_manager - INFO - Registered migration version 1 for db_grid/A2/database.db
2024-11-19 18:29:07,377 - __main__ - INFO - Applying migration for database A2
2024-11-19 18:29:07,378 - konomi.utils.schema_manager - ERROR - Failed to execute migration: cannot start a transaction within a transaction
2024-11-19 18:29:07,378 - konomi.utils.schema_manager - ERROR - Failed to execute migration: cannot start a transaction within a transaction
2024-11-19 18:29:07,378 - __main__ - ERROR - Failed to apply migration for database A2
2024-11-19 18:29:07,378 - __main__ - INFO - Initializing database A3...
2024-11-19 18:29:07,382 - __main__ - INFO - Successfully initialized db_grid/A3/database.db
2024-11-19 18:29:07,411 - konomi.utils.schema_manager - INFO - Cleaned migrations from db_grid/A3/database.db
2024-11-19 18:29:07,411 - konomi.utils.schema_manager - INFO - Cleaned migrations from db_grid/A3/database.db
2024-11-19 18:29:07,411 - __main__ - INFO - Registering migration for database A3
2024-11-19 18:29:07,437 - konomi.utils.schema_manager - INFO - Registered migration version 1 for db_grid/A3/database.db
2024-11-19 18:29:07,437 - konomi.utils.schema_manager - INFO - Registered migration version 1 for db_grid/A3/database.db
2024-11-19 18:29:07,438 - __main__ - INFO - Applying migration for database A3
2024-11-19 18:29:07,438 - konomi.utils.schema_manager - ERROR - Failed to execute migration: cannot start a transaction within a transaction
2024-11-19 18:29:07,438 - konomi.utils.schema_manager - ERROR - Failed to execute migration: cannot start a transaction within a transaction
2024-11-19 18:29:07,439 - __main__ - ERROR - Failed to apply migration for database A3
2024-11-19 18:29:07,439 - __main__ - INFO - Initializing database A4...
2024-11-19 18:29:07,441 - __main__ - INFO - Successfully initialized db_grid/A4/database.db
2024-11-19 18:29:07,472 - konomi.utils.schema_manager - INFO - Cleaned migrations from db_grid/A4/database.db
2024-11-19 18:29:07,472 - konomi.utils.schema_manager - INFO - Cleaned migrations from db_grid/A4/database.db
2024-11-19 18:29:07,472 - __main__ - INFO - Registering migration for database A4
2024-11-19 18:29:07,504 - konomi.utils.schema_manager - INFO - Registered migration version 1 for db_grid/A4/database.db
2024-11-19 18:29:07,504 - konomi.utils.schema_manager - INFO - Registered migration version 1 for db_grid/A4/database.db
2024-11-19 18:29:07,504 - __main__ - INFO - Applying migration for database A4
2024-11-19 18:29:07,507 - konomi.utils.schema_manager - ERROR - Failed to execute migration: cannot start a transaction within a transaction
2024-11-19 18:29:07,507 - konomi.utils.schema_manager - ERROR - Failed to execute migration: cannot start a transaction within a transaction
2024-11-19 18:29:07,508 - __main__ - ERROR - Failed to apply migration for database A4
2024-11-19 18:29:07,508 - __main__ - INFO - Initializing database A5...
2024-11-19 18:29:07,510 - __main__ - INFO - Successfully initialized db_grid/A5/database.db
2024-11-19 18:29:07,540 - konomi.utils.schema_manager - INFO - Cleaned migrations from db_grid/A5/database.db
2024-11-19 18:29:07,540 - konomi.utils.schema_manager - INFO - Cleaned migrations from db_grid/A5/database.db
2024-11-19 18:29:07,540 - __main__ - INFO - Registering migration for database A5
2024-11-19 18:29:07,567 - konomi.utils.schema_manager - INFO - Registered migration version 1 for db_grid/A5/database.db
2024-11-19 18:29:07,567 - konomi.utils.schema_manager - INFO - Registered migration version 1 for db_grid/A5/database.db
2024-11-19 18:29:07,567 - __main__ - INFO - Applying migration for database A5
2024-11-19 18:29:07,568 - konomi.utils.schema_manager - ERROR - Failed to execute migration: cannot start a transaction within a transaction
2024-11-19 18:29:07,568 - konomi.utils.schema_manager - ERROR - Failed to execute migration: cannot start a transaction within a transaction
2024-11-19 18:29:07,568 - __main__ - ERROR - Failed to apply migration for database A5
2024-11-19 18:29:07,568 - __main__ - INFO - Initializing database B1...
2024-11-19 18:29:07,569 - __main__ - INFO - Successfully initialized db_grid/B1/database.db
2024-11-19 18:29:07,598 - konomi.utils.schema_manager - INFO - Cleaned migrations from db_grid/B1/database.db
2024-11-19 18:29:07,598 - konomi.utils.schema_manager - INFO - Cleaned migrations from db_grid/B1/database.db
2024-11-19 18:29:07,598 - __main__ - INFO - Registering migration for database B1
2024-11-19 18:29:07,622 - konomi.utils.schema_manager - INFO - Registered migration version 1 for db_grid/B1/database.db
2024-11-19 18:29:07,622 - konomi.utils.schema_manager - INFO - Registered migration version 1 for db_grid/B1/database.db
2024-11-19 18:29:07,623 - __main__ - INFO - Applying migration for database B1
2024-11-19 18:29:07,623 - konomi.utils.schema_manager - ERROR - Failed to execute migration: cannot start a transaction within a transaction
2024-11-19 18:29:07,623 - konomi.utils.schema_manager - ERROR - Failed to execute migration: cannot start a transaction within a transaction
2024-11-19 18:29:07,623 - __main__ - ERROR - Failed to apply migration for database B1
2024-11-19 18:29:07,623 - __main__ - INFO - Initializing database B2...
2024-11-19 18:29:07,625 - __main__ - INFO - Successfully initialized db_grid/B2/database.db
2024-11-19 18:29:07,652 - konomi.utils.schema_manager - INFO - Cleaned migrations from db_grid/B2/database.db
2024-11-19 18:29:07,652 - konomi.utils.schema_manager - INFO - Cleaned migrations from db_grid/B2/database.db
2024-11-19 18:29:07,653 - __main__ - INFO - Registering migration for database B2
2024-11-19 18:29:07,675 - konomi.utils.schema_manager - INFO - Registered migration version 1 for db_grid/B2/database.db
2024-11-19 18:29:07,675 - konomi.utils.schema_manager - INFO - Registered migration version 1 for db_grid/B2/database.db
2024-11-19 18:29:07,675 - __main__ - INFO - Applying migration for database B2
2024-11-19 18:29:07,676 - konomi.utils.schema_manager - ERROR - Failed to execute migration: cannot start a transaction within a transaction
2024-11-19 18:29:07,676 - konomi.utils.schema_manager - ERROR - Failed to execute migration: cannot start a transaction within a transaction
2024-11-19 18:29:07,676 - __main__ - ERROR - Failed to apply migration for database B2
2024-11-19 18:29:07,676 - __main__ - INFO - Initializing database B3...
2024-11-19 18:29:07,679 - __main__ - INFO - Successfully initialized db_grid/B3/database.db
2024-11-19 18:29:07,708 - konomi.utils.schema_manager - INFO - Cleaned migrations from db_grid/B3/database.db
2024-11-19 18:29:07,708 - konomi.utils.schema_manager - INFO - Cleaned migrations from db_grid/B3/database.db
2024-11-19 18:29:07,709 - __main__ - INFO - Registering migration for database B3
2024-11-19 18:29:07,731 - konomi.utils.schema_manager - INFO - Registered migration version 1 for db_grid/B3/database.db
2024-11-19 18:29:07,731 - konomi.utils.schema_manager - INFO - Registered migration version 1 for db_grid/B3/database.db
2024-11-19 18:29:07,732 - __main__ - INFO - Applying migration for database B3
2024-11-19 18:29:07,732 - konomi.utils.schema_manager - ERROR - Failed to execute migration: cannot start a transaction within a transaction
2024-11-19 18:29:07,732 - konomi.utils.schema_manager - ERROR - Failed to execute migration: cannot start a transaction within a transaction
2024-11-19 18:29:07,733 - __main__ - ERROR - Failed to apply migration for database B3
2024-11-19 18:29:07,733 - __main__ - INFO - Initializing database B4...
2024-11-19 18:29:07,735 - __main__ - INFO - Successfully initialized db_grid/B4/database.db
2024-11-19 18:29:07,761 - konomi.utils.schema_manager - INFO - Cleaned migrations from db_grid/B4/database.db
2024-11-19 18:29:07,761 - konomi.utils.schema_manager - INFO - Cleaned migrations from db_grid/B4/database.db
2024-11-19 18:29:07,762 - __main__ - INFO - Registering migration for database B4
2024-11-19 18:29:07,797 - konomi.utils.schema_manager - INFO - Registered migration version 1 for db_grid/B4/database.db
2024-11-19 18:29:07,797 - konomi.utils.schema_manager - INFO - Registered migration version 1 for db_grid/B4/database.db
2024-11-19 18:29:07,797 - __main__ - INFO - Applying migration for database B4
2024-11-19 18:29:07,798 - konomi.utils.schema_manager - ERROR - Failed to execute migration: cannot start a transaction within a transaction
2024-11-19 18:29:07,798 - konomi.utils.schema_manager - ERROR - Failed to execute migration: cannot start a transaction within a transaction
2024-11-19 18:29:07,798 - __main__ - ERROR - Failed to apply migration for database B4
2024-11-19 18:29:07,798 - __main__ - INFO - Initializing database B5...
2024-11-19 18:29:07,800 - __main__ - INFO - Successfully initialized db_grid/B5/database.db
2024-11-19 18:29:07,827 - konomi.utils.schema_manager - INFO - Cleaned migrations from db_grid/B5/database.db
2024-11-19 18:29:07,827 - konomi.utils.schema_manager - INFO - Cleaned migrations from db_grid/B5/database.db
2024-11-19 18:29:07,827 - __main__ - INFO - Registering migration for database B5
2024-11-19 18:29:07,862 - konomi.utils.schema_manager - INFO - Registered migration version 1 for db_grid/B5/database.db
2024-11-19 18:29:07,862 - konomi.utils.schema_manager - INFO - Registered migration version 1 for db_grid/B5/database.db
2024-11-19 18:29:07,862 - __main__ - INFO - Applying migration for database B5
2024-11-19 18:29:07,863 - konomi.utils.schema_manager - ERROR - Failed to execute migration: cannot start a transaction within a transaction
2024-11-19 18:29:07,863 - konomi.utils.schema_manager - ERROR - Failed to execute migration: cannot start a transaction within a transaction
2024-11-19 18:29:07,863 - __main__ - ERROR - Failed to apply migration for database B5
2024-11-19 18:29:07,863 - __main__ - INFO - Initializing database C1...
2024-11-19 18:29:07,865 - __main__ - INFO - Successfully initialized db_grid/C1/database.db
2024-11-19 18:29:07,897 - konomi.utils.schema_manager - INFO - Cleaned migrations from db_grid/C1/database.db
2024-11-19 18:29:07,897 - konomi.utils.schema_manager - INFO - Cleaned migrations from db_grid/C1/database.db
2024-11-19 18:29:07,898 - __main__ - INFO - Registering migration for database C1
2024-11-19 18:29:07,927 - konomi.utils.schema_manager - INFO - Registered migration version 1 for db_grid/C1/database.db
2024-11-19 18:29:07,927 - konomi.utils.schema_manager - INFO - Registered migration version 1 for db_grid/C1/database.db
2024-11-19 18:29:07,927 - __main__ - INFO - Applying migration for database C1
2024-11-19 18:29:07,928 - konomi.utils.schema_manager - ERROR - Failed to execute migration: cannot start a transaction within a transaction
2024-11-19 18:29:07,928 - konomi.utils.schema_manager - ERROR - Failed to execute migration: cannot start a transaction within a transaction
2024-11-19 18:29:07,928 - __main__ - ERROR - Failed to apply migration for database C1
2024-11-19 18:29:07,928 - __main__ - INFO - Initializing database C2...
2024-11-19 18:29:07,930 - __main__ - INFO - Successfully initialized db_grid/C2/database.db
2024-11-19 18:29:07,956 - konomi.utils.schema_manager - INFO - Cleaned migrations from db_grid/C2/database.db
2024-11-19 18:29:07,956 - konomi.utils.schema_manager - INFO - Cleaned migrations from db_grid/C2/database.db
2024-11-19 18:29:07,957 - __main__ - INFO - Registering migration for database C2
2024-11-19 18:29:07,984 - konomi.utils.schema_manager - INFO - Registered migration version 1 for db_grid/C2/database.db
2024-11-19 18:29:07,984 - konomi.utils.schema_manager - INFO - Registered migration version 1 for db_grid/C2/database.db
2024-11-19 18:29:07,984 - __main__ - INFO - Applying migration for database C2
2024-11-19 18:29:07,985 - konomi.utils.schema_manager - ERROR - Failed to execute migration: cannot start a transaction within a transaction
2024-11-19 18:29:07,985 - konomi.utils.schema_manager - ERROR - Failed to execute migration: cannot start a transaction within a transaction
2024-11-19 18:29:07,985 - __main__ - ERROR - Failed to apply migration for database C2
2024-11-19 18:29:07,985 - __main__ - INFO - Initializing database C3...
2024-11-19 18:29:07,988 - __main__ - INFO - Successfully initialized db_grid/C3/database.db
2024-11-19 18:29:08,024 - konomi.utils.schema_manager - INFO - Cleaned migrations from db_grid/C3/database.db
2024-11-19 18:29:08,024 - konomi.utils.schema_manager - INFO - Cleaned migrations from db_grid/C3/database.db
2024-11-19 18:29:08,025 - __main__ - INFO - Registering migration for database C3
2024-11-19 18:29:08,051 - konomi.utils.schema_manager - INFO - Registered migration version 1 for db_grid/C3/database.db
2024-11-19 18:29:08,051 - konomi.utils.schema_manager - INFO - Registered migration version 1 for db_grid/C3/database.db
2024-11-19 18:29:08,052 - __main__ - INFO - Applying migration for database C3
2024-11-19 18:29:08,053 - konomi.utils.schema_manager - ERROR - Failed to execute migration: cannot start a transaction within a transaction
2024-11-19 18:29:08,053 - konomi.utils.schema_manager - ERROR - Failed to execute migration: cannot start a transaction within a transaction
2024-11-19 18:29:08,053 - __main__ - ERROR - Failed to apply migration for database C3
2024-11-19 18:29:08,053 - __main__ - INFO - Initializing database C4...
2024-11-19 18:29:08,057 - __main__ - INFO - Successfully initialized db_grid/C4/database.db
2024-11-19 18:29:08,259 - __main__ - INFO - Initializing database A1...
2024-11-19 18:29:08,261 - __main__ - INFO - Successfully initialized db_grid/A1/database.db
2024-11-19 18:29:08,293 - konomi.utils.schema_manager - INFO - Cleaned migrations from db_grid/A1/database.db
2024-11-19 18:29:08,293 - konomi.utils.schema_manager - INFO - Cleaned migrations from db_grid/A1/database.db
2024-11-19 18:29:08,293 - __main__ - INFO - Registering migration for database A1
2024-11-19 18:29:08,321 - konomi.utils.schema_manager - INFO - Registered migration version 1 for db_grid/A1/database.db
2024-11-19 18:29:08,321 - konomi.utils.schema_manager - INFO - Registered migration version 1 for db_grid/A1/database.db
2024-11-19 18:29:08,321 - __main__ - INFO - Applying migration for database A1
2024-11-19 18:29:08,323 - konomi.utils.schema_manager - ERROR - Failed to execute migration: cannot start a transaction within a transaction
2024-11-19 18:29:08,323 - konomi.utils.schema_manager - ERROR - Failed to execute migration: cannot start a transaction within a transaction
2024-11-19 18:29:08,323 - __main__ - ERROR - Failed to apply migration for database A1
2024-11-19 18:29:08,323 - __main__ - INFO - Initializing database A2...
2024-11-19 18:29:08,324 - __main__ - INFO - Successfully initialized db_grid/A2/database.db
2024-11-19 18:29:08,350 - konomi.utils.schema_manager - INFO - Cleaned migrations from db_grid/A2/database.db
2024-11-19 18:29:08,350 - konomi.utils.schema_manager - INFO - Cleaned migrations from db_grid/A2/database.db
2024-11-19 18:29:08,350 - __main__ - INFO - Registering migration for database A2
2024-11-19 18:29:08,378 - konomi.utils.schema_manager - INFO - Registered migration version 1 for db_grid/A2/database.db
2024-11-19 18:29:08,378 - konomi.utils.schema_manager - INFO - Registered migration version 1 for db_grid/A2/database.db
2024-11-19 18:29:08,378 - __main__ - INFO - Applying migration for database A2
2024-11-19 18:29:08,378 - konomi.utils.schema_manager - ERROR - Failed to execute migration: cannot start a transaction within a transaction
2024-11-19 18:29:08,378 - konomi.utils.schema_manager - ERROR - Failed to execute migration: cannot start a transaction within a transaction
2024-11-19 18:29:08,379 - __main__ - ERROR - Failed to apply migration for database A2
2024-11-19 18:29:08,379 - __main__ - INFO - Initializing database A3...
2024-11-19 18:29:08,379 - __main__ - INFO - Successfully initialized db_grid/A3/database.db
2024-11-19 18:29:08,404 - konomi.utils.schema_manager - INFO - Cleaned migrations from db_grid/A3/database.db
2024-11-19 18:29:08,404 - konomi.utils.schema_manager - INFO - Cleaned migrations from db_grid/A3/database.db
2024-11-19 18:29:08,405 - __main__ - INFO - Registering migration for database A3
2024-11-19 18:29:08,432 - konomi.utils.schema_manager - INFO - Registered migration version 1 for db_grid/A3/database.db
2024-11-19 18:29:08,432 - konomi.utils.schema_manager - INFO - Registered migration version 1 for db_grid/A3/database.db
2024-11-19 18:29:08,432 - __main__ - INFO - Applying migration for database A3
2024-11-19 18:29:08,432 - konomi.utils.schema_manager - ERROR - Failed to execute migration: cannot start a transaction within a transaction
2024-11-19 18:29:08,432 - konomi.utils.schema_manager - ERROR - Failed to execute migration: cannot start a transaction within a transaction
2024-11-19 18:29:08,433 - __main__ - ERROR - Failed to apply migration for database A3
2024-11-19 18:29:08,433 - __main__ - INFO - Initializing database A4...
2024-11-19 18:29:08,433 - __main__ - INFO - Successfully initialized db_grid/A4/database.db
2024-11-19 18:29:08,457 - konomi.utils.schema_manager - INFO - Cleaned migrations from db_grid/A4/database.db
2024-11-19 18:29:08,457 - konomi.utils.schema_manager - INFO - Cleaned migrations from db_grid/A4/database.db
2024-11-19 18:29:08,458 - __main__ - INFO - Registering migration for database A4
2024-11-19 18:29:08,481 - konomi.utils.schema_manager - INFO - Registered migration version 1 for db_grid/A4/database.db
2024-11-19 18:29:08,481 - konomi.utils.schema_manager - INFO - Registered migration version 1 for db_grid/A4/database.db
2024-11-19 18:29:08,482 - __main__ - INFO - Applying migration for database A4
2024-11-19 18:29:08,482 - konomi.utils.schema_manager - ERROR - Failed to execute migration: cannot start a transaction within a transaction
2024-11-19 18:29:08,482 - konomi.utils.schema_manager - ERROR - Failed to execute migration: cannot start a transaction within a transaction
2024-11-19 18:29:08,483 - __main__ - ERROR - Failed to apply migration for database A4
2024-11-19 18:29:08,483 - __main__ - INFO - Initializing database A5...
2024-11-19 18:29:08,483 - __main__ - INFO - Successfully initialized db_grid/A5/database.db
2024-11-19 18:29:08,509 - konomi.utils.schema_manager - INFO - Cleaned migrations from db_grid/A5/database.db
2024-11-19 18:29:08,509 - konomi.utils.schema_manager - INFO - Cleaned migrations from db_grid/A5/database.db
2024-11-19 18:29:08,509 - __main__ - INFO - Registering migration for database A5
2024-11-19 18:29:08,535 - konomi.utils.schema_manager - INFO - Registered migration version 1 for db_grid/A5/database.db
2024-11-19 18:29:08,535 - konomi.utils.schema_manager - INFO - Registered migration version 1 for db_grid/A5/database.db
2024-11-19 18:29:08,536 - __main__ - INFO - Applying migration for database A5
2024-11-19 18:29:08,536 - konomi.utils.schema_manager - ERROR - Failed to execute migration: cannot start a transaction within a transaction
2024-11-19 18:29:08,536 - konomi.utils.schema_manager - ERROR - Failed to execute migration: cannot start a transaction within a transaction
2024-11-19 18:29:08,536 - __main__ - ERROR - Failed to apply migration for database A5
2024-11-19 18:29:08,536 - __main__ - INFO - Initializing database B1...
2024-11-19 18:29:08,537 - __main__ - INFO - Successfully initialized db_grid/B1/database.db
2024-11-19 18:29:08,561 - konomi.utils.schema_manager - INFO - Cleaned migrations from db_grid/B1/database.db
2024-11-19 18:29:08,561 - konomi.utils.schema_manager - INFO - Cleaned migrations from db_grid/B1/database.db
2024-11-19 18:29:08,561 - __main__ - INFO - Registering migration for database B1
2024-11-19 18:29:08,586 - konomi.utils.schema_manager - INFO - Registered migration version 1 for db_grid/B1/database.db
2024-11-19 18:29:08,586 - konomi.utils.schema_manager - INFO - Registered migration version 1 for db_grid/B1/database.db
2024-11-19 18:29:08,586 - __main__ - INFO - Applying migration for database B1
2024-11-19 18:29:08,587 - konomi.utils.schema_manager - ERROR - Failed to execute migration: cannot start a transaction within a transaction
2024-11-19 18:29:08,587 - konomi.utils.schema_manager - ERROR - Failed to execute migration: cannot start a transaction within a transaction
2024-11-19 18:29:08,587 - __main__ - ERROR - Failed to apply migration for database B1
2024-11-19 18:29:08,587 - __main__ - INFO - Initializing database B2...
2024-11-19 18:29:08,588 - __main__ - INFO - Successfully initialized db_grid/B2/database.db
2024-11-19 18:29:08,613 - konomi.utils.schema_manager - INFO - Cleaned migrations from db_grid/B2/database.db
2024-11-19 18:29:08,613 - konomi.utils.schema_manager - INFO - Cleaned migrations from db_grid/B2/database.db
2024-11-19 18:29:08,614 - __main__ - INFO - Registering migration for database B2
2024-11-19 18:29:08,643 - konomi.utils.schema_manager - INFO - Registered migration version 1 for db_grid/B2/database.db
2024-11-19 18:29:08,643 - konomi.utils.schema_manager - INFO - Registered migration version 1 for db_grid/B2/database.db
2024-11-19 18:29:08,643 - __main__ - INFO - Applying migration for database B2
2024-11-19 18:29:08,644 - konomi.utils.schema_manager - ERROR - Failed to execute migration: cannot start a transaction within a transaction
2024-11-19 18:29:08,644 - konomi.utils.schema_manager - ERROR - Failed to execute migration: cannot start a transaction within a transaction
2024-11-19 18:29:08,644 - __main__ - ERROR - Failed to apply migration for database B2
2024-11-19 18:29:08,644 - __main__ - INFO - Initializing database B3...
2024-11-19 18:29:08,644 - __main__ - INFO - Successfully initialized db_grid/B3/database.db
2024-11-19 18:29:08,674 - konomi.utils.schema_manager - INFO - Cleaned migrations from db_grid/B3/database.db
2024-11-19 18:29:08,674 - konomi.utils.schema_manager - INFO - Cleaned migrations from db_grid/B3/database.db
2024-11-19 18:29:08,674 - __main__ - INFO - Registering migration for database B3
2024-11-19 18:29:08,697 - konomi.utils.schema_manager - INFO - Registered migration version 1 for db_grid/B3/database.db
2024-11-19 18:29:08,697 - konomi.utils.schema_manager - INFO - Registered migration version 1 for db_grid/B3/database.db
2024-11-19 18:29:08,698 - __main__ - INFO - Applying migration for database B3
2024-11-19 18:29:08,699 - konomi.utils.schema_manager - ERROR - Failed to execute migration: cannot start a transaction within a transaction
2024-11-19 18:29:08,699 - konomi.utils.schema_manager - ERROR - Failed to execute migration: cannot start a transaction within a transaction
2024-11-19 18:29:08,699 - __main__ - ERROR - Failed to apply migration for database B3
2024-11-19 18:29:08,699 - __main__ - INFO - Initializing database B4...
2024-11-19 18:29:08,700 - __main__ - INFO - Successfully initialized db_grid/B4/database.db
2024-11-19 18:29:08,725 - konomi.utils.schema_manager - INFO - Cleaned migrations from db_grid/B4/database.db
2024-11-19 18:29:08,725 - konomi.utils.schema_manager - INFO - Cleaned migrations from db_grid/B4/database.db
2024-11-19 18:29:08,725 - __main__ - INFO - Registering migration for database B4
2024-11-19 18:29:08,751 - konomi.utils.schema_manager - INFO - Registered migration version 1 for db_grid/B4/database.db
2024-11-19 18:29:08,751 - konomi.utils.schema_manager - INFO - Registered migration version 1 for db_grid/B4/database.db
2024-11-19 18:29:08,751 - __main__ - INFO - Applying migration for database B4
2024-11-19 18:29:08,752 - konomi.utils.schema_manager - ERROR - Failed to execute migration: cannot start a transaction within a transaction
2024-11-19 18:29:08,752 - konomi.utils.schema_manager - ERROR - Failed to execute migration: cannot start a transaction within a transaction
2024-11-19 18:29:08,752 - __main__ - ERROR - Failed to apply migration for database B4
2024-11-19 18:29:08,752 - __main__ - INFO - Initializing database B5...
2024-11-19 18:29:08,753 - __main__ - INFO - Successfully initialized db_grid/B5/database.db
2024-11-19 18:29:08,779 - konomi.utils.schema_manager - INFO - Cleaned migrations from db_grid/B5/database.db
2024-11-19 18:29:08,779 - konomi.utils.schema_manager - INFO - Cleaned migrations from db_grid/B5/database.db
2024-11-19 18:29:08,779 - __main__ - INFO - Registering migration for database B5
2024-11-19 18:29:08,806 - konomi.utils.schema_manager - INFO - Registered migration version 1 for db_grid/B5/database.db
2024-11-19 18:29:08,806 - konomi.utils.schema_manager - INFO - Registered migration version 1 for db_grid/B5/database.db
2024-11-19 18:29:08,807 - __main__ - INFO - Applying migration for database B5
2024-11-19 18:29:08,807 - konomi.utils.schema_manager - ERROR - Failed to execute migration: cannot start a transaction within a transaction
2024-11-19 18:29:08,807 - konomi.utils.schema_manager - ERROR - Failed to execute migration: cannot start a transaction within a transaction
2024-11-19 18:29:08,808 - __main__ - ERROR - Failed to apply migration for database B5
2024-11-19 18:29:08,808 - __main__ - INFO - Initializing database C1...
2024-11-19 18:29:08,808 - __main__ - INFO - Successfully initialized db_grid/C1/database.db
2024-11-19 18:29:08,831 - konomi.utils.schema_manager - INFO - Cleaned migrations from db_grid/C1/database.db
2024-11-19 18:29:08,831 - konomi.utils.schema_manager - INFO - Cleaned migrations from db_grid/C1/database.db
2024-11-19 18:29:08,832 - __main__ - INFO - Registering migration for database C1
2024-11-19 18:29:08,861 - konomi.utils.schema_manager - INFO - Registered migration version 1 for db_grid/C1/database.db
2024-11-19 18:29:08,861 - konomi.utils.schema_manager - INFO - Registered migration version 1 for db_grid/C1/database.db
2024-11-19 18:29:08,862 - __main__ - INFO - Applying migration for database C1
2024-11-19 18:29:08,862 - konomi.utils.schema_manager - ERROR - Failed to execute migration: cannot start a transaction within a transaction
2024-11-19 18:29:08,862 - konomi.utils.schema_manager - ERROR - Failed to execute migration: cannot start a transaction within a transaction
2024-11-19 18:29:08,863 - __main__ - ERROR - Failed to apply migration for database C1
2024-11-19 18:29:08,863 - __main__ - INFO - Initializing database C2...
2024-11-19 18:29:08,863 - __main__ - INFO - Successfully initialized db_grid/C2/database.db
2024-11-19 18:29:08,888 - konomi.utils.schema_manager - INFO - Cleaned migrations from db_grid/C2/database.db
2024-11-19 18:29:08,888 - konomi.utils.schema_manager - INFO - Cleaned migrations from db_grid/C2/database.db
2024-11-19 18:29:08,888 - __main__ - INFO - Registering migration for database C2
2024-11-19 18:29:08,912 - konomi.utils.schema_manager - INFO - Registered migration version 1 for db_grid/C2/database.db
2024-11-19 18:29:08,912 - konomi.utils.schema_manager - INFO - Registered migration version 1 for db_grid/C2/database.db
2024-11-19 18:29:08,912 - __main__ - INFO - Applying migration for database C2
2024-11-19 18:29:08,913 - konomi.utils.schema_manager - ERROR - Failed to execute migration: cannot start a transaction within a transaction
2024-11-19 18:29:08,913 - konomi.utils.schema_manager - ERROR - Failed to execute migration: cannot start a transaction within a transaction
2024-11-19 18:29:08,913 - __main__ - ERROR - Failed to apply migration for database C2
2024-11-19 18:29:08,913 - __main__ - INFO - Initializing database C3...
2024-11-19 18:29:08,914 - __main__ - INFO - Successfully initialized db_grid/C3/database.db
2024-11-19 18:29:08,938 - konomi.utils.schema_manager - INFO - Cleaned migrations from db_grid/C3/database.db
2024-11-19 18:29:08,938 - konomi.utils.schema_manager - INFO - Cleaned migrations from db_grid/C3/database.db
2024-11-19 18:29:08,939 - __main__ - INFO - Registering migration for database C3
2024-11-19 18:29:08,965 - konomi.utils.schema_manager - INFO - Registered migration version 1 for db_grid/C3/database.db
2024-11-19 18:29:08,965 - konomi.utils.schema_manager - INFO - Registered migration version 1 for db_grid/C3/database.db
2024-11-19 18:29:08,966 - __main__ - INFO - Applying migration for database C3
2024-11-19 18:29:08,966 - konomi.utils.schema_manager - ERROR - Failed to execute migration: cannot start a transaction within a transaction
2024-11-19 18:29:08,966 - konomi.utils.schema_manager - ERROR - Failed to execute migration: cannot start a transaction within a transaction
2024-11-19 18:29:08,967 - __main__ - ERROR - Failed to apply migration for database C3
2024-11-19 18:29:08,967 - __main__ - INFO - Initializing database C4...
2024-11-19 18:29:08,973 - __main__ - INFO - Successfully initialized db_grid/C4/database.db
2024-11-19 18:29:08,999 - konomi.utils.schema_manager - INFO - Cleaned migrations from db_grid/C4/database.db
2024-11-19 18:29:08,999 - konomi.utils.schema_manager - INFO - Cleaned migrations from db_grid/C4/database.db
2024-11-19 18:29:08,999 - __main__ - INFO - Registering migration for database C4
2024-11-19 18:29:09,029 - konomi.utils.schema_manager - INFO - Registered migration version 1 for db_grid/C4/database.db
2024-11-19 18:29:09,029 - konomi.utils.schema_manager - INFO - Registered migration version 1 for db_grid/C4/database.db
2024-11-19 18:29:09,030 - __main__ - INFO - Applying migration for database C4
2024-11-19 18:29:09,030 - konomi.utils.schema_manager - ERROR - Failed to execute migration: cannot start a transaction within a transaction
2024-11-19 18:29:09,030 - konomi.utils.schema_manager - ERROR - Failed to execute migration: cannot start a transaction within a transaction
2024-11-19 18:29:09,031 - __main__ - ERROR - Failed to apply migration for database C4
2024-11-19 18:29:09,031 - __main__ - INFO - Initializing database C5...
2024-11-19 18:29:09,032 - __main__ - INFO - Successfully initialized db_grid/C5/database.db
2024-11-19 18:29:09,058 - konomi.utils.schema_manager - INFO - Cleaned migrations from db_grid/C5/database.db
2024-11-19 18:29:09,058 - konomi.utils.schema_manager - INFO - Cleaned migrations from db_grid/C5/database.db
2024-11-19 18:29:09,059 - __main__ - INFO - Registering migration for database C5
2024-11-19 18:29:09,083 - konomi.utils.schema_manager - INFO - Registered migration version 1 for db_grid/C5/database.db
2024-11-19 18:29:09,083 - konomi.utils.schema_manager - INFO - Registered migration version 1 for db_grid/C5/database.db
2024-11-19 18:29:09,084 - __main__ - INFO - Applying migration for database C5
2024-11-19 18:29:09,085 - konomi.utils.schema_manager - ERROR - Failed to execute migration: cannot start a transaction within a transaction
2024-11-19 18:29:09,085 - konomi.utils.schema_manager - ERROR - Failed to execute migration: cannot start a transaction within a transaction
2024-11-19 18:29:09,085 - __main__ - ERROR - Failed to apply migration for database C5
2024-11-19 18:29:09,085 - __main__ - INFO - Initializing database D1...
2024-11-19 18:29:09,088 - __main__ - INFO - Successfully initialized db_grid/D1/database.db
2024-11-19 18:29:09,114 - konomi.utils.schema_manager - INFO - Cleaned migrations from db_grid/D1/database.db
2024-11-19 18:29:09,114 - konomi.utils.schema_manager - INFO - Cleaned migrations from db_grid/D1/database.db
2024-11-19 18:29:09,114 - __main__ - INFO - Registering migration for database D1
2024-11-19 18:29:09,137 - konomi.utils.schema_manager - INFO - Registered migration version 1 for db_grid/D1/database.db
2024-11-19 18:29:09,137 - konomi.utils.schema_manager - INFO - Registered migration version 1 for db_grid/D1/database.db
2024-11-19 18:29:09,138 - __main__ - INFO - Applying migration for database D1
2024-11-19 18:29:09,138 - konomi.utils.schema_manager - ERROR - Failed to execute migration: cannot start a transaction within a transaction
2024-11-19 18:29:09,138 - konomi.utils.schema_manager - ERROR - Failed to execute migration: cannot start a transaction within a transaction
2024-11-19 18:29:09,139 - __main__ - ERROR - Failed to apply migration for database D1
2024-11-19 18:29:09,139 - __main__ - INFO - Initializing database D2...
2024-11-19 18:29:09,140 - __main__ - INFO - Successfully initialized db_grid/D2/database.db
2024-11-19 18:29:09,166 - konomi.utils.schema_manager - INFO - Cleaned migrations from db_grid/D2/database.db
2024-11-19 18:29:09,166 - konomi.utils.schema_manager - INFO - Cleaned migrations from db_grid/D2/database.db
2024-11-19 18:29:09,166 - __main__ - INFO - Registering migration for database D2
2024-11-19 18:29:09,190 - konomi.utils.schema_manager - INFO - Registered migration version 1 for db_grid/D2/database.db
2024-11-19 18:29:09,190 - konomi.utils.schema_manager - INFO - Registered migration version 1 for db_grid/D2/database.db
2024-11-19 18:29:09,191 - __main__ - INFO - Applying migration for database D2
2024-11-19 18:29:09,192 - konomi.utils.schema_manager - ERROR - Failed to execute migration: cannot start a transaction within a transaction
2024-11-19 18:29:09,192 - konomi.utils.schema_manager - ERROR - Failed to execute migration: cannot start a transaction within a transaction
2024-11-19 18:29:09,192 - __main__ - ERROR - Failed to apply migration for database D2
2024-11-19 18:29:09,192 - __main__ - INFO - Initializing database D3...
2024-11-19 18:29:09,194 - __main__ - INFO - Successfully initialized db_grid/D3/database.db
2024-11-19 18:29:09,225 - konomi.utils.schema_manager - INFO - Cleaned migrations from db_grid/D3/database.db
2024-11-19 18:29:09,225 - konomi.utils.schema_manager - INFO - Cleaned migrations from db_grid/D3/database.db
2024-11-19 18:29:09,225 - __main__ - INFO - Registering migration for database D3
2024-11-19 18:29:09,254 - konomi.utils.schema_manager - INFO - Registered migration version 1 for db_grid/D3/database.db
2024-11-19 18:29:09,254 - konomi.utils.schema_manager - INFO - Registered migration version 1 for db_grid/D3/database.db
2024-11-19 18:29:09,254 - __main__ - INFO - Applying migration for database D3
2024-11-19 18:29:09,255 - konomi.utils.schema_manager - ERROR - Failed to execute migration: cannot start a transaction within a transaction
2024-11-19 18:29:09,255 - konomi.utils.schema_manager - ERROR - Failed to execute migration: cannot start a transaction within a transaction
2024-11-19 18:29:09,255 - __main__ - ERROR - Failed to apply migration for database D3
2024-11-19 18:29:09,255 - __main__ - INFO - Initializing database D4...
2024-11-19 18:29:09,257 - __main__ - INFO - Successfully initialized db_grid/D4/database.db
2024-11-19 18:29:09,286 - konomi.utils.schema_manager - INFO - Cleaned migrations from db_grid/D4/database.db
2024-11-19 18:29:09,286 - konomi.utils.schema_manager - INFO - Cleaned migrations from db_grid/D4/database.db
2024-11-19 18:29:09,286 - __main__ - INFO - Registering migration for database D4
2024-11-19 18:29:09,311 - konomi.utils.schema_manager - INFO - Registered migration version 1 for db_grid/D4/database.db
2024-11-19 18:29:09,311 - konomi.utils.schema_manager - INFO - Registered migration version 1 for db_grid/D4/database.db
2024-11-19 18:29:09,313 - __main__ - INFO - Applying migration for database D4
2024-11-19 18:29:09,313 - konomi.utils.schema_manager - ERROR - Failed to execute migration: cannot start a transaction within a transaction
2024-11-19 18:29:09,313 - konomi.utils.schema_manager - ERROR - Failed to execute migration: cannot start a transaction within a transaction
2024-11-19 18:29:09,313 - __main__ - ERROR - Failed to apply migration for database D4
2024-11-19 18:29:09,313 - __main__ - INFO - Initializing database D5...
2024-11-19 18:29:09,315 - __main__ - INFO - Successfully initialized db_grid/D5/database.db
2024-11-19 18:29:09,344 - konomi.utils.schema_manager - INFO - Cleaned migrations from db_grid/D5/database.db
2024-11-19 18:29:09,344 - konomi.utils.schema_manager - INFO - Cleaned migrations from db_grid/D5/database.db
2024-11-19 18:29:09,344 - __main__ - INFO - Registering migration for database D5
2024-11-19 18:29:09,366 - konomi.utils.schema_manager - INFO - Registered migration version 1 for db_grid/D5/database.db
2024-11-19 18:29:09,366 - konomi.utils.schema_manager - INFO - Registered migration version 1 for db_grid/D5/database.db
2024-11-19 18:29:09,366 - __main__ - INFO - Applying migration for database D5
2024-11-19 18:29:09,367 - konomi.utils.schema_manager - ERROR - Failed to execute migration: cannot start a transaction within a transaction
2024-11-19 18:29:09,367 - konomi.utils.schema_manager - ERROR - Failed to execute migration: cannot start a transaction within a transaction
2024-11-19 18:29:09,367 - __main__ - ERROR - Failed to apply migration for database D5
2024-11-19 18:29:09,367 - __main__ - INFO - Initializing database E1...
2024-11-19 18:29:09,370 - __main__ - INFO - Successfully initialized db_grid/E1/database.db
2024-11-19 18:29:09,402 - konomi.utils.schema_manager - INFO - Cleaned migrations from db_grid/E1/database.db
2024-11-19 18:29:09,402 - konomi.utils.schema_manager - INFO - Cleaned migrations from db_grid/E1/database.db
2024-11-19 18:29:09,403 - __main__ - INFO - Registering migration for database E1
2024-11-19 18:29:09,435 - konomi.utils.schema_manager - INFO - Registered migration version 1 for db_grid/E1/database.db
2024-11-19 18:29:09,435 - konomi.utils.schema_manager - INFO - Registered migration version 1 for db_grid/E1/database.db
2024-11-19 18:29:09,435 - __main__ - INFO - Applying migration for database E1
2024-11-19 18:29:09,436 - konomi.utils.schema_manager - ERROR - Failed to execute migration: cannot start a transaction within a transaction
2024-11-19 18:29:09,436 - konomi.utils.schema_manager - ERROR - Failed to execute migration: cannot start a transaction within a transaction
2024-11-19 18:29:09,436 - __main__ - ERROR - Failed to apply migration for database E1
2024-11-19 18:29:09,436 - __main__ - INFO - Initializing database E2...
2024-11-19 18:29:09,438 - __main__ - INFO - Successfully initialized db_grid/E2/database.db
2024-11-19 18:29:09,466 - konomi.utils.schema_manager - INFO - Cleaned migrations from db_grid/E2/database.db
2024-11-19 18:29:09,466 - konomi.utils.schema_manager - INFO - Cleaned migrations from db_grid/E2/database.db
2024-11-19 18:29:09,466 - __main__ - INFO - Registering migration for database E2
2024-11-19 18:29:09,493 - konomi.utils.schema_manager - INFO - Registered migration version 1 for db_grid/E2/database.db
2024-11-19 18:29:09,493 - konomi.utils.schema_manager - INFO - Registered migration version 1 for db_grid/E2/database.db
2024-11-19 18:29:09,493 - __main__ - INFO - Applying migration for database E2
2024-11-19 18:29:09,494 - konomi.utils.schema_manager - ERROR - Failed to execute migration: cannot start a transaction within a transaction
2024-11-19 18:29:09,494 - konomi.utils.schema_manager - ERROR - Failed to execute migration: cannot start a transaction within a transaction
2024-11-19 18:29:09,494 - __main__ - ERROR - Failed to apply migration for database E2
2024-11-19 18:29:09,494 - __main__ - INFO - Initializing database E3...
2024-11-19 18:29:09,496 - __main__ - INFO - Successfully initialized db_grid/E3/database.db
2024-11-19 18:29:09,524 - konomi.utils.schema_manager - INFO - Cleaned migrations from db_grid/E3/database.db
2024-11-19 18:29:09,524 - konomi.utils.schema_manager - INFO - Cleaned migrations from db_grid/E3/database.db
2024-11-19 18:29:09,525 - __main__ - INFO - Registering migration for database E3
2024-11-19 18:29:09,550 - konomi.utils.schema_manager - INFO - Registered migration version 1 for db_grid/E3/database.db
2024-11-19 18:29:09,550 - konomi.utils.schema_manager - INFO - Registered migration version 1 for db_grid/E3/database.db
2024-11-19 18:29:09,550 - __main__ - INFO - Applying migration for database E3
2024-11-19 18:29:09,551 - konomi.utils.schema_manager - ERROR - Failed to execute migration: cannot start a transaction within a transaction
2024-11-19 18:29:09,551 - konomi.utils.schema_manager - ERROR - Failed to execute migration: cannot start a transaction within a transaction
2024-11-19 18:29:09,551 - __main__ - ERROR - Failed to apply migration for database E3
2024-11-19 18:29:09,551 - __main__ - INFO - Initializing database E4...
2024-11-19 18:29:09,553 - __main__ - INFO - Successfully initialized db_grid/E4/database.db
2024-11-19 18:29:09,582 - konomi.utils.schema_manager - INFO - Cleaned migrations from db_grid/E4/database.db
2024-11-19 18:29:09,582 - konomi.utils.schema_manager - INFO - Cleaned migrations from db_grid/E4/database.db
2024-11-19 18:29:09,582 - __main__ - INFO - Registering migration for database E4
2024-11-19 18:29:09,608 - konomi.utils.schema_manager - INFO - Registered migration version 1 for db_grid/E4/database.db
2024-11-19 18:29:09,608 - konomi.utils.schema_manager - INFO - Registered migration version 1 for db_grid/E4/database.db
2024-11-19 18:29:09,608 - __main__ - INFO - Applying migration for database E4
2024-11-19 18:29:09,609 - konomi.utils.schema_manager - ERROR - Failed to execute migration: cannot start a transaction within a transaction
2024-11-19 18:29:09,609 - konomi.utils.schema_manager - ERROR - Failed to execute migration: cannot start a transaction within a transaction
2024-11-19 18:29:09,609 - __main__ - ERROR - Failed to apply migration for database E4
2024-11-19 18:29:09,609 - __main__ - INFO - Initializing database E5...
2024-11-19 18:29:09,611 - __main__ - INFO - Successfully initialized db_grid/E5/database.db
2024-11-19 18:29:09,634 - konomi.utils.schema_manager - INFO - Cleaned migrations from db_grid/E5/database.db
2024-11-19 18:29:09,634 - konomi.utils.schema_manager - INFO - Cleaned migrations from db_grid/E5/database.db
2024-11-19 18:29:09,634 - __main__ - INFO - Registering migration for database E5
2024-11-19 18:29:09,660 - konomi.utils.schema_manager - INFO - Registered migration version 1 for db_grid/E5/database.db
2024-11-19 18:29:09,660 - konomi.utils.schema_manager - INFO - Registered migration version 1 for db_grid/E5/database.db
2024-11-19 18:29:09,660 - __main__ - INFO - Applying migration for database E5
2024-11-19 18:29:09,661 - konomi.utils.schema_manager - ERROR - Failed to execute migration: cannot start a transaction within a transaction
2024-11-19 18:29:09,661 - konomi.utils.schema_manager - ERROR - Failed to execute migration: cannot start a transaction within a transaction
2024-11-19 18:29:09,661 - __main__ - ERROR - Failed to apply migration for database E5
2024-11-19 18:29:09,661 - __main__ - WARNING - No schema defined for database F1
2024-11-19 18:29:09,661 - __main__ - WARNING - No schema defined for database F2
2024-11-19 18:29:09,661 - __main__ - WARNING - No schema defined for database F3
2024-11-19 18:29:09,661 - __main__ - WARNING - No schema defined for database F4
2024-11-19 18:29:09,661 - __main__ - WARNING - No schema defined for database F5
2024-11-19 18:29:09,661 - __main__ - WARNING - No schema defined for database G1
2024-11-19 18:29:09,662 - __main__ - WARNING - No schema defined for database G2
2024-11-19 18:29:09,662 - __main__ - WARNING - No schema defined for database G3
2024-11-19 18:29:09,662 - __main__ - WARNING - No schema defined for database G4
2024-11-19 18:29:09,662 - __main__ - WARNING - No schema defined for database G5
2024-11-19 18:30:38,274 - __main__ - INFO - Initializing database A1...
2024-11-19 18:30:38,299 - __main__ - INFO - Successfully initialized db_grid/A1/database.db
2024-11-19 18:30:38,357 - konomi.utils.schema_manager - INFO - Cleaned migrations from db_grid/A1/database.db
2024-11-19 18:30:38,357 - konomi.utils.schema_manager - INFO - Cleaned migrations from db_grid/A1/database.db
2024-11-19 18:30:38,358 - __main__ - INFO - Registering migration for database A1
2024-11-19 18:30:38,358 - konomi.utils.schema_manager - ERROR - SQL validation failed for statement 'PRAGMA foreign_keys = ON': cannot commit - no transaction is active
2024-11-19 18:30:38,358 - konomi.utils.schema_manager - ERROR - SQL validation failed for statement 'PRAGMA foreign_keys = ON': cannot commit - no transaction is active
2024-11-19 18:30:38,358 - konomi.utils.schema_manager - ERROR - Failed to validate migration script
2024-11-19 18:30:38,358 - konomi.utils.schema_manager - ERROR - Failed to validate migration script
2024-11-19 18:30:38,358 - __main__ - ERROR - Failed to register migration for database A1
2024-11-19 18:30:38,358 - __main__ - INFO - Initializing database A2...
2024-11-19 18:30:38,359 - __main__ - INFO - Successfully initialized db_grid/A2/database.db
2024-11-19 18:30:38,388 - konomi.utils.schema_manager - INFO - Cleaned migrations from db_grid/A2/database.db
2024-11-19 18:30:38,388 - konomi.utils.schema_manager - INFO - Cleaned migrations from db_grid/A2/database.db
2024-11-19 18:30:38,388 - __main__ - INFO - Registering migration for database A2
2024-11-19 18:30:38,389 - konomi.utils.schema_manager - ERROR - SQL validation failed for statement 'PRAGMA foreign_keys = ON': cannot commit - no transaction is active
2024-11-19 18:30:38,389 - konomi.utils.schema_manager - ERROR - SQL validation failed for statement 'PRAGMA foreign_keys = ON': cannot commit - no transaction is active
2024-11-19 18:30:38,390 - konomi.utils.schema_manager - ERROR - Failed to validate migration script
2024-11-19 18:30:38,390 - konomi.utils.schema_manager - ERROR - Failed to validate migration script
2024-11-19 18:30:38,391 - __main__ - ERROR - Failed to register migration for database A2
2024-11-19 18:30:38,391 - __main__ - INFO - Initializing database A3...
2024-11-19 18:30:38,393 - __main__ - INFO - Successfully initialized db_grid/A3/database.db
2024-11-19 18:30:38,429 - konomi.utils.schema_manager - INFO - Cleaned migrations from db_grid/A3/database.db
2024-11-19 18:30:38,429 - konomi.utils.schema_manager - INFO - Cleaned migrations from db_grid/A3/database.db
2024-11-19 18:30:38,429 - __main__ - INFO - Registering migration for database A3
2024-11-19 18:30:38,430 - konomi.utils.schema_manager - ERROR - SQL validation failed for statement 'PRAGMA foreign_keys = ON': cannot commit - no transaction is active
2024-11-19 18:30:38,430 - konomi.utils.schema_manager - ERROR - SQL validation failed for statement 'PRAGMA foreign_keys = ON': cannot commit - no transaction is active
2024-11-19 18:30:38,430 - konomi.utils.schema_manager - ERROR - Failed to validate migration script
2024-11-19 18:30:38,430 - konomi.utils.schema_manager - ERROR - Failed to validate migration script
2024-11-19 18:30:38,430 - __main__ - ERROR - Failed to register migration for database A3
2024-11-19 18:30:38,430 - __main__ - INFO - Initializing database A4...
2024-11-19 18:30:38,430 - __main__ - INFO - Successfully initialized db_grid/A4/database.db
2024-11-19 18:30:38,456 - konomi.utils.schema_manager - INFO - Cleaned migrations from db_grid/A4/database.db
2024-11-19 18:30:38,456 - konomi.utils.schema_manager - INFO - Cleaned migrations from db_grid/A4/database.db
2024-11-19 18:30:38,457 - __main__ - INFO - Registering migration for database A4
2024-11-19 18:30:38,457 - konomi.utils.schema_manager - ERROR - SQL validation failed for statement 'PRAGMA foreign_keys = ON': cannot commit - no transaction is active
2024-11-19 18:30:38,457 - konomi.utils.schema_manager - ERROR - SQL validation failed for statement 'PRAGMA foreign_keys = ON': cannot commit - no transaction is active
2024-11-19 18:30:38,459 - konomi.utils.schema_manager - ERROR - Failed to validate migration script
2024-11-19 18:30:38,459 - konomi.utils.schema_manager - ERROR - Failed to validate migration script
2024-11-19 18:30:38,459 - __main__ - ERROR - Failed to register migration for database A4
2024-11-19 18:30:38,459 - __main__ - INFO - Initializing database A5...
2024-11-19 18:30:38,463 - __main__ - INFO - Successfully initialized db_grid/A5/database.db
2024-11-19 18:30:38,494 - konomi.utils.schema_manager - INFO - Cleaned migrations from db_grid/A5/database.db
2024-11-19 18:30:38,494 - konomi.utils.schema_manager - INFO - Cleaned migrations from db_grid/A5/database.db
2024-11-19 18:30:38,495 - __main__ - INFO - Registering migration for database A5
2024-11-19 18:30:38,495 - konomi.utils.schema_manager - ERROR - SQL validation failed for statement 'PRAGMA foreign_keys = ON': cannot commit - no transaction is active
2024-11-19 18:30:38,495 - konomi.utils.schema_manager - ERROR - SQL validation failed for statement 'PRAGMA foreign_keys = ON': cannot commit - no transaction is active
2024-11-19 18:30:38,495 - konomi.utils.schema_manager - ERROR - Failed to validate migration script
2024-11-19 18:30:38,495 - konomi.utils.schema_manager - ERROR - Failed to validate migration script
2024-11-19 18:30:38,495 - __main__ - ERROR - Failed to register migration for database A5
2024-11-19 18:30:38,495 - __main__ - INFO - Initializing database B1...
2024-11-19 18:30:38,500 - __main__ - INFO - Successfully initialized db_grid/B1/database.db
2024-11-19 18:30:38,563 - konomi.utils.schema_manager - INFO - Cleaned migrations from db_grid/B1/database.db
2024-11-19 18:30:38,563 - konomi.utils.schema_manager - INFO - Cleaned migrations from db_grid/B1/database.db
2024-11-19 18:30:38,565 - __main__ - INFO - Registering migration for database B1
2024-11-19 18:30:38,565 - konomi.utils.schema_manager - ERROR - SQL validation failed for statement 'PRAGMA foreign_keys = ON': cannot commit - no transaction is active
2024-11-19 18:30:38,565 - konomi.utils.schema_manager - ERROR - SQL validation failed for statement 'PRAGMA foreign_keys = ON': cannot commit - no transaction is active
2024-11-19 18:30:38,567 - konomi.utils.schema_manager - ERROR - Failed to validate migration script
2024-11-19 18:30:38,567 - konomi.utils.schema_manager - ERROR - Failed to validate migration script
2024-11-19 18:30:38,579 - __main__ - ERROR - Failed to register migration for database B1
2024-11-19 18:30:38,584 - __main__ - INFO - Initializing database B2...
2024-11-19 18:30:38,607 - __main__ - INFO - Successfully initialized db_grid/B2/database.db
2024-11-19 18:30:38,726 - konomi.utils.schema_manager - INFO - Cleaned migrations from db_grid/B2/database.db
2024-11-19 18:30:38,726 - konomi.utils.schema_manager - INFO - Cleaned migrations from db_grid/B2/database.db
2024-11-19 18:30:38,726 - __main__ - INFO - Registering migration for database B2
2024-11-19 18:30:38,728 - konomi.utils.schema_manager - ERROR - SQL validation failed for statement 'PRAGMA foreign_keys = ON': cannot commit - no transaction is active
2024-11-19 18:30:38,728 - konomi.utils.schema_manager - ERROR - SQL validation failed for statement 'PRAGMA foreign_keys = ON': cannot commit - no transaction is active
2024-11-19 18:30:38,728 - konomi.utils.schema_manager - ERROR - Failed to validate migration script
2024-11-19 18:30:38,728 - konomi.utils.schema_manager - ERROR - Failed to validate migration script
2024-11-19 18:30:38,728 - __main__ - ERROR - Failed to register migration for database B2
2024-11-19 18:30:38,728 - __main__ - INFO - Initializing database B3...
2024-11-19 18:30:38,731 - __main__ - INFO - Successfully initialized db_grid/B3/database.db
2024-11-19 18:30:38,789 - konomi.utils.schema_manager - INFO - Cleaned migrations from db_grid/B3/database.db
2024-11-19 18:30:38,789 - konomi.utils.schema_manager - INFO - Cleaned migrations from db_grid/B3/database.db
2024-11-19 18:30:38,789 - __main__ - INFO - Registering migration for database B3
2024-11-19 18:30:38,790 - konomi.utils.schema_manager - ERROR - SQL validation failed for statement 'PRAGMA foreign_keys = ON': cannot commit - no transaction is active
2024-11-19 18:30:38,790 - konomi.utils.schema_manager - ERROR - SQL validation failed for statement 'PRAGMA foreign_keys = ON': cannot commit - no transaction is active
2024-11-19 18:30:38,790 - konomi.utils.schema_manager - ERROR - Failed to validate migration script
2024-11-19 18:30:38,790 - konomi.utils.schema_manager - ERROR - Failed to validate migration script
2024-11-19 18:30:38,790 - __main__ - ERROR - Failed to register migration for database B3
2024-11-19 18:30:38,790 - __main__ - INFO - Initializing database B4...
2024-11-19 18:30:38,792 - __main__ - INFO - Successfully initialized db_grid/B4/database.db
2024-11-19 18:30:38,821 - konomi.utils.schema_manager - INFO - Cleaned migrations from db_grid/B4/database.db
2024-11-19 18:30:38,821 - konomi.utils.schema_manager - INFO - Cleaned migrations from db_grid/B4/database.db
2024-11-19 18:30:38,822 - __main__ - INFO - Registering migration for database B4
2024-11-19 18:30:38,822 - konomi.utils.schema_manager - ERROR - SQL validation failed for statement 'PRAGMA foreign_keys = ON': cannot commit - no transaction is active
2024-11-19 18:30:38,822 - konomi.utils.schema_manager - ERROR - SQL validation failed for statement 'PRAGMA foreign_keys = ON': cannot commit - no transaction is active
2024-11-19 18:30:38,822 - konomi.utils.schema_manager - ERROR - Failed to validate migration script
2024-11-19 18:30:38,822 - konomi.utils.schema_manager - ERROR - Failed to validate migration script
2024-11-19 18:30:38,822 - __main__ - ERROR - Failed to register migration for database B4
2024-11-19 18:30:38,823 - __main__ - INFO - Initializing database B5...
2024-11-19 18:30:38,824 - __main__ - INFO - Successfully initialized db_grid/B5/database.db
2024-11-19 18:30:38,851 - konomi.utils.schema_manager - INFO - Cleaned migrations from db_grid/B5/database.db
2024-11-19 18:30:38,851 - konomi.utils.schema_manager - INFO - Cleaned migrations from db_grid/B5/database.db
2024-11-19 18:30:38,851 - __main__ - INFO - Registering migration for database B5
2024-11-19 18:30:38,852 - konomi.utils.schema_manager - ERROR - SQL validation failed for statement 'PRAGMA foreign_keys = ON': cannot commit - no transaction is active
2024-11-19 18:30:38,852 - konomi.utils.schema_manager - ERROR - SQL validation failed for statement 'PRAGMA foreign_keys = ON': cannot commit - no transaction is active
2024-11-19 18:30:38,852 - konomi.utils.schema_manager - ERROR - Failed to validate migration script
2024-11-19 18:30:38,852 - konomi.utils.schema_manager - ERROR - Failed to validate migration script
2024-11-19 18:30:38,852 - __main__ - ERROR - Failed to register migration for database B5
2024-11-19 18:30:38,852 - __main__ - INFO - Initializing database C1...
2024-11-19 18:30:38,854 - __main__ - INFO - Successfully initialized db_grid/C1/database.db
2024-11-19 18:30:38,885 - konomi.utils.schema_manager - INFO - Cleaned migrations from db_grid/C1/database.db
2024-11-19 18:30:38,885 - konomi.utils.schema_manager - INFO - Cleaned migrations from db_grid/C1/database.db
2024-11-19 18:30:38,886 - __main__ - INFO - Registering migration for database C1
2024-11-19 18:30:38,886 - konomi.utils.schema_manager - ERROR - SQL validation failed for statement 'PRAGMA foreign_keys = ON': cannot commit - no transaction is active
2024-11-19 18:30:38,886 - konomi.utils.schema_manager - ERROR - SQL validation failed for statement 'PRAGMA foreign_keys = ON': cannot commit - no transaction is active
2024-11-19 18:30:38,886 - konomi.utils.schema_manager - ERROR - Failed to validate migration script
2024-11-19 18:30:38,886 - konomi.utils.schema_manager - ERROR - Failed to validate migration script
2024-11-19 18:30:38,887 - __main__ - ERROR - Failed to register migration for database C1
2024-11-19 18:30:38,887 - __main__ - INFO - Initializing database C2...
2024-11-19 18:30:38,889 - __main__ - INFO - Successfully initialized db_grid/C2/database.db
2024-11-19 18:30:38,926 - konomi.utils.schema_manager - INFO - Cleaned migrations from db_grid/C2/database.db
2024-11-19 18:30:38,926 - konomi.utils.schema_manager - INFO - Cleaned migrations from db_grid/C2/database.db
2024-11-19 18:30:38,927 - __main__ - INFO - Registering migration for database C2
2024-11-19 18:30:38,928 - konomi.utils.schema_manager - ERROR - SQL validation failed for statement 'PRAGMA foreign_keys = ON': cannot commit - no transaction is active
2024-11-19 18:30:38,928 - konomi.utils.schema_manager - ERROR - SQL validation failed for statement 'PRAGMA foreign_keys = ON': cannot commit - no transaction is active
2024-11-19 18:30:38,928 - konomi.utils.schema_manager - ERROR - Failed to validate migration script
2024-11-19 18:30:38,928 - konomi.utils.schema_manager - ERROR - Failed to validate migration script
2024-11-19 18:30:38,928 - __main__ - ERROR - Failed to register migration for database C2
2024-11-19 18:30:38,928 - __main__ - INFO - Initializing database C3...
2024-11-19 18:30:38,930 - __main__ - INFO - Successfully initialized db_grid/C3/database.db
2024-11-19 18:30:38,958 - konomi.utils.schema_manager - INFO - Cleaned migrations from db_grid/C3/database.db
2024-11-19 18:30:38,958 - konomi.utils.schema_manager - INFO - Cleaned migrations from db_grid/C3/database.db
2024-11-19 18:30:38,958 - __main__ - INFO - Registering migration for database C3
2024-11-19 18:30:38,958 - konomi.utils.schema_manager - ERROR - SQL validation failed for statement 'PRAGMA foreign_keys = ON': cannot commit - no transaction is active
2024-11-19 18:30:38,958 - konomi.utils.schema_manager - ERROR - SQL validation failed for statement 'PRAGMA foreign_keys = ON': cannot commit - no transaction is active
2024-11-19 18:30:38,959 - konomi.utils.schema_manager - ERROR - Failed to validate migration script
2024-11-19 18:30:38,959 - konomi.utils.schema_manager - ERROR - Failed to validate migration script
2024-11-19 18:30:38,959 - __main__ - ERROR - Failed to register migration for database C3
2024-11-19 18:30:38,959 - __main__ - INFO - Initializing database C4...
2024-11-19 18:30:38,961 - __main__ - INFO - Successfully initialized db_grid/C4/database.db
2024-11-19 18:30:39,002 - konomi.utils.schema_manager - INFO - Cleaned migrations from db_grid/C4/database.db
2024-11-19 18:30:39,002 - konomi.utils.schema_manager - INFO - Cleaned migrations from db_grid/C4/database.db
2024-11-19 18:30:39,002 - __main__ - INFO - Registering migration for database C4
2024-11-19 18:30:39,003 - konomi.utils.schema_manager - ERROR - SQL validation failed for statement 'PRAGMA foreign_keys = ON': cannot commit - no transaction is active
2024-11-19 18:30:39,003 - konomi.utils.schema_manager - ERROR - SQL validation failed for statement 'PRAGMA foreign_keys = ON': cannot commit - no transaction is active
2024-11-19 18:30:39,003 - konomi.utils.schema_manager - ERROR - Failed to validate migration script
2024-11-19 18:30:39,003 - konomi.utils.schema_manager - ERROR - Failed to validate migration script
2024-11-19 18:30:39,003 - __main__ - ERROR - Failed to register migration for database C4
2024-11-19 18:30:39,003 - __main__ - INFO - Initializing database C5...
2024-11-19 18:30:39,005 - __main__ - INFO - Successfully initialized db_grid/C5/database.db
2024-11-19 18:30:39,037 - konomi.utils.schema_manager - INFO - Cleaned migrations from db_grid/C5/database.db
2024-11-19 18:30:39,037 - konomi.utils.schema_manager - INFO - Cleaned migrations from db_grid/C5/database.db
2024-11-19 18:30:39,038 - __main__ - INFO - Registering migration for database C5
2024-11-19 18:30:39,038 - konomi.utils.schema_manager - ERROR - SQL validation failed for statement 'PRAGMA foreign_keys = ON': cannot commit - no transaction is active
2024-11-19 18:30:39,038 - konomi.utils.schema_manager - ERROR - SQL validation failed for statement 'PRAGMA foreign_keys = ON': cannot commit - no transaction is active
2024-11-19 18:30:39,038 - konomi.utils.schema_manager - ERROR - Failed to validate migration script
2024-11-19 18:30:39,038 - konomi.utils.schema_manager - ERROR - Failed to validate migration script
2024-11-19 18:30:39,038 - __main__ - ERROR - Failed to register migration for database C5
2024-11-19 18:30:39,038 - __main__ - INFO - Initializing database D1...
2024-11-19 18:30:39,041 - __main__ - INFO - Successfully initialized db_grid/D1/database.db
2024-11-19 18:30:39,074 - konomi.utils.schema_manager - INFO - Cleaned migrations from db_grid/D1/database.db
2024-11-19 18:30:39,074 - konomi.utils.schema_manager - INFO - Cleaned migrations from db_grid/D1/database.db
2024-11-19 18:30:39,074 - __main__ - INFO - Registering migration for database D1
2024-11-19 18:30:39,075 - konomi.utils.schema_manager - ERROR - SQL validation failed for statement 'PRAGMA foreign_keys = ON': cannot commit - no transaction is active
2024-11-19 18:30:39,075 - konomi.utils.schema_manager - ERROR - SQL validation failed for statement 'PRAGMA foreign_keys = ON': cannot commit - no transaction is active
2024-11-19 18:30:39,075 - konomi.utils.schema_manager - ERROR - Failed to validate migration script
2024-11-19 18:30:39,075 - konomi.utils.schema_manager - ERROR - Failed to validate migration script
2024-11-19 18:30:39,075 - __main__ - ERROR - Failed to register migration for database D1
2024-11-19 18:30:39,075 - __main__ - INFO - Initializing database D2...
2024-11-19 18:30:39,077 - __main__ - INFO - Successfully initialized db_grid/D2/database.db
2024-11-19 18:30:39,104 - konomi.utils.schema_manager - INFO - Cleaned migrations from db_grid/D2/database.db
2024-11-19 18:30:39,104 - konomi.utils.schema_manager - INFO - Cleaned migrations from db_grid/D2/database.db
2024-11-19 18:30:39,104 - __main__ - INFO - Registering migration for database D2
2024-11-19 18:30:39,105 - konomi.utils.schema_manager - ERROR - SQL validation failed for statement 'PRAGMA foreign_keys = ON': cannot commit - no transaction is active
2024-11-19 18:30:39,105 - konomi.utils.schema_manager - ERROR - SQL validation failed for statement 'PRAGMA foreign_keys = ON': cannot commit - no transaction is active
2024-11-19 18:30:39,105 - konomi.utils.schema_manager - ERROR - Failed to validate migration script
2024-11-19 18:30:39,105 - konomi.utils.schema_manager - ERROR - Failed to validate migration script
2024-11-19 18:30:39,105 - __main__ - ERROR - Failed to register migration for database D2
2024-11-19 18:30:39,105 - __main__ - INFO - Initializing database D3...
2024-11-19 18:30:39,107 - __main__ - INFO - Successfully initialized db_grid/D3/database.db
2024-11-19 18:30:39,141 - konomi.utils.schema_manager - INFO - Cleaned migrations from db_grid/D3/database.db
2024-11-19 18:30:39,141 - konomi.utils.schema_manager - INFO - Cleaned migrations from db_grid/D3/database.db
2024-11-19 18:30:39,143 - __main__ - INFO - Registering migration for database D3
2024-11-19 18:30:39,143 - konomi.utils.schema_manager - ERROR - SQL validation failed for statement 'PRAGMA foreign_keys = ON': cannot commit - no transaction is active
2024-11-19 18:30:39,143 - konomi.utils.schema_manager - ERROR - SQL validation failed for statement 'PRAGMA foreign_keys = ON': cannot commit - no transaction is active
2024-11-19 18:30:39,143 - konomi.utils.schema_manager - ERROR - Failed to validate migration script
2024-11-19 18:30:39,143 - konomi.utils.schema_manager - ERROR - Failed to validate migration script
2024-11-19 18:30:39,144 - __main__ - ERROR - Failed to register migration for database D3
2024-11-19 18:30:39,144 - __main__ - INFO - Initializing database D4...
2024-11-19 18:30:39,146 - __main__ - INFO - Successfully initialized db_grid/D4/database.db
2024-11-19 18:30:39,185 - konomi.utils.schema_manager - INFO - Cleaned migrations from db_grid/D4/database.db
2024-11-19 18:30:39,185 - konomi.utils.schema_manager - INFO - Cleaned migrations from db_grid/D4/database.db
2024-11-19 18:30:39,185 - __main__ - INFO - Registering migration for database D4
2024-11-19 18:30:39,185 - konomi.utils.schema_manager - ERROR - SQL validation failed for statement 'PRAGMA foreign_keys = ON': cannot commit - no transaction is active
2024-11-19 18:30:39,185 - konomi.utils.schema_manager - ERROR - SQL validation failed for statement 'PRAGMA foreign_keys = ON': cannot commit - no transaction is active
2024-11-19 18:30:39,185 - konomi.utils.schema_manager - ERROR - Failed to validate migration script
2024-11-19 18:30:39,185 - konomi.utils.schema_manager - ERROR - Failed to validate migration script
2024-11-19 18:30:39,186 - __main__ - ERROR - Failed to register migration for database D4
2024-11-19 18:30:39,186 - __main__ - INFO - Initializing database D5...
2024-11-19 18:30:39,188 - __main__ - INFO - Successfully initialized db_grid/D5/database.db
2024-11-19 18:30:39,225 - konomi.utils.schema_manager - INFO - Cleaned migrations from db_grid/D5/database.db
2024-11-19 18:30:39,225 - konomi.utils.schema_manager - INFO - Cleaned migrations from db_grid/D5/database.db
2024-11-19 18:30:39,225 - __main__ - INFO - Registering migration for database D5
2024-11-19 18:30:39,225 - konomi.utils.schema_manager - ERROR - SQL validation failed for statement 'PRAGMA foreign_keys = ON': cannot commit - no transaction is active
2024-11-19 18:30:39,225 - konomi.utils.schema_manager - ERROR - SQL validation failed for statement 'PRAGMA foreign_keys = ON': cannot commit - no transaction is active
2024-11-19 18:30:39,226 - konomi.utils.schema_manager - ERROR - Failed to validate migration script
2024-11-19 18:30:39,226 - konomi.utils.schema_manager - ERROR - Failed to validate migration script
2024-11-19 18:30:39,226 - __main__ - ERROR - Failed to register migration for database D5
2024-11-19 18:30:39,226 - __main__ - INFO - Initializing database E1...
2024-11-19 18:30:39,226 - __main__ - INFO - Successfully initialized db_grid/E1/database.db
2024-11-19 18:30:39,492 - __main__ - INFO - Initializing database A1...
2024-11-19 18:30:39,493 - __main__ - INFO - Successfully initialized db_grid/A1/database.db
2024-11-19 18:30:39,519 - konomi.utils.schema_manager - INFO - Cleaned migrations from db_grid/A1/database.db
2024-11-19 18:30:39,519 - konomi.utils.schema_manager - INFO - Cleaned migrations from db_grid/A1/database.db
2024-11-19 18:30:39,520 - __main__ - INFO - Registering migration for database A1
2024-11-19 18:30:39,520 - konomi.utils.schema_manager - ERROR - SQL validation failed for statement 'PRAGMA foreign_keys = ON': cannot commit - no transaction is active
2024-11-19 18:30:39,520 - konomi.utils.schema_manager - ERROR - SQL validation failed for statement 'PRAGMA foreign_keys = ON': cannot commit - no transaction is active
2024-11-19 18:30:39,520 - konomi.utils.schema_manager - ERROR - Failed to validate migration script
2024-11-19 18:30:39,520 - konomi.utils.schema_manager - ERROR - Failed to validate migration script
2024-11-19 18:30:39,520 - __main__ - ERROR - Failed to register migration for database A1
2024-11-19 18:30:39,520 - __main__ - INFO - Initializing database A2...
2024-11-19 18:30:39,521 - __main__ - INFO - Successfully initialized db_grid/A2/database.db
2024-11-19 18:30:39,569 - konomi.utils.schema_manager - INFO - Cleaned migrations from db_grid/A2/database.db
2024-11-19 18:30:39,569 - konomi.utils.schema_manager - INFO - Cleaned migrations from db_grid/A2/database.db
2024-11-19 18:30:39,569 - __main__ - INFO - Registering migration for database A2
2024-11-19 18:30:39,570 - konomi.utils.schema_manager - ERROR - SQL validation failed for statement 'PRAGMA foreign_keys = ON': cannot commit - no transaction is active
2024-11-19 18:30:39,570 - konomi.utils.schema_manager - ERROR - SQL validation failed for statement 'PRAGMA foreign_keys = ON': cannot commit - no transaction is active
2024-11-19 18:30:39,570 - konomi.utils.schema_manager - ERROR - Failed to validate migration script
2024-11-19 18:30:39,570 - konomi.utils.schema_manager - ERROR - Failed to validate migration script
2024-11-19 18:30:39,570 - __main__ - ERROR - Failed to register migration for database A2
2024-11-19 18:30:39,570 - __main__ - INFO - Initializing database A3...
2024-11-19 18:30:39,571 - __main__ - INFO - Successfully initialized db_grid/A3/database.db
2024-11-19 18:30:39,603 - konomi.utils.schema_manager - INFO - Cleaned migrations from db_grid/A3/database.db
2024-11-19 18:30:39,603 - konomi.utils.schema_manager - INFO - Cleaned migrations from db_grid/A3/database.db
2024-11-19 18:30:39,604 - __main__ - INFO - Registering migration for database A3
2024-11-19 18:30:39,604 - konomi.utils.schema_manager - ERROR - SQL validation failed for statement 'PRAGMA foreign_keys = ON': cannot commit - no transaction is active
2024-11-19 18:30:39,604 - konomi.utils.schema_manager - ERROR - SQL validation failed for statement 'PRAGMA foreign_keys = ON': cannot commit - no transaction is active
2024-11-19 18:30:39,604 - konomi.utils.schema_manager - ERROR - Failed to validate migration script
2024-11-19 18:30:39,604 - konomi.utils.schema_manager - ERROR - Failed to validate migration script
2024-11-19 18:30:39,604 - __main__ - ERROR - Failed to register migration for database A3
2024-11-19 18:30:39,604 - __main__ - INFO - Initializing database A4...
2024-11-19 18:30:39,605 - __main__ - INFO - Successfully initialized db_grid/A4/database.db
2024-11-19 18:30:39,630 - konomi.utils.schema_manager - INFO - Cleaned migrations from db_grid/A4/database.db
2024-11-19 18:30:39,630 - konomi.utils.schema_manager - INFO - Cleaned migrations from db_grid/A4/database.db
2024-11-19 18:30:39,630 - __main__ - INFO - Registering migration for database A4
2024-11-19 18:30:39,631 - konomi.utils.schema_manager - ERROR - SQL validation failed for statement 'PRAGMA foreign_keys = ON': cannot commit - no transaction is active
2024-11-19 18:30:39,631 - konomi.utils.schema_manager - ERROR - SQL validation failed for statement 'PRAGMA foreign_keys = ON': cannot commit - no transaction is active
2024-11-19 18:30:39,631 - konomi.utils.schema_manager - ERROR - Failed to validate migration script
2024-11-19 18:30:39,631 - konomi.utils.schema_manager - ERROR - Failed to validate migration script
2024-11-19 18:30:39,631 - __main__ - ERROR - Failed to register migration for database A4
2024-11-19 18:30:39,631 - __main__ - INFO - Initializing database A5...
2024-11-19 18:30:39,632 - __main__ - INFO - Successfully initialized db_grid/A5/database.db
2024-11-19 18:30:39,660 - konomi.utils.schema_manager - INFO - Cleaned migrations from db_grid/A5/database.db
2024-11-19 18:30:39,660 - konomi.utils.schema_manager - INFO - Cleaned migrations from db_grid/A5/database.db
2024-11-19 18:30:39,660 - __main__ - INFO - Registering migration for database A5
2024-11-19 18:30:39,661 - konomi.utils.schema_manager - ERROR - SQL validation failed for statement 'PRAGMA foreign_keys = ON': cannot commit - no transaction is active
2024-11-19 18:30:39,661 - konomi.utils.schema_manager - ERROR - SQL validation failed for statement 'PRAGMA foreign_keys = ON': cannot commit - no transaction is active
2024-11-19 18:30:39,661 - konomi.utils.schema_manager - ERROR - Failed to validate migration script
2024-11-19 18:30:39,661 - konomi.utils.schema_manager - ERROR - Failed to validate migration script
2024-11-19 18:30:39,661 - __main__ - ERROR - Failed to register migration for database A5
2024-11-19 18:30:39,661 - __main__ - INFO - Initializing database B1...
2024-11-19 18:30:39,662 - __main__ - INFO - Successfully initialized db_grid/B1/database.db
2024-11-19 18:30:39,689 - konomi.utils.schema_manager - INFO - Cleaned migrations from db_grid/B1/database.db
2024-11-19 18:30:39,689 - konomi.utils.schema_manager - INFO - Cleaned migrations from db_grid/B1/database.db
2024-11-19 18:30:39,690 - __main__ - INFO - Registering migration for database B1
2024-11-19 18:30:39,690 - konomi.utils.schema_manager - ERROR - SQL validation failed for statement 'PRAGMA foreign_keys = ON': cannot commit - no transaction is active
2024-11-19 18:30:39,690 - konomi.utils.schema_manager - ERROR - SQL validation failed for statement 'PRAGMA foreign_keys = ON': cannot commit - no transaction is active
2024-11-19 18:30:39,690 - konomi.utils.schema_manager - ERROR - Failed to validate migration script
2024-11-19 18:30:39,690 - konomi.utils.schema_manager - ERROR - Failed to validate migration script
2024-11-19 18:30:39,691 - __main__ - ERROR - Failed to register migration for database B1
2024-11-19 18:30:39,691 - __main__ - INFO - Initializing database B2...
2024-11-19 18:30:39,692 - __main__ - INFO - Successfully initialized db_grid/B2/database.db
2024-11-19 18:30:39,724 - konomi.utils.schema_manager - INFO - Cleaned migrations from db_grid/B2/database.db
2024-11-19 18:30:39,724 - konomi.utils.schema_manager - INFO - Cleaned migrations from db_grid/B2/database.db
2024-11-19 18:30:39,725 - __main__ - INFO - Registering migration for database B2
2024-11-19 18:30:39,725 - konomi.utils.schema_manager - ERROR - SQL validation failed for statement 'PRAGMA foreign_keys = ON': cannot commit - no transaction is active
2024-11-19 18:30:39,725 - konomi.utils.schema_manager - ERROR - SQL validation failed for statement 'PRAGMA foreign_keys = ON': cannot commit - no transaction is active
2024-11-19 18:30:39,725 - konomi.utils.schema_manager - ERROR - Failed to validate migration script
2024-11-19 18:30:39,725 - konomi.utils.schema_manager - ERROR - Failed to validate migration script
2024-11-19 18:30:39,725 - __main__ - ERROR - Failed to register migration for database B2
2024-11-19 18:30:39,725 - __main__ - INFO - Initializing database B3...
2024-11-19 18:30:39,726 - __main__ - INFO - Successfully initialized db_grid/B3/database.db
2024-11-19 18:30:39,755 - konomi.utils.schema_manager - INFO - Cleaned migrations from db_grid/B3/database.db
2024-11-19 18:30:39,755 - konomi.utils.schema_manager - INFO - Cleaned migrations from db_grid/B3/database.db
2024-11-19 18:30:39,756 - __main__ - INFO - Registering migration for database B3
2024-11-19 18:30:39,756 - konomi.utils.schema_manager - ERROR - SQL validation failed for statement 'PRAGMA foreign_keys = ON': cannot commit - no transaction is active
2024-11-19 18:30:39,756 - konomi.utils.schema_manager - ERROR - SQL validation failed for statement 'PRAGMA foreign_keys = ON': cannot commit - no transaction is active
2024-11-19 18:30:39,756 - konomi.utils.schema_manager - ERROR - Failed to validate migration script
2024-11-19 18:30:39,756 - konomi.utils.schema_manager - ERROR - Failed to validate migration script
2024-11-19 18:30:39,756 - __main__ - ERROR - Failed to register migration for database B3
2024-11-19 18:30:39,757 - __main__ - INFO - Initializing database B4...
2024-11-19 18:30:39,757 - __main__ - INFO - Successfully initialized db_grid/B4/database.db
2024-11-19 18:30:39,786 - konomi.utils.schema_manager - INFO - Cleaned migrations from db_grid/B4/database.db
2024-11-19 18:30:39,786 - konomi.utils.schema_manager - INFO - Cleaned migrations from db_grid/B4/database.db
2024-11-19 18:30:39,786 - __main__ - INFO - Registering migration for database B4
2024-11-19 18:30:39,787 - konomi.utils.schema_manager - ERROR - SQL validation failed for statement 'PRAGMA foreign_keys = ON': cannot commit - no transaction is active
2024-11-19 18:30:39,787 - konomi.utils.schema_manager - ERROR - SQL validation failed for statement 'PRAGMA foreign_keys = ON': cannot commit - no transaction is active
2024-11-19 18:30:39,787 - konomi.utils.schema_manager - ERROR - Failed to validate migration script
2024-11-19 18:30:39,787 - konomi.utils.schema_manager - ERROR - Failed to validate migration script
2024-11-19 18:30:39,787 - __main__ - ERROR - Failed to register migration for database B4
2024-11-19 18:30:39,787 - __main__ - INFO - Initializing database B5...
2024-11-19 18:30:39,788 - __main__ - INFO - Successfully initialized db_grid/B5/database.db
2024-11-19 18:30:39,816 - konomi.utils.schema_manager - INFO - Cleaned migrations from db_grid/B5/database.db
2024-11-19 18:30:39,816 - konomi.utils.schema_manager - INFO - Cleaned migrations from db_grid/B5/database.db
2024-11-19 18:30:39,817 - __main__ - INFO - Registering migration for database B5
2024-11-19 18:30:39,817 - konomi.utils.schema_manager - ERROR - SQL validation failed for statement 'PRAGMA foreign_keys = ON': cannot commit - no transaction is active
2024-11-19 18:30:39,817 - konomi.utils.schema_manager - ERROR - SQL validation failed for statement 'PRAGMA foreign_keys = ON': cannot commit - no transaction is active
2024-11-19 18:30:39,817 - konomi.utils.schema_manager - ERROR - Failed to validate migration script
2024-11-19 18:30:39,817 - konomi.utils.schema_manager - ERROR - Failed to validate migration script
2024-11-19 18:30:39,817 - __main__ - ERROR - Failed to register migration for database B5
2024-11-19 18:30:39,818 - __main__ - INFO - Initializing database C1...
2024-11-19 18:30:39,818 - __main__ - INFO - Successfully initialized db_grid/C1/database.db
2024-11-19 18:30:39,847 - konomi.utils.schema_manager - INFO - Cleaned migrations from db_grid/C1/database.db
2024-11-19 18:30:39,847 - konomi.utils.schema_manager - INFO - Cleaned migrations from db_grid/C1/database.db
2024-11-19 18:30:39,847 - __main__ - INFO - Registering migration for database C1
2024-11-19 18:30:39,848 - konomi.utils.schema_manager - ERROR - SQL validation failed for statement 'PRAGMA foreign_keys = ON': cannot commit - no transaction is active
2024-11-19 18:30:39,848 - konomi.utils.schema_manager - ERROR - SQL validation failed for statement 'PRAGMA foreign_keys = ON': cannot commit - no transaction is active
2024-11-19 18:30:39,848 - konomi.utils.schema_manager - ERROR - Failed to validate migration script
2024-11-19 18:30:39,848 - konomi.utils.schema_manager - ERROR - Failed to validate migration script
2024-11-19 18:30:39,848 - __main__ - ERROR - Failed to register migration for database C1
2024-11-19 18:30:39,848 - __main__ - INFO - Initializing database C2...
2024-11-19 18:30:39,849 - __main__ - INFO - Successfully initialized db_grid/C2/database.db
2024-11-19 18:30:39,878 - konomi.utils.schema_manager - INFO - Cleaned migrations from db_grid/C2/database.db
2024-11-19 18:30:39,878 - konomi.utils.schema_manager - INFO - Cleaned migrations from db_grid/C2/database.db
2024-11-19 18:30:39,878 - __main__ - INFO - Registering migration for database C2
2024-11-19 18:30:39,878 - konomi.utils.schema_manager - ERROR - SQL validation failed for statement 'PRAGMA foreign_keys = ON': cannot commit - no transaction is active
2024-11-19 18:30:39,878 - konomi.utils.schema_manager - ERROR - SQL validation failed for statement 'PRAGMA foreign_keys = ON': cannot commit - no transaction is active
2024-11-19 18:30:39,879 - konomi.utils.schema_manager - ERROR - Failed to validate migration script
2024-11-19 18:30:39,879 - konomi.utils.schema_manager - ERROR - Failed to validate migration script
2024-11-19 18:30:39,879 - __main__ - ERROR - Failed to register migration for database C2
2024-11-19 18:30:39,879 - __main__ - INFO - Initializing database C3...
2024-11-19 18:30:39,879 - __main__ - INFO - Successfully initialized db_grid/C3/database.db
2024-11-19 18:30:39,905 - konomi.utils.schema_manager - INFO - Cleaned migrations from db_grid/C3/database.db
2024-11-19 18:30:39,905 - konomi.utils.schema_manager - INFO - Cleaned migrations from db_grid/C3/database.db
2024-11-19 18:30:39,905 - __main__ - INFO - Registering migration for database C3
2024-11-19 18:30:39,907 - konomi.utils.schema_manager - ERROR - SQL validation failed for statement 'PRAGMA foreign_keys = ON': cannot commit - no transaction is active
2024-11-19 18:30:39,907 - konomi.utils.schema_manager - ERROR - SQL validation failed for statement 'PRAGMA foreign_keys = ON': cannot commit - no transaction is active
2024-11-19 18:30:39,908 - konomi.utils.schema_manager - ERROR - Failed to validate migration script
2024-11-19 18:30:39,908 - konomi.utils.schema_manager - ERROR - Failed to validate migration script
2024-11-19 18:30:39,908 - __main__ - ERROR - Failed to register migration for database C3
2024-11-19 18:30:39,908 - __main__ - INFO - Initializing database C4...
2024-11-19 18:30:39,908 - __main__ - INFO - Successfully initialized db_grid/C4/database.db
2024-11-19 18:30:39,941 - konomi.utils.schema_manager - INFO - Cleaned migrations from db_grid/C4/database.db
2024-11-19 18:30:39,941 - konomi.utils.schema_manager - INFO - Cleaned migrations from db_grid/C4/database.db
2024-11-19 18:30:39,941 - __main__ - INFO - Registering migration for database C4
2024-11-19 18:30:39,941 - konomi.utils.schema_manager - ERROR - SQL validation failed for statement 'PRAGMA foreign_keys = ON': cannot commit - no transaction is active
2024-11-19 18:30:39,941 - konomi.utils.schema_manager - ERROR - SQL validation failed for statement 'PRAGMA foreign_keys = ON': cannot commit - no transaction is active
2024-11-19 18:30:39,941 - konomi.utils.schema_manager - ERROR - Failed to validate migration script
2024-11-19 18:30:39,941 - konomi.utils.schema_manager - ERROR - Failed to validate migration script
2024-11-19 18:30:39,942 - __main__ - ERROR - Failed to register migration for database C4
2024-11-19 18:30:39,942 - __main__ - INFO - Initializing database C5...
2024-11-19 18:30:39,942 - __main__ - INFO - Successfully initialized db_grid/C5/database.db
2024-11-19 18:30:39,973 - konomi.utils.schema_manager - INFO - Cleaned migrations from db_grid/C5/database.db
2024-11-19 18:30:39,973 - konomi.utils.schema_manager - INFO - Cleaned migrations from db_grid/C5/database.db
2024-11-19 18:30:39,973 - __main__ - INFO - Registering migration for database C5
2024-11-19 18:30:39,973 - konomi.utils.schema_manager - ERROR - SQL validation failed for statement 'PRAGMA foreign_keys = ON': cannot commit - no transaction is active
2024-11-19 18:30:39,973 - konomi.utils.schema_manager - ERROR - SQL validation failed for statement 'PRAGMA foreign_keys = ON': cannot commit - no transaction is active
2024-11-19 18:30:39,974 - konomi.utils.schema_manager - ERROR - Failed to validate migration script
2024-11-19 18:30:39,974 - konomi.utils.schema_manager - ERROR - Failed to validate migration script
2024-11-19 18:30:39,974 - __main__ - ERROR - Failed to register migration for database C5
2024-11-19 18:30:39,974 - __main__ - INFO - Initializing database D1...
2024-11-19 18:30:39,974 - __main__ - INFO - Successfully initialized db_grid/D1/database.db
2024-11-19 18:30:40,003 - konomi.utils.schema_manager - INFO - Cleaned migrations from db_grid/D1/database.db
2024-11-19 18:30:40,003 - konomi.utils.schema_manager - INFO - Cleaned migrations from db_grid/D1/database.db
2024-11-19 18:30:40,003 - __main__ - INFO - Registering migration for database D1
2024-11-19 18:30:40,003 - konomi.utils.schema_manager - ERROR - SQL validation failed for statement 'PRAGMA foreign_keys = ON': cannot commit - no transaction is active
2024-11-19 18:30:40,003 - konomi.utils.schema_manager - ERROR - SQL validation failed for statement 'PRAGMA foreign_keys = ON': cannot commit - no transaction is active
2024-11-19 18:30:40,004 - konomi.utils.schema_manager - ERROR - Failed to validate migration script
2024-11-19 18:30:40,004 - konomi.utils.schema_manager - ERROR - Failed to validate migration script
2024-11-19 18:30:40,004 - __main__ - ERROR - Failed to register migration for database D1
2024-11-19 18:30:40,004 - __main__ - INFO - Initializing database D2...
2024-11-19 18:30:40,005 - __main__ - INFO - Successfully initialized db_grid/D2/database.db
2024-11-19 18:30:40,034 - konomi.utils.schema_manager - INFO - Cleaned migrations from db_grid/D2/database.db
2024-11-19 18:30:40,034 - konomi.utils.schema_manager - INFO - Cleaned migrations from db_grid/D2/database.db
2024-11-19 18:30:40,035 - __main__ - INFO - Registering migration for database D2
2024-11-19 18:30:40,035 - konomi.utils.schema_manager - ERROR - SQL validation failed for statement 'PRAGMA foreign_keys = ON': cannot commit - no transaction is active
2024-11-19 18:30:40,035 - konomi.utils.schema_manager - ERROR - SQL validation failed for statement 'PRAGMA foreign_keys = ON': cannot commit - no transaction is active
2024-11-19 18:30:40,035 - konomi.utils.schema_manager - ERROR - Failed to validate migration script
2024-11-19 18:30:40,035 - konomi.utils.schema_manager - ERROR - Failed to validate migration script
2024-11-19 18:30:40,035 - __main__ - ERROR - Failed to register migration for database D2
2024-11-19 18:30:40,036 - __main__ - INFO - Initializing database D3...
2024-11-19 18:30:40,036 - __main__ - INFO - Successfully initialized db_grid/D3/database.db
2024-11-19 18:30:40,065 - konomi.utils.schema_manager - INFO - Cleaned migrations from db_grid/D3/database.db
2024-11-19 18:30:40,065 - konomi.utils.schema_manager - INFO - Cleaned migrations from db_grid/D3/database.db
2024-11-19 18:30:40,065 - __main__ - INFO - Registering migration for database D3
2024-11-19 18:30:40,066 - konomi.utils.schema_manager - ERROR - SQL validation failed for statement 'PRAGMA foreign_keys = ON': cannot commit - no transaction is active
2024-11-19 18:30:40,066 - konomi.utils.schema_manager - ERROR - SQL validation failed for statement 'PRAGMA foreign_keys = ON': cannot commit - no transaction is active
2024-11-19 18:30:40,066 - konomi.utils.schema_manager - ERROR - Failed to validate migration script
2024-11-19 18:30:40,066 - konomi.utils.schema_manager - ERROR - Failed to validate migration script
2024-11-19 18:30:40,066 - __main__ - ERROR - Failed to register migration for database D3
2024-11-19 18:30:40,066 - __main__ - INFO - Initializing database D4...
2024-11-19 18:30:40,067 - __main__ - INFO - Successfully initialized db_grid/D4/database.db
2024-11-19 18:30:40,098 - konomi.utils.schema_manager - INFO - Cleaned migrations from db_grid/D4/database.db
2024-11-19 18:30:40,098 - konomi.utils.schema_manager - INFO - Cleaned migrations from db_grid/D4/database.db
2024-11-19 18:30:40,098 - __main__ - INFO - Registering migration for database D4
2024-11-19 18:30:40,099 - konomi.utils.schema_manager - ERROR - SQL validation failed for statement 'PRAGMA foreign_keys = ON': cannot commit - no transaction is active
2024-11-19 18:30:40,099 - konomi.utils.schema_manager - ERROR - SQL validation failed for statement 'PRAGMA foreign_keys = ON': cannot commit - no transaction is active
2024-11-19 18:30:40,099 - konomi.utils.schema_manager - ERROR - Failed to validate migration script
2024-11-19 18:30:40,099 - konomi.utils.schema_manager - ERROR - Failed to validate migration script
2024-11-19 18:30:40,099 - __main__ - ERROR - Failed to register migration for database D4
2024-11-19 18:30:40,100 - __main__ - INFO - Initializing database D5...
2024-11-19 18:30:40,101 - __main__ - INFO - Successfully initialized db_grid/D5/database.db
2024-11-19 18:30:40,129 - konomi.utils.schema_manager - INFO - Cleaned migrations from db_grid/D5/database.db
2024-11-19 18:30:40,129 - konomi.utils.schema_manager - INFO - Cleaned migrations from db_grid/D5/database.db
2024-11-19 18:30:40,130 - __main__ - INFO - Registering migration for database D5
2024-11-19 18:30:40,130 - konomi.utils.schema_manager - ERROR - SQL validation failed for statement 'PRAGMA foreign_keys = ON': cannot commit - no transaction is active
2024-11-19 18:30:40,130 - konomi.utils.schema_manager - ERROR - SQL validation failed for statement 'PRAGMA foreign_keys = ON': cannot commit - no transaction is active
2024-11-19 18:30:40,130 - konomi.utils.schema_manager - ERROR - Failed to validate migration script
2024-11-19 18:30:40,130 - konomi.utils.schema_manager - ERROR - Failed to validate migration script
2024-11-19 18:30:40,131 - __main__ - ERROR - Failed to register migration for database D5
2024-11-19 18:30:40,131 - __main__ - INFO - Initializing database E1...
2024-11-19 18:30:40,139 - __main__ - INFO - Successfully initialized db_grid/E1/database.db
2024-11-19 18:30:40,170 - konomi.utils.schema_manager - INFO - Cleaned migrations from db_grid/E1/database.db
2024-11-19 18:30:40,170 - konomi.utils.schema_manager - INFO - Cleaned migrations from db_grid/E1/database.db
2024-11-19 18:30:40,170 - __main__ - INFO - Registering migration for database E1
2024-11-19 18:30:40,170 - konomi.utils.schema_manager - ERROR - SQL validation failed for statement 'PRAGMA foreign_keys = ON': cannot commit - no transaction is active
2024-11-19 18:30:40,170 - konomi.utils.schema_manager - ERROR - SQL validation failed for statement 'PRAGMA foreign_keys = ON': cannot commit - no transaction is active
2024-11-19 18:30:40,170 - konomi.utils.schema_manager - ERROR - Failed to validate migration script
2024-11-19 18:30:40,170 - konomi.utils.schema_manager - ERROR - Failed to validate migration script
2024-11-19 18:30:40,171 - __main__ - ERROR - Failed to register migration for database E1
2024-11-19 18:30:40,171 - __main__ - INFO - Initializing database E2...
2024-11-19 18:30:40,173 - __main__ - INFO - Successfully initialized db_grid/E2/database.db
2024-11-19 18:30:40,235 - konomi.utils.schema_manager - INFO - Cleaned migrations from db_grid/E2/database.db
2024-11-19 18:30:40,235 - konomi.utils.schema_manager - INFO - Cleaned migrations from db_grid/E2/database.db
2024-11-19 18:30:40,236 - __main__ - INFO - Registering migration for database E2
2024-11-19 18:30:40,236 - konomi.utils.schema_manager - ERROR - SQL validation failed for statement 'PRAGMA foreign_keys = ON': cannot commit - no transaction is active
2024-11-19 18:30:40,236 - konomi.utils.schema_manager - ERROR - SQL validation failed for statement 'PRAGMA foreign_keys = ON': cannot commit - no transaction is active
2024-11-19 18:30:40,236 - konomi.utils.schema_manager - ERROR - Failed to validate migration script
2024-11-19 18:30:40,236 - konomi.utils.schema_manager - ERROR - Failed to validate migration script
2024-11-19 18:30:40,237 - __main__ - ERROR - Failed to register migration for database E2
2024-11-19 18:30:40,237 - __main__ - INFO - Initializing database E3...
2024-11-19 18:30:40,238 - __main__ - INFO - Successfully initialized db_grid/E3/database.db
2024-11-19 18:30:40,269 - konomi.utils.schema_manager - INFO - Cleaned migrations from db_grid/E3/database.db
2024-11-19 18:30:40,269 - konomi.utils.schema_manager - INFO - Cleaned migrations from db_grid/E3/database.db
2024-11-19 18:30:40,269 - __main__ - INFO - Registering migration for database E3
2024-11-19 18:30:40,269 - konomi.utils.schema_manager - ERROR - SQL validation failed for statement 'PRAGMA foreign_keys = ON': cannot commit - no transaction is active
2024-11-19 18:30:40,269 - konomi.utils.schema_manager - ERROR - SQL validation failed for statement 'PRAGMA foreign_keys = ON': cannot commit - no transaction is active
2024-11-19 18:30:40,270 - konomi.utils.schema_manager - ERROR - Failed to validate migration script
2024-11-19 18:30:40,270 - konomi.utils.schema_manager - ERROR - Failed to validate migration script
2024-11-19 18:30:40,270 - __main__ - ERROR - Failed to register migration for database E3
2024-11-19 18:30:40,270 - __main__ - INFO - Initializing database E4...
2024-11-19 18:30:40,272 - __main__ - INFO - Successfully initialized db_grid/E4/database.db
2024-11-19 18:30:40,303 - konomi.utils.schema_manager - INFO - Cleaned migrations from db_grid/E4/database.db
2024-11-19 18:30:40,303 - konomi.utils.schema_manager - INFO - Cleaned migrations from db_grid/E4/database.db
2024-11-19 18:30:40,303 - __main__ - INFO - Registering migration for database E4
2024-11-19 18:30:40,303 - konomi.utils.schema_manager - ERROR - SQL validation failed for statement 'PRAGMA foreign_keys = ON': cannot commit - no transaction is active
2024-11-19 18:30:40,303 - konomi.utils.schema_manager - ERROR - SQL validation failed for statement 'PRAGMA foreign_keys = ON': cannot commit - no transaction is active
2024-11-19 18:30:40,304 - konomi.utils.schema_manager - ERROR - Failed to validate migration script
2024-11-19 18:30:40,304 - konomi.utils.schema_manager - ERROR - Failed to validate migration script
2024-11-19 18:30:40,304 - __main__ - ERROR - Failed to register migration for database E4
2024-11-19 18:30:40,304 - __main__ - INFO - Initializing database E5...
2024-11-19 18:30:40,306 - __main__ - INFO - Successfully initialized db_grid/E5/database.db
2024-11-19 18:30:40,338 - konomi.utils.schema_manager - INFO - Cleaned migrations from db_grid/E5/database.db
2024-11-19 18:30:40,338 - konomi.utils.schema_manager - INFO - Cleaned migrations from db_grid/E5/database.db
2024-11-19 18:30:40,338 - __main__ - INFO - Registering migration for database E5
2024-11-19 18:30:40,339 - konomi.utils.schema_manager - ERROR - SQL validation failed for statement 'PRAGMA foreign_keys = ON': cannot commit - no transaction is active
2024-11-19 18:30:40,339 - konomi.utils.schema_manager - ERROR - SQL validation failed for statement 'PRAGMA foreign_keys = ON': cannot commit - no transaction is active
2024-11-19 18:30:40,339 - konomi.utils.schema_manager - ERROR - Failed to validate migration script
2024-11-19 18:30:40,339 - konomi.utils.schema_manager - ERROR - Failed to validate migration script
2024-11-19 18:30:40,339 - __main__ - ERROR - Failed to register migration for database E5
2024-11-19 18:30:40,339 - __main__ - WARNING - No schema defined for database F1
2024-11-19 18:30:40,340 - __main__ - WARNING - No schema defined for database F2
2024-11-19 18:30:40,340 - __main__ - WARNING - No schema defined for database F3
2024-11-19 18:30:40,340 - __main__ - WARNING - No schema defined for database F4
2024-11-19 18:30:40,340 - __main__ - WARNING - No schema defined for database F5
2024-11-19 18:30:40,340 - __main__ - WARNING - No schema defined for database G1
2024-11-19 18:30:40,340 - __main__ - WARNING - No schema defined for database G2
2024-11-19 18:30:40,340 - __main__ - WARNING - No schema defined for database G3
2024-11-19 18:30:40,341 - __main__ - WARNING - No schema defined for database G4
2024-11-19 18:30:40,341 - __main__ - WARNING - No schema defined for database G5
2024-11-19 18:31:45,411 - __main__ - INFO - Initializing database A1...
2024-11-19 18:31:45,432 - __main__ - INFO - Successfully initialized db_grid/A1/database.db
2024-11-19 18:31:45,465 - konomi.utils.schema_manager - INFO - Cleaned migrations from db_grid/A1/database.db
2024-11-19 18:31:45,465 - konomi.utils.schema_manager - INFO - Cleaned migrations from db_grid/A1/database.db
2024-11-19 18:31:45,465 - __main__ - INFO - Registering migration for database A1
2024-11-19 18:31:45,491 - konomi.utils.schema_manager - INFO - Registered migration version 1 for db_grid/A1/database.db
2024-11-19 18:31:45,491 - konomi.utils.schema_manager - INFO - Registered migration version 1 for db_grid/A1/database.db
2024-11-19 18:31:45,491 - __main__ - INFO - Applying migration for database A1
2024-11-19 18:31:45,520 - konomi.utils.schema_manager - INFO - Applied migration version 1 to db_grid/A1/database.db
2024-11-19 18:31:45,520 - konomi.utils.schema_manager - INFO - Applied migration version 1 to db_grid/A1/database.db
2024-11-19 18:31:45,521 - __main__ - INFO - Successfully applied migration for database A1
2024-11-19 18:31:45,521 - __main__ - INFO - Initializing database A2...
2024-11-19 18:31:45,523 - __main__ - INFO - Successfully initialized db_grid/A2/database.db
2024-11-19 18:31:45,557 - konomi.utils.schema_manager - INFO - Cleaned migrations from db_grid/A2/database.db
2024-11-19 18:31:45,557 - konomi.utils.schema_manager - INFO - Cleaned migrations from db_grid/A2/database.db
2024-11-19 18:31:45,557 - __main__ - INFO - Registering migration for database A2
2024-11-19 18:31:45,584 - konomi.utils.schema_manager - INFO - Registered migration version 1 for db_grid/A2/database.db
2024-11-19 18:31:45,584 - konomi.utils.schema_manager - INFO - Registered migration version 1 for db_grid/A2/database.db
2024-11-19 18:31:45,584 - __main__ - INFO - Applying migration for database A2
2024-11-19 18:31:45,612 - konomi.utils.schema_manager - INFO - Applied migration version 1 to db_grid/A2/database.db
2024-11-19 18:31:45,612 - konomi.utils.schema_manager - INFO - Applied migration version 1 to db_grid/A2/database.db
2024-11-19 18:31:45,612 - __main__ - INFO - Successfully applied migration for database A2
2024-11-19 18:31:45,612 - __main__ - INFO - Initializing database A3...
2024-11-19 18:31:45,614 - __main__ - INFO - Successfully initialized db_grid/A3/database.db
2024-11-19 18:31:45,641 - konomi.utils.schema_manager - INFO - Cleaned migrations from db_grid/A3/database.db
2024-11-19 18:31:45,641 - konomi.utils.schema_manager - INFO - Cleaned migrations from db_grid/A3/database.db
2024-11-19 18:31:45,643 - __main__ - INFO - Registering migration for database A3
2024-11-19 18:31:45,669 - konomi.utils.schema_manager - INFO - Registered migration version 1 for db_grid/A3/database.db
2024-11-19 18:31:45,669 - konomi.utils.schema_manager - INFO - Registered migration version 1 for db_grid/A3/database.db
2024-11-19 18:31:45,670 - __main__ - INFO - Applying migration for database A3
2024-11-19 18:31:45,699 - konomi.utils.schema_manager - INFO - Applied migration version 1 to db_grid/A3/database.db
2024-11-19 18:31:45,699 - konomi.utils.schema_manager - INFO - Applied migration version 1 to db_grid/A3/database.db
2024-11-19 18:31:45,699 - __main__ - INFO - Successfully applied migration for database A3
2024-11-19 18:31:45,700 - __main__ - INFO - Initializing database A4...
2024-11-19 18:31:45,701 - __main__ - INFO - Successfully initialized db_grid/A4/database.db
2024-11-19 18:31:45,737 - konomi.utils.schema_manager - INFO - Cleaned migrations from db_grid/A4/database.db
2024-11-19 18:31:45,737 - konomi.utils.schema_manager - INFO - Cleaned migrations from db_grid/A4/database.db
2024-11-19 18:31:45,737 - __main__ - INFO - Registering migration for database A4
2024-11-19 18:31:45,763 - konomi.utils.schema_manager - INFO - Registered migration version 1 for db_grid/A4/database.db
2024-11-19 18:31:45,763 - konomi.utils.schema_manager - INFO - Registered migration version 1 for db_grid/A4/database.db
2024-11-19 18:31:45,764 - __main__ - INFO - Applying migration for database A4
2024-11-19 18:31:45,790 - konomi.utils.schema_manager - INFO - Applied migration version 1 to db_grid/A4/database.db
2024-11-19 18:31:45,790 - konomi.utils.schema_manager - INFO - Applied migration version 1 to db_grid/A4/database.db
2024-11-19 18:31:45,791 - __main__ - INFO - Successfully applied migration for database A4
2024-11-19 18:31:45,791 - __main__ - INFO - Initializing database A5...
2024-11-19 18:31:45,793 - __main__ - INFO - Successfully initialized db_grid/A5/database.db
2024-11-19 18:31:45,822 - konomi.utils.schema_manager - INFO - Cleaned migrations from db_grid/A5/database.db
2024-11-19 18:31:45,822 - konomi.utils.schema_manager - INFO - Cleaned migrations from db_grid/A5/database.db
2024-11-19 18:31:45,823 - __main__ - INFO - Registering migration for database A5
2024-11-19 18:31:45,847 - konomi.utils.schema_manager - INFO - Registered migration version 1 for db_grid/A5/database.db
2024-11-19 18:31:45,847 - konomi.utils.schema_manager - INFO - Registered migration version 1 for db_grid/A5/database.db
2024-11-19 18:31:45,848 - __main__ - INFO - Applying migration for database A5
2024-11-19 18:31:45,874 - konomi.utils.schema_manager - INFO - Applied migration version 1 to db_grid/A5/database.db
2024-11-19 18:31:45,874 - konomi.utils.schema_manager - INFO - Applied migration version 1 to db_grid/A5/database.db
2024-11-19 18:31:45,875 - __main__ - INFO - Successfully applied migration for database A5
2024-11-19 18:31:45,875 - __main__ - INFO - Initializing database B1...
2024-11-19 18:31:45,877 - __main__ - INFO - Successfully initialized db_grid/B1/database.db
2024-11-19 18:31:45,907 - konomi.utils.schema_manager - INFO - Cleaned migrations from db_grid/B1/database.db
2024-11-19 18:31:45,907 - konomi.utils.schema_manager - INFO - Cleaned migrations from db_grid/B1/database.db
2024-11-19 18:31:45,907 - __main__ - INFO - Registering migration for database B1
2024-11-19 18:31:45,935 - konomi.utils.schema_manager - INFO - Registered migration version 1 for db_grid/B1/database.db
2024-11-19 18:31:45,935 - konomi.utils.schema_manager - INFO - Registered migration version 1 for db_grid/B1/database.db
2024-11-19 18:31:45,936 - __main__ - INFO - Applying migration for database B1
2024-11-19 18:31:45,963 - konomi.utils.schema_manager - INFO - Applied migration version 1 to db_grid/B1/database.db
2024-11-19 18:31:45,963 - konomi.utils.schema_manager - INFO - Applied migration version 1 to db_grid/B1/database.db
2024-11-19 18:31:45,963 - __main__ - INFO - Successfully applied migration for database B1
2024-11-19 18:31:45,964 - __main__ - INFO - Initializing database B2...
2024-11-19 18:31:45,966 - __main__ - INFO - Successfully initialized db_grid/B2/database.db
2024-11-19 18:31:45,994 - konomi.utils.schema_manager - INFO - Cleaned migrations from db_grid/B2/database.db
2024-11-19 18:31:45,994 - konomi.utils.schema_manager - INFO - Cleaned migrations from db_grid/B2/database.db
2024-11-19 18:31:45,995 - __main__ - INFO - Registering migration for database B2
2024-11-19 18:31:46,025 - konomi.utils.schema_manager - INFO - Registered migration version 1 for db_grid/B2/database.db
2024-11-19 18:31:46,025 - konomi.utils.schema_manager - INFO - Registered migration version 1 for db_grid/B2/database.db
2024-11-19 18:31:46,026 - __main__ - INFO - Applying migration for database B2
2024-11-19 18:31:46,070 - konomi.utils.schema_manager - INFO - Applied migration version 1 to db_grid/B2/database.db
2024-11-19 18:31:46,070 - konomi.utils.schema_manager - INFO - Applied migration version 1 to db_grid/B2/database.db
2024-11-19 18:31:46,071 - __main__ - INFO - Successfully applied migration for database B2
2024-11-19 18:31:46,071 - __main__ - INFO - Initializing database B3...
2024-11-19 18:31:46,074 - __main__ - INFO - Successfully initialized db_grid/B3/database.db
2024-11-19 18:31:46,117 - konomi.utils.schema_manager - INFO - Cleaned migrations from db_grid/B3/database.db
2024-11-19 18:31:46,117 - konomi.utils.schema_manager - INFO - Cleaned migrations from db_grid/B3/database.db
2024-11-19 18:31:46,117 - __main__ - INFO - Registering migration for database B3
2024-11-19 18:31:46,170 - konomi.utils.schema_manager - INFO - Registered migration version 1 for db_grid/B3/database.db
2024-11-19 18:31:46,170 - konomi.utils.schema_manager - INFO - Registered migration version 1 for db_grid/B3/database.db
2024-11-19 18:31:46,170 - __main__ - INFO - Applying migration for database B3
2024-11-19 18:31:46,225 - konomi.utils.schema_manager - INFO - Applied migration version 1 to db_grid/B3/database.db
2024-11-19 18:31:46,225 - konomi.utils.schema_manager - INFO - Applied migration version 1 to db_grid/B3/database.db
2024-11-19 18:31:46,226 - __main__ - INFO - Successfully applied migration for database B3
2024-11-19 18:31:46,226 - __main__ - INFO - Initializing database B4...
2024-11-19 18:31:46,232 - __main__ - INFO - Successfully initialized db_grid/B4/database.db
2024-11-19 18:31:46,279 - konomi.utils.schema_manager - INFO - Cleaned migrations from db_grid/B4/database.db
2024-11-19 18:31:46,279 - konomi.utils.schema_manager - INFO - Cleaned migrations from db_grid/B4/database.db
2024-11-19 18:31:46,280 - __main__ - INFO - Registering migration for database B4
2024-11-19 18:31:46,384 - konomi.utils.schema_manager - INFO - Registered migration version 1 for db_grid/B4/database.db
2024-11-19 18:31:46,384 - konomi.utils.schema_manager - INFO - Registered migration version 1 for db_grid/B4/database.db
2024-11-19 18:31:46,386 - __main__ - INFO - Applying migration for database B4
2024-11-19 18:31:46,414 - konomi.utils.schema_manager - INFO - Applied migration version 1 to db_grid/B4/database.db
2024-11-19 18:31:46,414 - konomi.utils.schema_manager - INFO - Applied migration version 1 to db_grid/B4/database.db
2024-11-19 18:31:46,414 - __main__ - INFO - Successfully applied migration for database B4
2024-11-19 18:31:46,414 - __main__ - INFO - Initializing database B5...
2024-11-19 18:31:46,416 - __main__ - INFO - Successfully initialized db_grid/B5/database.db
2024-11-19 18:31:46,448 - konomi.utils.schema_manager - INFO - Cleaned migrations from db_grid/B5/database.db
2024-11-19 18:31:46,448 - konomi.utils.schema_manager - INFO - Cleaned migrations from db_grid/B5/database.db
2024-11-19 18:31:46,448 - __main__ - INFO - Registering migration for database B5
2024-11-19 18:31:46,483 - konomi.utils.schema_manager - INFO - Registered migration version 1 for db_grid/B5/database.db
2024-11-19 18:31:46,483 - konomi.utils.schema_manager - INFO - Registered migration version 1 for db_grid/B5/database.db
2024-11-19 18:31:46,483 - __main__ - INFO - Applying migration for database B5
2024-11-19 18:31:46,518 - konomi.utils.schema_manager - INFO - Applied migration version 1 to db_grid/B5/database.db
2024-11-19 18:31:46,518 - konomi.utils.schema_manager - INFO - Applied migration version 1 to db_grid/B5/database.db
2024-11-19 18:31:46,518 - __main__ - INFO - Successfully applied migration for database B5
2024-11-19 18:31:46,519 - __main__ - INFO - Initializing database C1...
2024-11-19 18:31:46,521 - __main__ - INFO - Successfully initialized db_grid/C1/database.db
2024-11-19 18:31:46,561 - konomi.utils.schema_manager - INFO - Cleaned migrations from db_grid/C1/database.db
2024-11-19 18:31:46,561 - konomi.utils.schema_manager - INFO - Cleaned migrations from db_grid/C1/database.db
2024-11-19 18:31:46,562 - __main__ - INFO - Registering migration for database C1
2024-11-19 18:31:46,589 - konomi.utils.schema_manager - INFO - Registered migration version 1 for db_grid/C1/database.db
2024-11-19 18:31:46,589 - konomi.utils.schema_manager - INFO - Registered migration version 1 for db_grid/C1/database.db
2024-11-19 18:31:46,590 - __main__ - INFO - Applying migration for database C1
2024-11-19 18:31:46,614 - konomi.utils.schema_manager - INFO - Applied migration version 1 to db_grid/C1/database.db
2024-11-19 18:31:46,614 - konomi.utils.schema_manager - INFO - Applied migration version 1 to db_grid/C1/database.db
2024-11-19 18:31:46,615 - __main__ - INFO - Successfully applied migration for database C1
2024-11-19 18:31:46,615 - __main__ - INFO - Initializing database C2...
2024-11-19 18:31:46,617 - __main__ - INFO - Successfully initialized db_grid/C2/database.db
2024-11-19 18:31:46,648 - konomi.utils.schema_manager - INFO - Cleaned migrations from db_grid/C2/database.db
2024-11-19 18:31:46,648 - konomi.utils.schema_manager - INFO - Cleaned migrations from db_grid/C2/database.db
2024-11-19 18:31:46,648 - __main__ - INFO - Registering migration for database C2
2024-11-19 18:31:46,676 - konomi.utils.schema_manager - INFO - Registered migration version 1 for db_grid/C2/database.db
2024-11-19 18:31:46,676 - konomi.utils.schema_manager - INFO - Registered migration version 1 for db_grid/C2/database.db
2024-11-19 18:31:46,676 - __main__ - INFO - Applying migration for database C2
2024-11-19 18:31:46,707 - konomi.utils.schema_manager - INFO - Applied migration version 1 to db_grid/C2/database.db
2024-11-19 18:31:46,707 - konomi.utils.schema_manager - INFO - Applied migration version 1 to db_grid/C2/database.db
2024-11-19 18:31:46,707 - __main__ - INFO - Successfully applied migration for database C2
2024-11-19 18:31:46,708 - __main__ - INFO - Initializing database C3...
2024-11-19 18:31:46,710 - __main__ - INFO - Successfully initialized db_grid/C3/database.db
2024-11-19 18:31:46,739 - konomi.utils.schema_manager - INFO - Cleaned migrations from db_grid/C3/database.db
2024-11-19 18:31:46,739 - konomi.utils.schema_manager - INFO - Cleaned migrations from db_grid/C3/database.db
2024-11-19 18:31:46,739 - __main__ - INFO - Registering migration for database C3
2024-11-19 18:31:47,240 - __main__ - INFO - Initializing database A1...
2024-11-19 18:31:47,243 - __main__ - INFO - Successfully initialized db_grid/A1/database.db
2024-11-19 18:31:47,275 - konomi.utils.schema_manager - INFO - Cleaned migrations from db_grid/A1/database.db
2024-11-19 18:31:47,275 - konomi.utils.schema_manager - INFO - Cleaned migrations from db_grid/A1/database.db
2024-11-19 18:31:47,275 - __main__ - INFO - Registering migration for database A1
2024-11-19 18:31:47,303 - konomi.utils.schema_manager - INFO - Registered migration version 1 for db_grid/A1/database.db
2024-11-19 18:31:47,303 - konomi.utils.schema_manager - INFO - Registered migration version 1 for db_grid/A1/database.db
2024-11-19 18:31:47,304 - __main__ - INFO - Applying migration for database A1
2024-11-19 18:31:47,330 - konomi.utils.schema_manager - INFO - Applied migration version 1 to db_grid/A1/database.db
2024-11-19 18:31:47,330 - konomi.utils.schema_manager - INFO - Applied migration version 1 to db_grid/A1/database.db
2024-11-19 18:31:47,330 - __main__ - INFO - Successfully applied migration for database A1
2024-11-19 18:31:47,331 - __main__ - INFO - Initializing database A2...
2024-11-19 18:31:47,332 - __main__ - INFO - Successfully initialized db_grid/A2/database.db
2024-11-19 18:31:47,358 - konomi.utils.schema_manager - INFO - Cleaned migrations from db_grid/A2/database.db
2024-11-19 18:31:47,358 - konomi.utils.schema_manager - INFO - Cleaned migrations from db_grid/A2/database.db
2024-11-19 18:31:47,359 - __main__ - INFO - Registering migration for database A2
2024-11-19 18:31:47,388 - konomi.utils.schema_manager - INFO - Registered migration version 1 for db_grid/A2/database.db
2024-11-19 18:31:47,388 - konomi.utils.schema_manager - INFO - Registered migration version 1 for db_grid/A2/database.db
2024-11-19 18:31:47,388 - __main__ - INFO - Applying migration for database A2
2024-11-19 18:31:47,418 - konomi.utils.schema_manager - INFO - Applied migration version 1 to db_grid/A2/database.db
2024-11-19 18:31:47,418 - konomi.utils.schema_manager - INFO - Applied migration version 1 to db_grid/A2/database.db
2024-11-19 18:31:47,418 - __main__ - INFO - Successfully applied migration for database A2
2024-11-19 18:31:47,419 - __main__ - INFO - Initializing database A3...
2024-11-19 18:31:47,420 - __main__ - INFO - Successfully initialized db_grid/A3/database.db
2024-11-19 18:31:47,448 - konomi.utils.schema_manager - INFO - Cleaned migrations from db_grid/A3/database.db
2024-11-19 18:31:47,448 - konomi.utils.schema_manager - INFO - Cleaned migrations from db_grid/A3/database.db
2024-11-19 18:31:47,449 - __main__ - INFO - Registering migration for database A3
2024-11-19 18:31:47,475 - konomi.utils.schema_manager - INFO - Registered migration version 1 for db_grid/A3/database.db
2024-11-19 18:31:47,475 - konomi.utils.schema_manager - INFO - Registered migration version 1 for db_grid/A3/database.db
2024-11-19 18:31:47,476 - __main__ - INFO - Applying migration for database A3
2024-11-19 18:31:47,503 - konomi.utils.schema_manager - INFO - Applied migration version 1 to db_grid/A3/database.db
2024-11-19 18:31:47,503 - konomi.utils.schema_manager - INFO - Applied migration version 1 to db_grid/A3/database.db
2024-11-19 18:31:47,507 - __main__ - INFO - Successfully applied migration for database A3
2024-11-19 18:31:47,507 - __main__ - INFO - Initializing database A4...
2024-11-19 18:31:47,509 - __main__ - INFO - Successfully initialized db_grid/A4/database.db
2024-11-19 18:31:47,538 - konomi.utils.schema_manager - INFO - Cleaned migrations from db_grid/A4/database.db
2024-11-19 18:31:47,538 - konomi.utils.schema_manager - INFO - Cleaned migrations from db_grid/A4/database.db
2024-11-19 18:31:47,538 - __main__ - INFO - Registering migration for database A4
2024-11-19 18:31:47,565 - konomi.utils.schema_manager - INFO - Registered migration version 1 for db_grid/A4/database.db
2024-11-19 18:31:47,565 - konomi.utils.schema_manager - INFO - Registered migration version 1 for db_grid/A4/database.db
2024-11-19 18:31:47,565 - __main__ - INFO - Applying migration for database A4
2024-11-19 18:31:47,588 - konomi.utils.schema_manager - INFO - Applied migration version 1 to db_grid/A4/database.db
2024-11-19 18:31:47,588 - konomi.utils.schema_manager - INFO - Applied migration version 1 to db_grid/A4/database.db
2024-11-19 18:31:47,588 - __main__ - INFO - Successfully applied migration for database A4
2024-11-19 18:31:47,589 - __main__ - INFO - Initializing database A5...
2024-11-19 18:31:47,589 - __main__ - INFO - Successfully initialized db_grid/A5/database.db
2024-11-19 18:31:47,617 - konomi.utils.schema_manager - INFO - Cleaned migrations from db_grid/A5/database.db
2024-11-19 18:31:47,617 - konomi.utils.schema_manager - INFO - Cleaned migrations from db_grid/A5/database.db
2024-11-19 18:31:47,618 - __main__ - INFO - Registering migration for database A5
2024-11-19 18:31:47,650 - konomi.utils.schema_manager - INFO - Registered migration version 1 for db_grid/A5/database.db
2024-11-19 18:31:47,650 - konomi.utils.schema_manager - INFO - Registered migration version 1 for db_grid/A5/database.db
2024-11-19 18:31:47,650 - __main__ - INFO - Applying migration for database A5
2024-11-19 18:31:47,675 - konomi.utils.schema_manager - INFO - Applied migration version 1 to db_grid/A5/database.db
2024-11-19 18:31:47,675 - konomi.utils.schema_manager - INFO - Applied migration version 1 to db_grid/A5/database.db
2024-11-19 18:31:47,675 - __main__ - INFO - Successfully applied migration for database A5
2024-11-19 18:31:47,675 - __main__ - INFO - Initializing database B1...
2024-11-19 18:31:47,676 - __main__ - INFO - Successfully initialized db_grid/B1/database.db
2024-11-19 18:31:47,703 - konomi.utils.schema_manager - INFO - Cleaned migrations from db_grid/B1/database.db
2024-11-19 18:31:47,703 - konomi.utils.schema_manager - INFO - Cleaned migrations from db_grid/B1/database.db
2024-11-19 18:31:47,703 - __main__ - INFO - Registering migration for database B1
2024-11-19 18:31:47,727 - konomi.utils.schema_manager - INFO - Registered migration version 1 for db_grid/B1/database.db
2024-11-19 18:31:47,727 - konomi.utils.schema_manager - INFO - Registered migration version 1 for db_grid/B1/database.db
2024-11-19 18:31:47,728 - __main__ - INFO - Applying migration for database B1
2024-11-19 18:31:47,752 - konomi.utils.schema_manager - INFO - Applied migration version 1 to db_grid/B1/database.db
2024-11-19 18:31:47,752 - konomi.utils.schema_manager - INFO - Applied migration version 1 to db_grid/B1/database.db
2024-11-19 18:31:47,752 - __main__ - INFO - Successfully applied migration for database B1
2024-11-19 18:31:47,752 - __main__ - INFO - Initializing database B2...
2024-11-19 18:31:47,753 - __main__ - INFO - Successfully initialized db_grid/B2/database.db
2024-11-19 18:31:47,775 - konomi.utils.schema_manager - INFO - Cleaned migrations from db_grid/B2/database.db
2024-11-19 18:31:47,775 - konomi.utils.schema_manager - INFO - Cleaned migrations from db_grid/B2/database.db
2024-11-19 18:31:47,775 - __main__ - INFO - Registering migration for database B2
2024-11-19 18:31:47,800 - konomi.utils.schema_manager - INFO - Registered migration version 1 for db_grid/B2/database.db
2024-11-19 18:31:47,800 - konomi.utils.schema_manager - INFO - Registered migration version 1 for db_grid/B2/database.db
2024-11-19 18:31:47,800 - __main__ - INFO - Applying migration for database B2
2024-11-19 18:31:47,829 - konomi.utils.schema_manager - INFO - Applied migration version 1 to db_grid/B2/database.db
2024-11-19 18:31:47,829 - konomi.utils.schema_manager - INFO - Applied migration version 1 to db_grid/B2/database.db
2024-11-19 18:31:47,829 - __main__ - INFO - Successfully applied migration for database B2
2024-11-19 18:31:47,829 - __main__ - INFO - Initializing database B3...
2024-11-19 18:31:47,830 - __main__ - INFO - Successfully initialized db_grid/B3/database.db
2024-11-19 18:31:47,856 - konomi.utils.schema_manager - INFO - Cleaned migrations from db_grid/B3/database.db
2024-11-19 18:31:47,856 - konomi.utils.schema_manager - INFO - Cleaned migrations from db_grid/B3/database.db
2024-11-19 18:31:47,856 - __main__ - INFO - Registering migration for database B3
2024-11-19 18:31:47,880 - konomi.utils.schema_manager - INFO - Registered migration version 1 for db_grid/B3/database.db
2024-11-19 18:31:47,880 - konomi.utils.schema_manager - INFO - Registered migration version 1 for db_grid/B3/database.db
2024-11-19 18:31:47,880 - __main__ - INFO - Applying migration for database B3
2024-11-19 18:31:47,909 - konomi.utils.schema_manager - INFO - Applied migration version 1 to db_grid/B3/database.db
2024-11-19 18:31:47,909 - konomi.utils.schema_manager - INFO - Applied migration version 1 to db_grid/B3/database.db
2024-11-19 18:31:47,910 - __main__ - INFO - Successfully applied migration for database B3
2024-11-19 18:31:47,910 - __main__ - INFO - Initializing database B4...
2024-11-19 18:31:47,910 - __main__ - INFO - Successfully initialized db_grid/B4/database.db
2024-11-19 18:31:47,936 - konomi.utils.schema_manager - INFO - Cleaned migrations from db_grid/B4/database.db
2024-11-19 18:31:47,936 - konomi.utils.schema_manager - INFO - Cleaned migrations from db_grid/B4/database.db
2024-11-19 18:31:47,938 - __main__ - INFO - Registering migration for database B4
2024-11-19 18:31:47,968 - konomi.utils.schema_manager - INFO - Registered migration version 1 for db_grid/B4/database.db
2024-11-19 18:31:47,968 - konomi.utils.schema_manager - INFO - Registered migration version 1 for db_grid/B4/database.db
2024-11-19 18:31:47,968 - __main__ - INFO - Applying migration for database B4
2024-11-19 18:31:47,993 - konomi.utils.schema_manager - INFO - Applied migration version 1 to db_grid/B4/database.db
2024-11-19 18:31:47,993 - konomi.utils.schema_manager - INFO - Applied migration version 1 to db_grid/B4/database.db
2024-11-19 18:31:47,994 - __main__ - INFO - Successfully applied migration for database B4
2024-11-19 18:31:47,994 - __main__ - INFO - Initializing database B5...
2024-11-19 18:31:47,994 - __main__ - INFO - Successfully initialized db_grid/B5/database.db
2024-11-19 18:31:48,020 - konomi.utils.schema_manager - INFO - Cleaned migrations from db_grid/B5/database.db
2024-11-19 18:31:48,020 - konomi.utils.schema_manager - INFO - Cleaned migrations from db_grid/B5/database.db
2024-11-19 18:31:48,020 - __main__ - INFO - Registering migration for database B5
2024-11-19 18:31:48,047 - konomi.utils.schema_manager - INFO - Registered migration version 1 for db_grid/B5/database.db
2024-11-19 18:31:48,047 - konomi.utils.schema_manager - INFO - Registered migration version 1 for db_grid/B5/database.db
2024-11-19 18:31:48,047 - __main__ - INFO - Applying migration for database B5
2024-11-19 18:31:48,075 - konomi.utils.schema_manager - INFO - Applied migration version 1 to db_grid/B5/database.db
2024-11-19 18:31:48,075 - konomi.utils.schema_manager - INFO - Applied migration version 1 to db_grid/B5/database.db
2024-11-19 18:31:48,076 - __main__ - INFO - Successfully applied migration for database B5
2024-11-19 18:31:48,076 - __main__ - INFO - Initializing database C1...
2024-11-19 18:31:48,076 - __main__ - INFO - Successfully initialized db_grid/C1/database.db
2024-11-19 18:31:48,101 - konomi.utils.schema_manager - INFO - Cleaned migrations from db_grid/C1/database.db
2024-11-19 18:31:48,101 - konomi.utils.schema_manager - INFO - Cleaned migrations from db_grid/C1/database.db
2024-11-19 18:31:48,101 - __main__ - INFO - Registering migration for database C1
2024-11-19 18:31:48,127 - konomi.utils.schema_manager - INFO - Registered migration version 1 for db_grid/C1/database.db
2024-11-19 18:31:48,127 - konomi.utils.schema_manager - INFO - Registered migration version 1 for db_grid/C1/database.db
2024-11-19 18:31:48,127 - __main__ - INFO - Applying migration for database C1
2024-11-19 18:31:48,156 - konomi.utils.schema_manager - INFO - Applied migration version 1 to db_grid/C1/database.db
2024-11-19 18:31:48,156 - konomi.utils.schema_manager - INFO - Applied migration version 1 to db_grid/C1/database.db
2024-11-19 18:31:48,156 - __main__ - INFO - Successfully applied migration for database C1
2024-11-19 18:31:48,156 - __main__ - INFO - Initializing database C2...
2024-11-19 18:31:48,157 - __main__ - INFO - Successfully initialized db_grid/C2/database.db
2024-11-19 18:31:48,182 - konomi.utils.schema_manager - INFO - Cleaned migrations from db_grid/C2/database.db
2024-11-19 18:31:48,182 - konomi.utils.schema_manager - INFO - Cleaned migrations from db_grid/C2/database.db
2024-11-19 18:31:48,182 - __main__ - INFO - Registering migration for database C2
2024-11-19 18:31:48,207 - konomi.utils.schema_manager - INFO - Registered migration version 1 for db_grid/C2/database.db
2024-11-19 18:31:48,207 - konomi.utils.schema_manager - INFO - Registered migration version 1 for db_grid/C2/database.db
2024-11-19 18:31:48,207 - __main__ - INFO - Applying migration for database C2
2024-11-19 18:31:48,232 - konomi.utils.schema_manager - INFO - Applied migration version 1 to db_grid/C2/database.db
2024-11-19 18:31:48,232 - konomi.utils.schema_manager - INFO - Applied migration version 1 to db_grid/C2/database.db
2024-11-19 18:31:48,233 - __main__ - INFO - Successfully applied migration for database C2
2024-11-19 18:31:48,233 - __main__ - INFO - Initializing database C3...
2024-11-19 18:31:48,247 - __main__ - INFO - Successfully initialized db_grid/C3/database.db
2024-11-19 18:31:48,274 - konomi.utils.schema_manager - INFO - Cleaned migrations from db_grid/C3/database.db
2024-11-19 18:31:48,274 - konomi.utils.schema_manager - INFO - Cleaned migrations from db_grid/C3/database.db
2024-11-19 18:31:48,275 - __main__ - INFO - Registering migration for database C3
2024-11-19 18:31:48,302 - konomi.utils.schema_manager - INFO - Registered migration version 1 for db_grid/C3/database.db
2024-11-19 18:31:48,302 - konomi.utils.schema_manager - INFO - Registered migration version 1 for db_grid/C3/database.db
2024-11-19 18:31:48,303 - __main__ - INFO - Applying migration for database C3
2024-11-19 18:31:48,329 - konomi.utils.schema_manager - INFO - Applied migration version 1 to db_grid/C3/database.db
2024-11-19 18:31:48,329 - konomi.utils.schema_manager - INFO - Applied migration version 1 to db_grid/C3/database.db
2024-11-19 18:31:48,329 - __main__ - INFO - Successfully applied migration for database C3
2024-11-19 18:31:48,329 - __main__ - INFO - Initializing database C4...
2024-11-19 18:31:48,331 - __main__ - INFO - Successfully initialized db_grid/C4/database.db
2024-11-19 18:31:48,356 - konomi.utils.schema_manager - INFO - Cleaned migrations from db_grid/C4/database.db
2024-11-19 18:31:48,356 - konomi.utils.schema_manager - INFO - Cleaned migrations from db_grid/C4/database.db
2024-11-19 18:31:48,356 - __main__ - INFO - Registering migration for database C4
2024-11-19 18:31:48,381 - konomi.utils.schema_manager - INFO - Registered migration version 1 for db_grid/C4/database.db
2024-11-19 18:31:48,381 - konomi.utils.schema_manager - INFO - Registered migration version 1 for db_grid/C4/database.db
2024-11-19 18:31:48,383 - __main__ - INFO - Applying migration for database C4
2024-11-19 18:31:48,411 - konomi.utils.schema_manager - INFO - Applied migration version 1 to db_grid/C4/database.db
2024-11-19 18:31:48,411 - konomi.utils.schema_manager - INFO - Applied migration version 1 to db_grid/C4/database.db
2024-11-19 18:31:48,411 - __main__ - INFO - Successfully applied migration for database C4
2024-11-19 18:31:48,411 - __main__ - INFO - Initializing database C5...
2024-11-19 18:31:48,413 - __main__ - INFO - Successfully initialized db_grid/C5/database.db
2024-11-19 18:31:48,440 - konomi.utils.schema_manager - INFO - Cleaned migrations from db_grid/C5/database.db
2024-11-19 18:31:48,440 - konomi.utils.schema_manager - INFO - Cleaned migrations from db_grid/C5/database.db
2024-11-19 18:31:48,440 - __main__ - INFO - Registering migration for database C5
2024-11-19 18:31:48,467 - konomi.utils.schema_manager - INFO - Registered migration version 1 for db_grid/C5/database.db
2024-11-19 18:31:48,467 - konomi.utils.schema_manager - INFO - Registered migration version 1 for db_grid/C5/database.db
2024-11-19 18:31:48,467 - __main__ - INFO - Applying migration for database C5
2024-11-19 18:31:48,498 - konomi.utils.schema_manager - INFO - Applied migration version 1 to db_grid/C5/database.db
2024-11-19 18:31:48,498 - konomi.utils.schema_manager - INFO - Applied migration version 1 to db_grid/C5/database.db
2024-11-19 18:31:48,499 - __main__ - INFO - Successfully applied migration for database C5
2024-11-19 18:31:48,499 - __main__ - INFO - Initializing database D1...
2024-11-19 18:31:48,500 - __main__ - INFO - Successfully initialized db_grid/D1/database.db
2024-11-19 18:31:48,532 - konomi.utils.schema_manager - INFO - Cleaned migrations from db_grid/D1/database.db
2024-11-19 18:31:48,532 - konomi.utils.schema_manager - INFO - Cleaned migrations from db_grid/D1/database.db
2024-11-19 18:31:48,533 - __main__ - INFO - Registering migration for database D1
2024-11-19 18:31:48,559 - konomi.utils.schema_manager - INFO - Registered migration version 1 for db_grid/D1/database.db
2024-11-19 18:31:48,559 - konomi.utils.schema_manager - INFO - Registered migration version 1 for db_grid/D1/database.db
2024-11-19 18:31:48,559 - __main__ - INFO - Applying migration for database D1
2024-11-19 18:31:48,587 - konomi.utils.schema_manager - INFO - Applied migration version 1 to db_grid/D1/database.db
2024-11-19 18:31:48,587 - konomi.utils.schema_manager - INFO - Applied migration version 1 to db_grid/D1/database.db
2024-11-19 18:31:48,588 - __main__ - INFO - Successfully applied migration for database D1
2024-11-19 18:31:48,588 - __main__ - INFO - Initializing database D2...
2024-11-19 18:31:48,589 - __main__ - INFO - Successfully initialized db_grid/D2/database.db
2024-11-19 18:31:48,620 - konomi.utils.schema_manager - INFO - Cleaned migrations from db_grid/D2/database.db
2024-11-19 18:31:48,620 - konomi.utils.schema_manager - INFO - Cleaned migrations from db_grid/D2/database.db
2024-11-19 18:31:48,621 - __main__ - INFO - Registering migration for database D2
2024-11-19 18:31:48,654 - konomi.utils.schema_manager - INFO - Registered migration version 1 for db_grid/D2/database.db
2024-11-19 18:31:48,654 - konomi.utils.schema_manager - INFO - Registered migration version 1 for db_grid/D2/database.db
2024-11-19 18:31:48,654 - __main__ - INFO - Applying migration for database D2
2024-11-19 18:31:48,677 - konomi.utils.schema_manager - INFO - Applied migration version 1 to db_grid/D2/database.db
2024-11-19 18:31:48,677 - konomi.utils.schema_manager - INFO - Applied migration version 1 to db_grid/D2/database.db
2024-11-19 18:31:48,677 - __main__ - INFO - Successfully applied migration for database D2
2024-11-19 18:31:48,677 - __main__ - INFO - Initializing database D3...
2024-11-19 18:31:48,679 - __main__ - INFO - Successfully initialized db_grid/D3/database.db
2024-11-19 18:31:48,706 - konomi.utils.schema_manager - INFO - Cleaned migrations from db_grid/D3/database.db
2024-11-19 18:31:48,706 - konomi.utils.schema_manager - INFO - Cleaned migrations from db_grid/D3/database.db
2024-11-19 18:31:48,707 - __main__ - INFO - Registering migration for database D3
2024-11-19 18:31:48,736 - konomi.utils.schema_manager - INFO - Registered migration version 1 for db_grid/D3/database.db
2024-11-19 18:31:48,736 - konomi.utils.schema_manager - INFO - Registered migration version 1 for db_grid/D3/database.db
2024-11-19 18:31:48,737 - __main__ - INFO - Applying migration for database D3
2024-11-19 18:31:48,765 - konomi.utils.schema_manager - INFO - Applied migration version 1 to db_grid/D3/database.db
2024-11-19 18:31:48,765 - konomi.utils.schema_manager - INFO - Applied migration version 1 to db_grid/D3/database.db
2024-11-19 18:31:48,767 - __main__ - INFO - Successfully applied migration for database D3
2024-11-19 18:31:48,767 - __main__ - INFO - Initializing database D4...
2024-11-19 18:31:48,769 - __main__ - INFO - Successfully initialized db_grid/D4/database.db
2024-11-19 18:31:48,793 - konomi.utils.schema_manager - INFO - Cleaned migrations from db_grid/D4/database.db
2024-11-19 18:31:48,793 - konomi.utils.schema_manager - INFO - Cleaned migrations from db_grid/D4/database.db
2024-11-19 18:31:48,794 - __main__ - INFO - Registering migration for database D4
2024-11-19 18:31:48,819 - konomi.utils.schema_manager - INFO - Registered migration version 1 for db_grid/D4/database.db
2024-11-19 18:31:48,819 - konomi.utils.schema_manager - INFO - Registered migration version 1 for db_grid/D4/database.db
2024-11-19 18:31:48,820 - __main__ - INFO - Applying migration for database D4
2024-11-19 18:31:48,846 - konomi.utils.schema_manager - INFO - Applied migration version 1 to db_grid/D4/database.db
2024-11-19 18:31:48,846 - konomi.utils.schema_manager - INFO - Applied migration version 1 to db_grid/D4/database.db
2024-11-19 18:31:48,846 - __main__ - INFO - Successfully applied migration for database D4
2024-11-19 18:31:48,846 - __main__ - INFO - Initializing database D5...
2024-11-19 18:31:48,848 - __main__ - INFO - Successfully initialized db_grid/D5/database.db
2024-11-19 18:31:48,878 - konomi.utils.schema_manager - INFO - Cleaned migrations from db_grid/D5/database.db
2024-11-19 18:31:48,878 - konomi.utils.schema_manager - INFO - Cleaned migrations from db_grid/D5/database.db
2024-11-19 18:31:48,878 - __main__ - INFO - Registering migration for database D5
2024-11-19 18:31:48,904 - konomi.utils.schema_manager - INFO - Registered migration version 1 for db_grid/D5/database.db
2024-11-19 18:31:48,904 - konomi.utils.schema_manager - INFO - Registered migration version 1 for db_grid/D5/database.db
2024-11-19 18:31:48,904 - __main__ - INFO - Applying migration for database D5
2024-11-19 18:31:48,928 - konomi.utils.schema_manager - INFO - Applied migration version 1 to db_grid/D5/database.db
2024-11-19 18:31:48,928 - konomi.utils.schema_manager - INFO - Applied migration version 1 to db_grid/D5/database.db
2024-11-19 18:31:48,928 - __main__ - INFO - Successfully applied migration for database D5
2024-11-19 18:31:48,929 - __main__ - INFO - Initializing database E1...
2024-11-19 18:31:48,929 - __main__ - INFO - Successfully initialized db_grid/E1/database.db
2024-11-19 18:31:48,959 - konomi.utils.schema_manager - INFO - Cleaned migrations from db_grid/E1/database.db
2024-11-19 18:31:48,959 - konomi.utils.schema_manager - INFO - Cleaned migrations from db_grid/E1/database.db
2024-11-19 18:31:48,960 - __main__ - INFO - Registering migration for database E1
2024-11-19 18:31:48,984 - konomi.utils.schema_manager - INFO - Registered migration version 1 for db_grid/E1/database.db
2024-11-19 18:31:48,984 - konomi.utils.schema_manager - INFO - Registered migration version 1 for db_grid/E1/database.db
2024-11-19 18:31:48,985 - __main__ - INFO - Applying migration for database E1
2024-11-19 18:31:49,012 - konomi.utils.schema_manager - INFO - Applied migration version 1 to db_grid/E1/database.db
2024-11-19 18:31:49,012 - konomi.utils.schema_manager - INFO - Applied migration version 1 to db_grid/E1/database.db
2024-11-19 18:31:49,012 - __main__ - INFO - Successfully applied migration for database E1
2024-11-19 18:31:49,012 - __main__ - INFO - Initializing database E2...
2024-11-19 18:31:49,014 - __main__ - INFO - Successfully initialized db_grid/E2/database.db
2024-11-19 18:31:49,043 - konomi.utils.schema_manager - INFO - Cleaned migrations from db_grid/E2/database.db
2024-11-19 18:31:49,043 - konomi.utils.schema_manager - INFO - Cleaned migrations from db_grid/E2/database.db
2024-11-19 18:31:49,043 - __main__ - INFO - Registering migration for database E2
2024-11-19 18:31:49,068 - konomi.utils.schema_manager - INFO - Registered migration version 1 for db_grid/E2/database.db
2024-11-19 18:31:49,068 - konomi.utils.schema_manager - INFO - Registered migration version 1 for db_grid/E2/database.db
2024-11-19 18:31:49,068 - __main__ - INFO - Applying migration for database E2
2024-11-19 18:31:49,094 - konomi.utils.schema_manager - INFO - Applied migration version 1 to db_grid/E2/database.db
2024-11-19 18:31:49,094 - konomi.utils.schema_manager - INFO - Applied migration version 1 to db_grid/E2/database.db
2024-11-19 18:31:49,095 - __main__ - INFO - Successfully applied migration for database E2
2024-11-19 18:31:49,095 - __main__ - INFO - Initializing database E3...
2024-11-19 18:31:49,096 - __main__ - INFO - Successfully initialized db_grid/E3/database.db
2024-11-19 18:31:49,122 - konomi.utils.schema_manager - INFO - Cleaned migrations from db_grid/E3/database.db
2024-11-19 18:31:49,122 - konomi.utils.schema_manager - INFO - Cleaned migrations from db_grid/E3/database.db
2024-11-19 18:31:49,122 - __main__ - INFO - Registering migration for database E3
2024-11-19 18:31:49,147 - konomi.utils.schema_manager - INFO - Registered migration version 1 for db_grid/E3/database.db
2024-11-19 18:31:49,147 - konomi.utils.schema_manager - INFO - Registered migration version 1 for db_grid/E3/database.db
2024-11-19 18:31:49,147 - __main__ - INFO - Applying migration for database E3
2024-11-19 18:31:49,172 - konomi.utils.schema_manager - INFO - Applied migration version 1 to db_grid/E3/database.db
2024-11-19 18:31:49,172 - konomi.utils.schema_manager - INFO - Applied migration version 1 to db_grid/E3/database.db
2024-11-19 18:31:49,172 - __main__ - INFO - Successfully applied migration for database E3
2024-11-19 18:31:49,172 - __main__ - INFO - Initializing database E4...
2024-11-19 18:31:49,174 - __main__ - INFO - Successfully initialized db_grid/E4/database.db
2024-11-19 18:31:49,204 - konomi.utils.schema_manager - INFO - Cleaned migrations from db_grid/E4/database.db
2024-11-19 18:31:49,204 - konomi.utils.schema_manager - INFO - Cleaned migrations from db_grid/E4/database.db
2024-11-19 18:31:49,205 - __main__ - INFO - Registering migration for database E4
2024-11-19 18:31:49,229 - konomi.utils.schema_manager - INFO - Registered migration version 1 for db_grid/E4/database.db
2024-11-19 18:31:49,229 - konomi.utils.schema_manager - INFO - Registered migration version 1 for db_grid/E4/database.db
2024-11-19 18:31:49,229 - __main__ - INFO - Applying migration for database E4
2024-11-19 18:31:49,253 - konomi.utils.schema_manager - INFO - Applied migration version 1 to db_grid/E4/database.db
2024-11-19 18:31:49,253 - konomi.utils.schema_manager - INFO - Applied migration version 1 to db_grid/E4/database.db
2024-11-19 18:31:49,253 - __main__ - INFO - Successfully applied migration for database E4
2024-11-19 18:31:49,253 - __main__ - INFO - Initializing database E5...
2024-11-19 18:31:49,255 - __main__ - INFO - Successfully initialized db_grid/E5/database.db
2024-11-19 18:31:49,281 - konomi.utils.schema_manager - INFO - Cleaned migrations from db_grid/E5/database.db
2024-11-19 18:31:49,281 - konomi.utils.schema_manager - INFO - Cleaned migrations from db_grid/E5/database.db
2024-11-19 18:31:49,281 - __main__ - INFO - Registering migration for database E5
2024-11-19 18:31:49,308 - konomi.utils.schema_manager - INFO - Registered migration version 1 for db_grid/E5/database.db
2024-11-19 18:31:49,308 - konomi.utils.schema_manager - INFO - Registered migration version 1 for db_grid/E5/database.db
2024-11-19 18:31:49,310 - __main__ - INFO - Applying migration for database E5
2024-11-19 18:31:49,334 - konomi.utils.schema_manager - INFO - Applied migration version 1 to db_grid/E5/database.db
2024-11-19 18:31:49,334 - konomi.utils.schema_manager - INFO - Applied migration version 1 to db_grid/E5/database.db
2024-11-19 18:31:49,335 - __main__ - INFO - Successfully applied migration for database E5
2024-11-19 18:31:49,335 - __main__ - WARNING - No schema defined for database F1
2024-11-19 18:31:49,335 - __main__ - WARNING - No schema defined for database F2
2024-11-19 18:31:49,335 - __main__ - WARNING - No schema defined for database F3
2024-11-19 18:31:49,335 - __main__ - WARNING - No schema defined for database F4
2024-11-19 18:31:49,335 - __main__ - WARNING - No schema defined for database F5
2024-11-19 18:31:49,335 - __main__ - WARNING - No schema defined for database G1
2024-11-19 18:31:49,335 - __main__ - WARNING - No schema defined for database G2
2024-11-19 18:31:49,335 - __main__ - WARNING - No schema defined for database G3
2024-11-19 18:31:49,336 - __main__ - WARNING - No schema defined for database G4
2024-11-19 18:31:49,336 - __main__ - WARNING - No schema defined for database G5
2024-11-19 21:22:02,250 - __main__ - INFO - Initializing database A1...
2024-11-19 21:22:02,253 - __main__ - INFO - Successfully initialized db_grid/A1/database.db
2024-11-19 21:22:02,273 - konomi.utils.schema_manager - INFO - Cleaned migrations from db_grid/A1/database.db
2024-11-19 21:22:02,273 - konomi.utils.schema_manager - INFO - Cleaned migrations from db_grid/A1/database.db
2024-11-19 21:22:02,274 - __main__ - INFO - Registering migration for database A1
2024-11-19 21:22:02,294 - konomi.utils.schema_manager - INFO - Registered migration version 1 for db_grid/A1/database.db
2024-11-19 21:22:02,294 - konomi.utils.schema_manager - INFO - Registered migration version 1 for db_grid/A1/database.db
2024-11-19 21:22:02,296 - __main__ - INFO - Applying migration for database A1
2024-11-19 21:22:02,313 - konomi.utils.schema_manager - INFO - Applied migration version 1 to db_grid/A1/database.db
2024-11-19 21:22:02,313 - konomi.utils.schema_manager - INFO - Applied migration version 1 to db_grid/A1/database.db
2024-11-19 21:22:02,313 - __main__ - INFO - Successfully applied migration for database A1
2024-11-19 21:22:02,313 - __main__ - INFO - Initializing database A2...
2024-11-19 21:22:02,315 - __main__ - INFO - Successfully initialized db_grid/A2/database.db
2024-11-19 21:22:02,328 - konomi.utils.schema_manager - INFO - Cleaned migrations from db_grid/A2/database.db
2024-11-19 21:22:02,328 - konomi.utils.schema_manager - INFO - Cleaned migrations from db_grid/A2/database.db
2024-11-19 21:22:02,329 - __main__ - INFO - Registering migration for database A2
2024-11-19 21:22:02,347 - konomi.utils.schema_manager - INFO - Registered migration version 1 for db_grid/A2/database.db
2024-11-19 21:22:02,347 - konomi.utils.schema_manager - INFO - Registered migration version 1 for db_grid/A2/database.db
2024-11-19 21:22:02,347 - __main__ - INFO - Applying migration for database A2
2024-11-19 21:22:02,361 - konomi.utils.schema_manager - INFO - Applied migration version 1 to db_grid/A2/database.db
2024-11-19 21:22:02,361 - konomi.utils.schema_manager - INFO - Applied migration version 1 to db_grid/A2/database.db
2024-11-19 21:22:02,361 - __main__ - INFO - Successfully applied migration for database A2
2024-11-19 21:22:02,362 - __main__ - INFO - Initializing database A3...
2024-11-19 21:22:02,364 - __main__ - INFO - Successfully initialized db_grid/A3/database.db
2024-11-19 21:22:02,380 - konomi.utils.schema_manager - INFO - Cleaned migrations from db_grid/A3/database.db
2024-11-19 21:22:02,380 - konomi.utils.schema_manager - INFO - Cleaned migrations from db_grid/A3/database.db
2024-11-19 21:22:02,381 - __main__ - INFO - Registering migration for database A3
2024-11-19 21:22:02,397 - konomi.utils.schema_manager - INFO - Registered migration version 1 for db_grid/A3/database.db
2024-11-19 21:22:02,397 - konomi.utils.schema_manager - INFO - Registered migration version 1 for db_grid/A3/database.db
2024-11-19 21:22:02,398 - __main__ - INFO - Applying migration for database A3
2024-11-19 21:22:02,411 - konomi.utils.schema_manager - INFO - Applied migration version 1 to db_grid/A3/database.db
2024-11-19 21:22:02,411 - konomi.utils.schema_manager - INFO - Applied migration version 1 to db_grid/A3/database.db
2024-11-19 21:22:02,411 - __main__ - INFO - Successfully applied migration for database A3
2024-11-19 21:22:02,411 - __main__ - INFO - Initializing database A4...
2024-11-19 21:22:02,414 - __main__ - INFO - Successfully initialized db_grid/A4/database.db
2024-11-19 21:22:02,432 - konomi.utils.schema_manager - INFO - Cleaned migrations from db_grid/A4/database.db
2024-11-19 21:22:02,432 - konomi.utils.schema_manager - INFO - Cleaned migrations from db_grid/A4/database.db
2024-11-19 21:22:02,432 - __main__ - INFO - Registering migration for database A4
2024-11-19 21:22:02,445 - konomi.utils.schema_manager - INFO - Registered migration version 1 for db_grid/A4/database.db
2024-11-19 21:22:02,445 - konomi.utils.schema_manager - INFO - Registered migration version 1 for db_grid/A4/database.db
2024-11-19 21:22:02,446 - __main__ - INFO - Applying migration for database A4
2024-11-19 21:22:02,459 - konomi.utils.schema_manager - INFO - Applied migration version 1 to db_grid/A4/database.db
2024-11-19 21:22:02,459 - konomi.utils.schema_manager - INFO - Applied migration version 1 to db_grid/A4/database.db
2024-11-19 21:22:02,459 - __main__ - INFO - Successfully applied migration for database A4
2024-11-19 21:22:02,459 - __main__ - INFO - Initializing database A5...
2024-11-19 21:22:02,460 - __main__ - INFO - Successfully initialized db_grid/A5/database.db
2024-11-19 21:22:02,475 - konomi.utils.schema_manager - INFO - Cleaned migrations from db_grid/A5/database.db
2024-11-19 21:22:02,475 - konomi.utils.schema_manager - INFO - Cleaned migrations from db_grid/A5/database.db
2024-11-19 21:22:02,476 - __main__ - INFO - Registering migration for database A5
2024-11-19 21:22:02,494 - konomi.utils.schema_manager - INFO - Registered migration version 1 for db_grid/A5/database.db
2024-11-19 21:22:02,494 - konomi.utils.schema_manager - INFO - Registered migration version 1 for db_grid/A5/database.db
2024-11-19 21:22:02,494 - __main__ - INFO - Applying migration for database A5
2024-11-19 21:22:02,507 - konomi.utils.schema_manager - INFO - Applied migration version 1 to db_grid/A5/database.db
2024-11-19 21:22:02,507 - konomi.utils.schema_manager - INFO - Applied migration version 1 to db_grid/A5/database.db
2024-11-19 21:22:02,507 - __main__ - INFO - Successfully applied migration for database A5
2024-11-19 21:22:02,507 - __main__ - INFO - Initializing database B1...
2024-11-19 21:22:02,508 - __main__ - INFO - Successfully initialized db_grid/B1/database.db
2024-11-19 21:22:02,522 - konomi.utils.schema_manager - INFO - Cleaned migrations from db_grid/B1/database.db
2024-11-19 21:22:02,522 - konomi.utils.schema_manager - INFO - Cleaned migrations from db_grid/B1/database.db
2024-11-19 21:22:02,522 - __main__ - INFO - Registering migration for database B1
2024-11-19 21:22:02,535 - konomi.utils.schema_manager - INFO - Registered migration version 1 for db_grid/B1/database.db
2024-11-19 21:22:02,535 - konomi.utils.schema_manager - INFO - Registered migration version 1 for db_grid/B1/database.db
2024-11-19 21:22:02,535 - __main__ - INFO - Applying migration for database B1
2024-11-19 21:22:02,548 - konomi.utils.schema_manager - INFO - Applied migration version 1 to db_grid/B1/database.db
2024-11-19 21:22:02,548 - konomi.utils.schema_manager - INFO - Applied migration version 1 to db_grid/B1/database.db
2024-11-19 21:22:02,548 - __main__ - INFO - Successfully applied migration for database B1
2024-11-19 21:22:02,549 - __main__ - INFO - Initializing database B2...
2024-11-19 21:22:02,550 - __main__ - INFO - Successfully initialized db_grid/B2/database.db
2024-11-19 21:22:02,565 - konomi.utils.schema_manager - INFO - Cleaned migrations from db_grid/B2/database.db
2024-11-19 21:22:02,565 - konomi.utils.schema_manager - INFO - Cleaned migrations from db_grid/B2/database.db
2024-11-19 21:22:02,565 - __main__ - INFO - Registering migration for database B2
2024-11-19 21:22:02,581 - konomi.utils.schema_manager - INFO - Registered migration version 1 for db_grid/B2/database.db
2024-11-19 21:22:02,581 - konomi.utils.schema_manager - INFO - Registered migration version 1 for db_grid/B2/database.db
2024-11-19 21:22:02,582 - __main__ - INFO - Applying migration for database B2
2024-11-19 21:22:02,592 - konomi.utils.schema_manager - INFO - Applied migration version 1 to db_grid/B2/database.db
2024-11-19 21:22:02,592 - konomi.utils.schema_manager - INFO - Applied migration version 1 to db_grid/B2/database.db
2024-11-19 21:22:02,593 - __main__ - INFO - Successfully applied migration for database B2
2024-11-19 21:22:02,593 - __main__ - INFO - Initializing database B3...
2024-11-19 21:22:02,595 - __main__ - INFO - Successfully initialized db_grid/B3/database.db
2024-11-19 21:22:02,610 - konomi.utils.schema_manager - INFO - Cleaned migrations from db_grid/B3/database.db
2024-11-19 21:22:02,610 - konomi.utils.schema_manager - INFO - Cleaned migrations from db_grid/B3/database.db
2024-11-19 21:22:02,610 - __main__ - INFO - Registering migration for database B3
2024-11-19 21:22:02,620 - konomi.utils.schema_manager - INFO - Registered migration version 1 for db_grid/B3/database.db
2024-11-19 21:22:02,620 - konomi.utils.schema_manager - INFO - Registered migration version 1 for db_grid/B3/database.db
2024-11-19 21:22:02,621 - __main__ - INFO - Applying migration for database B3
2024-11-19 21:22:02,630 - konomi.utils.schema_manager - INFO - Applied migration version 1 to db_grid/B3/database.db
2024-11-19 21:22:02,630 - konomi.utils.schema_manager - INFO - Applied migration version 1 to db_grid/B3/database.db
2024-11-19 21:22:02,630 - __main__ - INFO - Successfully applied migration for database B3
2024-11-19 21:22:02,630 - __main__ - INFO - Initializing database B4...
2024-11-19 21:22:02,631 - __main__ - INFO - Successfully initialized db_grid/B4/database.db
2024-11-19 21:22:02,649 - konomi.utils.schema_manager - INFO - Cleaned migrations from db_grid/B4/database.db
2024-11-19 21:22:02,649 - konomi.utils.schema_manager - INFO - Cleaned migrations from db_grid/B4/database.db
2024-11-19 21:22:02,649 - __main__ - INFO - Registering migration for database B4
2024-11-19 21:22:02,661 - konomi.utils.schema_manager - INFO - Registered migration version 1 for db_grid/B4/database.db
2024-11-19 21:22:02,661 - konomi.utils.schema_manager - INFO - Registered migration version 1 for db_grid/B4/database.db
2024-11-19 21:22:02,661 - __main__ - INFO - Applying migration for database B4
2024-11-19 21:22:02,675 - konomi.utils.schema_manager - INFO - Applied migration version 1 to db_grid/B4/database.db
2024-11-19 21:22:02,675 - konomi.utils.schema_manager - INFO - Applied migration version 1 to db_grid/B4/database.db
2024-11-19 21:22:02,675 - __main__ - INFO - Successfully applied migration for database B4
2024-11-19 21:22:02,675 - __main__ - INFO - Initializing database B5...
2024-11-19 21:22:02,677 - __main__ - INFO - Successfully initialized db_grid/B5/database.db
2024-11-19 21:22:02,692 - konomi.utils.schema_manager - INFO - Cleaned migrations from db_grid/B5/database.db
2024-11-19 21:22:02,692 - konomi.utils.schema_manager - INFO - Cleaned migrations from db_grid/B5/database.db
2024-11-19 21:22:02,692 - __main__ - INFO - Registering migration for database B5
2024-11-19 21:22:02,704 - konomi.utils.schema_manager - INFO - Registered migration version 1 for db_grid/B5/database.db
2024-11-19 21:22:02,704 - konomi.utils.schema_manager - INFO - Registered migration version 1 for db_grid/B5/database.db
2024-11-19 21:22:02,704 - __main__ - INFO - Applying migration for database B5
2024-11-19 21:22:02,719 - konomi.utils.schema_manager - INFO - Applied migration version 1 to db_grid/B5/database.db
2024-11-19 21:22:02,719 - konomi.utils.schema_manager - INFO - Applied migration version 1 to db_grid/B5/database.db
2024-11-19 21:22:02,720 - __main__ - INFO - Successfully applied migration for database B5
2024-11-19 21:22:02,720 - __main__ - INFO - Initializing database C1...
2024-11-19 21:22:02,721 - __main__ - INFO - Successfully initialized db_grid/C1/database.db
2024-11-19 21:22:02,734 - konomi.utils.schema_manager - INFO - Cleaned migrations from db_grid/C1/database.db
2024-11-19 21:22:02,734 - konomi.utils.schema_manager - INFO - Cleaned migrations from db_grid/C1/database.db
2024-11-19 21:22:02,735 - __main__ - INFO - Registering migration for database C1
2024-11-19 21:22:02,751 - konomi.utils.schema_manager - INFO - Registered migration version 1 for db_grid/C1/database.db
2024-11-19 21:22:02,751 - konomi.utils.schema_manager - INFO - Registered migration version 1 for db_grid/C1/database.db
2024-11-19 21:22:02,752 - __main__ - INFO - Applying migration for database C1
2024-11-19 21:22:02,768 - konomi.utils.schema_manager - INFO - Applied migration version 1 to db_grid/C1/database.db
2024-11-19 21:22:02,768 - konomi.utils.schema_manager - INFO - Applied migration version 1 to db_grid/C1/database.db
2024-11-19 21:22:02,768 - __main__ - INFO - Successfully applied migration for database C1
2024-11-19 21:22:02,768 - __main__ - INFO - Initializing database C2...
2024-11-19 21:22:02,769 - __main__ - INFO - Successfully initialized db_grid/C2/database.db
2024-11-19 21:22:02,784 - konomi.utils.schema_manager - INFO - Cleaned migrations from db_grid/C2/database.db
2024-11-19 21:22:02,784 - konomi.utils.schema_manager - INFO - Cleaned migrations from db_grid/C2/database.db
2024-11-19 21:22:02,786 - __main__ - INFO - Registering migration for database C2
2024-11-19 21:22:02,802 - konomi.utils.schema_manager - INFO - Registered migration version 1 for db_grid/C2/database.db
2024-11-19 21:22:02,802 - konomi.utils.schema_manager - INFO - Registered migration version 1 for db_grid/C2/database.db
2024-11-19 21:22:02,802 - __main__ - INFO - Applying migration for database C2
2024-11-19 21:22:02,816 - konomi.utils.schema_manager - INFO - Applied migration version 1 to db_grid/C2/database.db
2024-11-19 21:22:02,816 - konomi.utils.schema_manager - INFO - Applied migration version 1 to db_grid/C2/database.db
2024-11-19 21:22:02,816 - __main__ - INFO - Successfully applied migration for database C2
2024-11-19 21:22:02,816 - __main__ - INFO - Initializing database C3...
2024-11-19 21:22:02,817 - __main__ - INFO - Successfully initialized db_grid/C3/database.db
2024-11-19 21:22:02,834 - konomi.utils.schema_manager - INFO - Cleaned migrations from db_grid/C3/database.db
2024-11-19 21:22:02,834 - konomi.utils.schema_manager - INFO - Cleaned migrations from db_grid/C3/database.db
2024-11-19 21:22:02,834 - __main__ - INFO - Registering migration for database C3
2024-11-19 21:22:02,857 - konomi.utils.schema_manager - INFO - Registered migration version 1 for db_grid/C3/database.db
2024-11-19 21:22:02,857 - konomi.utils.schema_manager - INFO - Registered migration version 1 for db_grid/C3/database.db
2024-11-19 21:22:02,857 - __main__ - INFO - Applying migration for database C3
2024-11-19 21:22:02,870 - konomi.utils.schema_manager - INFO - Applied migration version 1 to db_grid/C3/database.db
2024-11-19 21:22:02,870 - konomi.utils.schema_manager - INFO - Applied migration version 1 to db_grid/C3/database.db
2024-11-19 21:22:02,870 - __main__ - INFO - Successfully applied migration for database C3
2024-11-19 21:22:02,870 - __main__ - INFO - Initializing database C4...
2024-11-19 21:22:02,871 - __main__ - INFO - Successfully initialized db_grid/C4/database.db
2024-11-19 21:22:02,886 - konomi.utils.schema_manager - INFO - Cleaned migrations from db_grid/C4/database.db
2024-11-19 21:22:02,886 - konomi.utils.schema_manager - INFO - Cleaned migrations from db_grid/C4/database.db
2024-11-19 21:22:02,886 - __main__ - INFO - Registering migration for database C4
2024-11-19 21:22:02,898 - konomi.utils.schema_manager - INFO - Registered migration version 1 for db_grid/C4/database.db
2024-11-19 21:22:02,898 - konomi.utils.schema_manager - INFO - Registered migration version 1 for db_grid/C4/database.db
2024-11-19 21:22:02,898 - __main__ - INFO - Applying migration for database C4
2024-11-19 21:22:02,910 - konomi.utils.schema_manager - INFO - Applied migration version 1 to db_grid/C4/database.db
2024-11-19 21:22:02,910 - konomi.utils.schema_manager - INFO - Applied migration version 1 to db_grid/C4/database.db
2024-11-19 21:22:02,910 - __main__ - INFO - Successfully applied migration for database C4
2024-11-19 21:22:02,910 - __main__ - INFO - Initializing database C5...
2024-11-19 21:22:02,913 - __main__ - INFO - Successfully initialized db_grid/C5/database.db
2024-11-19 21:22:02,926 - konomi.utils.schema_manager - INFO - Cleaned migrations from db_grid/C5/database.db
2024-11-19 21:22:02,926 - konomi.utils.schema_manager - INFO - Cleaned migrations from db_grid/C5/database.db
2024-11-19 21:22:02,926 - __main__ - INFO - Registering migration for database C5
2024-11-19 21:22:02,940 - konomi.utils.schema_manager - INFO - Registered migration version 1 for db_grid/C5/database.db
2024-11-19 21:22:02,940 - konomi.utils.schema_manager - INFO - Registered migration version 1 for db_grid/C5/database.db
2024-11-19 21:22:02,940 - __main__ - INFO - Applying migration for database C5
2024-11-19 21:22:03,093 - konomi.utils.schema_manager - INFO - Applied migration version 1 to db_grid/C5/database.db
2024-11-19 21:22:03,093 - konomi.utils.schema_manager - INFO - Applied migration version 1 to db_grid/C5/database.db
2024-11-19 21:22:03,094 - __main__ - INFO - Successfully applied migration for database C5
2024-11-19 21:22:03,094 - __main__ - INFO - Initializing database D1...
2024-11-19 21:22:03,096 - __main__ - INFO - Successfully initialized db_grid/D1/database.db
2024-11-19 21:22:03,109 - konomi.utils.schema_manager - INFO - Cleaned migrations from db_grid/D1/database.db
2024-11-19 21:22:03,109 - konomi.utils.schema_manager - INFO - Cleaned migrations from db_grid/D1/database.db
2024-11-19 21:22:03,110 - __main__ - INFO - Registering migration for database D1
2024-11-19 21:22:03,126 - konomi.utils.schema_manager - INFO - Registered migration version 1 for db_grid/D1/database.db
2024-11-19 21:22:03,126 - konomi.utils.schema_manager - INFO - Registered migration version 1 for db_grid/D1/database.db
2024-11-19 21:22:03,126 - __main__ - INFO - Applying migration for database D1
2024-11-19 21:22:03,140 - konomi.utils.schema_manager - INFO - Applied migration version 1 to db_grid/D1/database.db
2024-11-19 21:22:03,140 - konomi.utils.schema_manager - INFO - Applied migration version 1 to db_grid/D1/database.db
2024-11-19 21:22:03,140 - __main__ - INFO - Successfully applied migration for database D1
2024-11-19 21:22:03,140 - __main__ - INFO - Initializing database D2...
2024-11-19 21:22:03,143 - __main__ - INFO - Successfully initialized db_grid/D2/database.db
2024-11-19 21:22:03,155 - konomi.utils.schema_manager - INFO - Cleaned migrations from db_grid/D2/database.db
2024-11-19 21:22:03,155 - konomi.utils.schema_manager - INFO - Cleaned migrations from db_grid/D2/database.db
2024-11-19 21:22:03,155 - __main__ - INFO - Registering migration for database D2
2024-11-19 21:22:03,170 - konomi.utils.schema_manager - INFO - Registered migration version 1 for db_grid/D2/database.db
2024-11-19 21:22:03,170 - konomi.utils.schema_manager - INFO - Registered migration version 1 for db_grid/D2/database.db
2024-11-19 21:22:03,170 - __main__ - INFO - Applying migration for database D2
2024-11-19 21:22:03,185 - konomi.utils.schema_manager - INFO - Applied migration version 1 to db_grid/D2/database.db
2024-11-19 21:22:03,185 - konomi.utils.schema_manager - INFO - Applied migration version 1 to db_grid/D2/database.db
2024-11-19 21:22:03,185 - __main__ - INFO - Successfully applied migration for database D2
2024-11-19 21:22:03,185 - __main__ - INFO - Initializing database D3...
2024-11-19 21:22:03,186 - __main__ - INFO - Successfully initialized db_grid/D3/database.db
2024-11-19 21:22:03,201 - konomi.utils.schema_manager - INFO - Cleaned migrations from db_grid/D3/database.db
2024-11-19 21:22:03,201 - konomi.utils.schema_manager - INFO - Cleaned migrations from db_grid/D3/database.db
2024-11-19 21:22:03,201 - __main__ - INFO - Registering migration for database D3
2024-11-19 21:22:03,215 - konomi.utils.schema_manager - INFO - Registered migration version 1 for db_grid/D3/database.db
2024-11-19 21:22:03,215 - konomi.utils.schema_manager - INFO - Registered migration version 1 for db_grid/D3/database.db
2024-11-19 21:22:03,216 - __main__ - INFO - Applying migration for database D3
2024-11-19 21:22:03,230 - konomi.utils.schema_manager - INFO - Applied migration version 1 to db_grid/D3/database.db
2024-11-19 21:22:03,230 - konomi.utils.schema_manager - INFO - Applied migration version 1 to db_grid/D3/database.db
2024-11-19 21:22:03,231 - __main__ - INFO - Successfully applied migration for database D3
2024-11-19 21:22:03,231 - __main__ - INFO - Initializing database D4...
2024-11-19 21:22:03,234 - __main__ - INFO - Successfully initialized db_grid/D4/database.db
2024-11-19 21:22:03,251 - konomi.utils.schema_manager - INFO - Cleaned migrations from db_grid/D4/database.db
2024-11-19 21:22:03,251 - konomi.utils.schema_manager - INFO - Cleaned migrations from db_grid/D4/database.db
2024-11-19 21:22:03,252 - __main__ - INFO - Registering migration for database D4
2024-11-19 21:22:03,277 - konomi.utils.schema_manager - INFO - Registered migration version 1 for db_grid/D4/database.db
2024-11-19 21:22:03,277 - konomi.utils.schema_manager - INFO - Registered migration version 1 for db_grid/D4/database.db
2024-11-19 21:22:03,277 - __main__ - INFO - Applying migration for database D4
2024-11-19 21:22:03,298 - konomi.utils.schema_manager - INFO - Applied migration version 1 to db_grid/D4/database.db
2024-11-19 21:22:03,298 - konomi.utils.schema_manager - INFO - Applied migration version 1 to db_grid/D4/database.db
2024-11-19 21:22:03,298 - __main__ - INFO - Successfully applied migration for database D4
2024-11-19 21:22:03,298 - __main__ - INFO - Initializing database D5...
2024-11-19 21:22:03,299 - __main__ - INFO - Successfully initialized db_grid/D5/database.db
2024-11-19 21:22:03,311 - konomi.utils.schema_manager - INFO - Cleaned migrations from db_grid/D5/database.db
2024-11-19 21:22:03,311 - konomi.utils.schema_manager - INFO - Cleaned migrations from db_grid/D5/database.db
2024-11-19 21:22:03,311 - __main__ - INFO - Registering migration for database D5
2024-11-19 21:22:03,322 - konomi.utils.schema_manager - INFO - Registered migration version 1 for db_grid/D5/database.db
2024-11-19 21:22:03,322 - konomi.utils.schema_manager - INFO - Registered migration version 1 for db_grid/D5/database.db
2024-11-19 21:22:03,322 - __main__ - INFO - Applying migration for database D5
2024-11-19 21:22:03,338 - konomi.utils.schema_manager - INFO - Applied migration version 1 to db_grid/D5/database.db
2024-11-19 21:22:03,338 - konomi.utils.schema_manager - INFO - Applied migration version 1 to db_grid/D5/database.db
2024-11-19 21:22:03,338 - __main__ - INFO - Successfully applied migration for database D5
2024-11-19 21:22:03,339 - __main__ - INFO - Initializing database E1...
2024-11-19 21:22:03,340 - __main__ - INFO - Successfully initialized db_grid/E1/database.db
2024-11-19 21:22:03,354 - konomi.utils.schema_manager - INFO - Cleaned migrations from db_grid/E1/database.db
2024-11-19 21:22:03,354 - konomi.utils.schema_manager - INFO - Cleaned migrations from db_grid/E1/database.db
2024-11-19 21:22:03,354 - __main__ - INFO - Registering migration for database E1
2024-11-19 21:22:03,368 - konomi.utils.schema_manager - INFO - Registered migration version 1 for db_grid/E1/database.db
2024-11-19 21:22:03,368 - konomi.utils.schema_manager - INFO - Registered migration version 1 for db_grid/E1/database.db
2024-11-19 21:22:03,368 - __main__ - INFO - Applying migration for database E1
2024-11-19 21:22:03,384 - konomi.utils.schema_manager - INFO - Applied migration version 1 to db_grid/E1/database.db
2024-11-19 21:22:03,384 - konomi.utils.schema_manager - INFO - Applied migration version 1 to db_grid/E1/database.db
2024-11-19 21:22:03,385 - __main__ - INFO - Successfully applied migration for database E1
2024-11-19 21:22:03,385 - __main__ - INFO - Initializing database E2...
2024-11-19 21:22:03,386 - __main__ - INFO - Successfully initialized db_grid/E2/database.db
2024-11-19 21:22:03,400 - konomi.utils.schema_manager - INFO - Cleaned migrations from db_grid/E2/database.db
2024-11-19 21:22:03,400 - konomi.utils.schema_manager - INFO - Cleaned migrations from db_grid/E2/database.db
2024-11-19 21:22:03,400 - __main__ - INFO - Registering migration for database E2
2024-11-19 21:22:03,413 - konomi.utils.schema_manager - INFO - Registered migration version 1 for db_grid/E2/database.db
2024-11-19 21:22:03,413 - konomi.utils.schema_manager - INFO - Registered migration version 1 for db_grid/E2/database.db
2024-11-19 21:22:03,413 - __main__ - INFO - Applying migration for database E2
2024-11-19 21:22:03,430 - konomi.utils.schema_manager - INFO - Applied migration version 1 to db_grid/E2/database.db
2024-11-19 21:22:03,430 - konomi.utils.schema_manager - INFO - Applied migration version 1 to db_grid/E2/database.db
2024-11-19 21:22:03,430 - __main__ - INFO - Successfully applied migration for database E2
2024-11-19 21:22:03,430 - __main__ - INFO - Initializing database E3...
2024-11-19 21:22:03,432 - __main__ - INFO - Successfully initialized db_grid/E3/database.db
2024-11-19 21:22:03,443 - konomi.utils.schema_manager - INFO - Cleaned migrations from db_grid/E3/database.db
2024-11-19 21:22:03,443 - konomi.utils.schema_manager - INFO - Cleaned migrations from db_grid/E3/database.db
2024-11-19 21:22:03,443 - __main__ - INFO - Registering migration for database E3
2024-11-19 21:22:03,456 - konomi.utils.schema_manager - INFO - Registered migration version 1 for db_grid/E3/database.db
2024-11-19 21:22:03,456 - konomi.utils.schema_manager - INFO - Registered migration version 1 for db_grid/E3/database.db
2024-11-19 21:22:03,457 - __main__ - INFO - Applying migration for database E3
2024-11-19 21:22:03,471 - konomi.utils.schema_manager - INFO - Applied migration version 1 to db_grid/E3/database.db
2024-11-19 21:22:03,471 - konomi.utils.schema_manager - INFO - Applied migration version 1 to db_grid/E3/database.db
2024-11-19 21:22:03,471 - __main__ - INFO - Successfully applied migration for database E3
2024-11-19 21:22:03,471 - __main__ - INFO - Initializing database E4...
2024-11-19 21:22:03,472 - __main__ - INFO - Successfully initialized db_grid/E4/database.db
2024-11-19 21:22:03,483 - konomi.utils.schema_manager - INFO - Cleaned migrations from db_grid/E4/database.db
2024-11-19 21:22:03,483 - konomi.utils.schema_manager - INFO - Cleaned migrations from db_grid/E4/database.db
2024-11-19 21:22:03,483 - __main__ - INFO - Registering migration for database E4
2024-11-19 21:22:03,498 - konomi.utils.schema_manager - INFO - Registered migration version 1 for db_grid/E4/database.db
2024-11-19 21:22:03,498 - konomi.utils.schema_manager - INFO - Registered migration version 1 for db_grid/E4/database.db
2024-11-19 21:22:03,498 - __main__ - INFO - Applying migration for database E4
2024-11-19 21:22:03,511 - konomi.utils.schema_manager - INFO - Applied migration version 1 to db_grid/E4/database.db
2024-11-19 21:22:03,511 - konomi.utils.schema_manager - INFO - Applied migration version 1 to db_grid/E4/database.db
2024-11-19 21:22:03,511 - __main__ - INFO - Successfully applied migration for database E4
2024-11-19 21:22:03,511 - __main__ - INFO - Initializing database E5...
2024-11-19 21:22:03,512 - __main__ - INFO - Successfully initialized db_grid/E5/database.db
2024-11-19 21:22:03,524 - konomi.utils.schema_manager - INFO - Cleaned migrations from db_grid/E5/database.db
2024-11-19 21:22:03,524 - konomi.utils.schema_manager - INFO - Cleaned migrations from db_grid/E5/database.db
2024-11-19 21:22:03,524 - __main__ - INFO - Registering migration for database E5
2024-11-19 21:22:03,536 - konomi.utils.schema_manager - INFO - Registered migration version 1 for db_grid/E5/database.db
2024-11-19 21:22:03,536 - konomi.utils.schema_manager - INFO - Registered migration version 1 for db_grid/E5/database.db
2024-11-19 21:22:03,536 - __main__ - INFO - Applying migration for database E5
2024-11-19 21:22:03,548 - konomi.utils.schema_manager - INFO - Applied migration version 1 to db_grid/E5/database.db
2024-11-19 21:22:03,548 - konomi.utils.schema_manager - INFO - Applied migration version 1 to db_grid/E5/database.db
2024-11-19 21:22:03,548 - __main__ - INFO - Successfully applied migration for database E5
2024-11-19 21:22:03,548 - __main__ - WARNING - No schema defined for database F1
2024-11-19 21:22:03,548 - __main__ - WARNING - No schema defined for database F2
2024-11-19 21:22:03,549 - __main__ - WARNING - No schema defined for database F3
2024-11-19 21:22:03,549 - __main__ - WARNING - No schema defined for database F4
2024-11-19 21:22:03,549 - __main__ - WARNING - No schema defined for database F5
2024-11-19 21:22:03,549 - __main__ - WARNING - No schema defined for database G1
2024-11-19 21:22:03,549 - __main__ - WARNING - No schema defined for database G2
2024-11-19 21:22:03,549 - __main__ - WARNING - No schema defined for database G3
2024-11-19 21:22:03,549 - __main__ - WARNING - No schema defined for database G4
2024-11-19 21:22:03,549 - __main__ - WARNING - No schema defined for database G5
2024-11-19 21:22:04,106 - __main__ - INFO - Initializing database A1...
2024-11-19 21:22:04,107 - __main__ - INFO - Successfully initialized db_grid/A1/database.db
2024-11-19 21:22:04,119 - konomi.utils.schema_manager - INFO - Cleaned migrations from db_grid/A1/database.db
2024-11-19 21:22:04,119 - konomi.utils.schema_manager - INFO - Cleaned migrations from db_grid/A1/database.db
2024-11-19 21:22:04,119 - __main__ - INFO - Registering migration for database A1
2024-11-19 21:22:04,133 - konomi.utils.schema_manager - INFO - Registered migration version 1 for db_grid/A1/database.db
2024-11-19 21:22:04,133 - konomi.utils.schema_manager - INFO - Registered migration version 1 for db_grid/A1/database.db
2024-11-19 21:22:04,133 - __main__ - INFO - Applying migration for database A1
2024-11-19 21:22:04,149 - konomi.utils.schema_manager - INFO - Applied migration version 1 to db_grid/A1/database.db
2024-11-19 21:22:04,149 - konomi.utils.schema_manager - INFO - Applied migration version 1 to db_grid/A1/database.db
2024-11-19 21:22:04,150 - __main__ - INFO - Successfully applied migration for database A1
2024-11-19 21:22:04,150 - __main__ - INFO - Initializing database A2...
2024-11-19 21:22:04,150 - __main__ - INFO - Successfully initialized db_grid/A2/database.db
2024-11-19 21:22:04,163 - konomi.utils.schema_manager - INFO - Cleaned migrations from db_grid/A2/database.db
2024-11-19 21:22:04,163 - konomi.utils.schema_manager - INFO - Cleaned migrations from db_grid/A2/database.db
2024-11-19 21:22:04,164 - __main__ - INFO - Registering migration for database A2
2024-11-19 21:22:04,181 - konomi.utils.schema_manager - INFO - Registered migration version 1 for db_grid/A2/database.db
2024-11-19 21:22:04,181 - konomi.utils.schema_manager - INFO - Registered migration version 1 for db_grid/A2/database.db
2024-11-19 21:22:04,181 - __main__ - INFO - Applying migration for database A2
2024-11-19 21:22:04,195 - konomi.utils.schema_manager - INFO - Applied migration version 1 to db_grid/A2/database.db
2024-11-19 21:22:04,195 - konomi.utils.schema_manager - INFO - Applied migration version 1 to db_grid/A2/database.db
2024-11-19 21:22:04,196 - __main__ - INFO - Successfully applied migration for database A2
2024-11-19 21:22:04,196 - __main__ - INFO - Initializing database A3...
2024-11-19 21:22:04,196 - __main__ - INFO - Successfully initialized db_grid/A3/database.db
2024-11-19 21:22:04,209 - konomi.utils.schema_manager - INFO - Cleaned migrations from db_grid/A3/database.db
2024-11-19 21:22:04,209 - konomi.utils.schema_manager - INFO - Cleaned migrations from db_grid/A3/database.db
2024-11-19 21:22:04,210 - __main__ - INFO - Registering migration for database A3
2024-11-19 21:22:04,224 - konomi.utils.schema_manager - INFO - Registered migration version 1 for db_grid/A3/database.db
2024-11-19 21:22:04,224 - konomi.utils.schema_manager - INFO - Registered migration version 1 for db_grid/A3/database.db
2024-11-19 21:22:04,225 - __main__ - INFO - Applying migration for database A3
2024-11-19 21:22:04,238 - konomi.utils.schema_manager - INFO - Applied migration version 1 to db_grid/A3/database.db
2024-11-19 21:22:04,238 - konomi.utils.schema_manager - INFO - Applied migration version 1 to db_grid/A3/database.db
2024-11-19 21:22:04,238 - __main__ - INFO - Successfully applied migration for database A3
2024-11-19 21:22:04,238 - __main__ - INFO - Initializing database A4...
2024-11-19 21:22:04,239 - __main__ - INFO - Successfully initialized db_grid/A4/database.db
2024-11-19 21:22:04,253 - konomi.utils.schema_manager - INFO - Cleaned migrations from db_grid/A4/database.db
2024-11-19 21:22:04,253 - konomi.utils.schema_manager - INFO - Cleaned migrations from db_grid/A4/database.db
2024-11-19 21:22:04,253 - __main__ - INFO - Registering migration for database A4
2024-11-19 21:22:04,267 - konomi.utils.schema_manager - INFO - Registered migration version 1 for db_grid/A4/database.db
2024-11-19 21:22:04,267 - konomi.utils.schema_manager - INFO - Registered migration version 1 for db_grid/A4/database.db
2024-11-19 21:22:04,267 - __main__ - INFO - Applying migration for database A4
2024-11-19 21:22:04,286 - konomi.utils.schema_manager - INFO - Applied migration version 1 to db_grid/A4/database.db
2024-11-19 21:22:04,286 - konomi.utils.schema_manager - INFO - Applied migration version 1 to db_grid/A4/database.db
2024-11-19 21:22:04,286 - __main__ - INFO - Successfully applied migration for database A4
2024-11-19 21:22:04,287 - __main__ - INFO - Initializing database A5...
2024-11-19 21:22:04,287 - __main__ - INFO - Successfully initialized db_grid/A5/database.db
2024-11-19 21:22:04,300 - konomi.utils.schema_manager - INFO - Cleaned migrations from db_grid/A5/database.db
2024-11-19 21:22:04,300 - konomi.utils.schema_manager - INFO - Cleaned migrations from db_grid/A5/database.db
2024-11-19 21:22:04,300 - __main__ - INFO - Registering migration for database A5
2024-11-19 21:22:04,314 - konomi.utils.schema_manager - INFO - Registered migration version 1 for db_grid/A5/database.db
2024-11-19 21:22:04,314 - konomi.utils.schema_manager - INFO - Registered migration version 1 for db_grid/A5/database.db
2024-11-19 21:22:04,315 - __main__ - INFO - Applying migration for database A5
2024-11-19 21:22:04,329 - konomi.utils.schema_manager - INFO - Applied migration version 1 to db_grid/A5/database.db
2024-11-19 21:22:04,329 - konomi.utils.schema_manager - INFO - Applied migration version 1 to db_grid/A5/database.db
2024-11-19 21:22:04,330 - __main__ - INFO - Successfully applied migration for database A5
2024-11-19 21:22:04,330 - __main__ - INFO - Initializing database B1...
2024-11-19 21:22:04,331 - __main__ - INFO - Successfully initialized db_grid/B1/database.db
2024-11-19 21:22:04,346 - konomi.utils.schema_manager - INFO - Cleaned migrations from db_grid/B1/database.db
2024-11-19 21:22:04,346 - konomi.utils.schema_manager - INFO - Cleaned migrations from db_grid/B1/database.db
2024-11-19 21:22:04,346 - __main__ - INFO - Registering migration for database B1
2024-11-19 21:22:04,362 - konomi.utils.schema_manager - INFO - Registered migration version 1 for db_grid/B1/database.db
2024-11-19 21:22:04,362 - konomi.utils.schema_manager - INFO - Registered migration version 1 for db_grid/B1/database.db
2024-11-19 21:22:04,362 - __main__ - INFO - Applying migration for database B1
2024-11-19 21:22:04,374 - konomi.utils.schema_manager - INFO - Applied migration version 1 to db_grid/B1/database.db
2024-11-19 21:22:04,374 - konomi.utils.schema_manager - INFO - Applied migration version 1 to db_grid/B1/database.db
2024-11-19 21:22:04,374 - __main__ - INFO - Successfully applied migration for database B1
2024-11-19 21:22:04,374 - __main__ - INFO - Initializing database B2...
2024-11-19 21:22:04,375 - __main__ - INFO - Successfully initialized db_grid/B2/database.db
2024-11-19 21:22:04,387 - konomi.utils.schema_manager - INFO - Cleaned migrations from db_grid/B2/database.db
2024-11-19 21:22:04,387 - konomi.utils.schema_manager - INFO - Cleaned migrations from db_grid/B2/database.db
2024-11-19 21:22:04,388 - __main__ - INFO - Registering migration for database B2
2024-11-19 21:22:04,402 - konomi.utils.schema_manager - INFO - Registered migration version 1 for db_grid/B2/database.db
2024-11-19 21:22:04,402 - konomi.utils.schema_manager - INFO - Registered migration version 1 for db_grid/B2/database.db
2024-11-19 21:22:04,402 - __main__ - INFO - Applying migration for database B2
2024-11-19 21:22:04,416 - konomi.utils.schema_manager - INFO - Applied migration version 1 to db_grid/B2/database.db
2024-11-19 21:22:04,416 - konomi.utils.schema_manager - INFO - Applied migration version 1 to db_grid/B2/database.db
2024-11-19 21:22:04,416 - __main__ - INFO - Successfully applied migration for database B2
2024-11-19 21:22:04,416 - __main__ - INFO - Initializing database B3...
2024-11-19 21:22:04,417 - __main__ - INFO - Successfully initialized db_grid/B3/database.db
2024-11-19 21:22:04,429 - konomi.utils.schema_manager - INFO - Cleaned migrations from db_grid/B3/database.db
2024-11-19 21:22:04,429 - konomi.utils.schema_manager - INFO - Cleaned migrations from db_grid/B3/database.db
2024-11-19 21:22:04,429 - __main__ - INFO - Registering migration for database B3
2024-11-19 21:22:04,444 - konomi.utils.schema_manager - INFO - Registered migration version 1 for db_grid/B3/database.db
2024-11-19 21:22:04,444 - konomi.utils.schema_manager - INFO - Registered migration version 1 for db_grid/B3/database.db
2024-11-19 21:22:04,445 - __main__ - INFO - Applying migration for database B3
2024-11-19 21:22:04,460 - konomi.utils.schema_manager - INFO - Applied migration version 1 to db_grid/B3/database.db
2024-11-19 21:22:04,460 - konomi.utils.schema_manager - INFO - Applied migration version 1 to db_grid/B3/database.db
2024-11-19 21:22:04,461 - __main__ - INFO - Successfully applied migration for database B3
2024-11-19 21:22:04,461 - __main__ - INFO - Initializing database B4...
2024-11-19 21:22:04,461 - __main__ - INFO - Successfully initialized db_grid/B4/database.db
2024-11-19 21:22:04,474 - konomi.utils.schema_manager - INFO - Cleaned migrations from db_grid/B4/database.db
2024-11-19 21:22:04,474 - konomi.utils.schema_manager - INFO - Cleaned migrations from db_grid/B4/database.db
2024-11-19 21:22:04,474 - __main__ - INFO - Registering migration for database B4
2024-11-19 21:22:04,487 - konomi.utils.schema_manager - INFO - Registered migration version 1 for db_grid/B4/database.db
2024-11-19 21:22:04,487 - konomi.utils.schema_manager - INFO - Registered migration version 1 for db_grid/B4/database.db
2024-11-19 21:22:04,488 - __main__ - INFO - Applying migration for database B4
2024-11-19 21:22:04,501 - konomi.utils.schema_manager - INFO - Applied migration version 1 to db_grid/B4/database.db
2024-11-19 21:22:04,501 - konomi.utils.schema_manager - INFO - Applied migration version 1 to db_grid/B4/database.db
2024-11-19 21:22:04,502 - __main__ - INFO - Successfully applied migration for database B4
2024-11-19 21:22:04,502 - __main__ - INFO - Initializing database B5...
2024-11-19 21:22:04,502 - __main__ - INFO - Successfully initialized db_grid/B5/database.db
2024-11-19 21:22:04,518 - konomi.utils.schema_manager - INFO - Cleaned migrations from db_grid/B5/database.db
2024-11-19 21:22:04,518 - konomi.utils.schema_manager - INFO - Cleaned migrations from db_grid/B5/database.db
2024-11-19 21:22:04,518 - __main__ - INFO - Registering migration for database B5
2024-11-19 21:22:04,538 - konomi.utils.schema_manager - INFO - Registered migration version 1 for db_grid/B5/database.db
2024-11-19 21:22:04,538 - konomi.utils.schema_manager - INFO - Registered migration version 1 for db_grid/B5/database.db
2024-11-19 21:22:04,538 - __main__ - INFO - Applying migration for database B5
2024-11-19 21:22:04,551 - konomi.utils.schema_manager - INFO - Applied migration version 1 to db_grid/B5/database.db
2024-11-19 21:22:04,551 - konomi.utils.schema_manager - INFO - Applied migration version 1 to db_grid/B5/database.db
2024-11-19 21:22:04,551 - __main__ - INFO - Successfully applied migration for database B5
2024-11-19 21:22:04,551 - __main__ - INFO - Initializing database C1...
2024-11-19 21:22:04,552 - __main__ - INFO - Successfully initialized db_grid/C1/database.db
2024-11-19 21:22:04,568 - konomi.utils.schema_manager - INFO - Cleaned migrations from db_grid/C1/database.db
2024-11-19 21:22:04,568 - konomi.utils.schema_manager - INFO - Cleaned migrations from db_grid/C1/database.db
2024-11-19 21:22:04,569 - __main__ - INFO - Registering migration for database C1
2024-11-19 21:22:04,591 - konomi.utils.schema_manager - INFO - Registered migration version 1 for db_grid/C1/database.db
2024-11-19 21:22:04,591 - konomi.utils.schema_manager - INFO - Registered migration version 1 for db_grid/C1/database.db
2024-11-19 21:22:04,591 - __main__ - INFO - Applying migration for database C1
2024-11-19 21:22:04,607 - konomi.utils.schema_manager - INFO - Applied migration version 1 to db_grid/C1/database.db
2024-11-19 21:22:04,607 - konomi.utils.schema_manager - INFO - Applied migration version 1 to db_grid/C1/database.db
2024-11-19 21:22:04,607 - __main__ - INFO - Successfully applied migration for database C1
2024-11-19 21:22:04,607 - __main__ - INFO - Initializing database C2...
2024-11-19 21:22:04,608 - __main__ - INFO - Successfully initialized db_grid/C2/database.db
2024-11-19 21:22:04,628 - konomi.utils.schema_manager - INFO - Cleaned migrations from db_grid/C2/database.db
2024-11-19 21:22:04,628 - konomi.utils.schema_manager - INFO - Cleaned migrations from db_grid/C2/database.db
2024-11-19 21:22:04,629 - __main__ - INFO - Registering migration for database C2
2024-11-19 21:22:04,833 - konomi.utils.schema_manager - INFO - Registered migration version 1 for db_grid/C2/database.db
2024-11-19 21:22:04,833 - konomi.utils.schema_manager - INFO - Registered migration version 1 for db_grid/C2/database.db
2024-11-19 21:22:04,834 - __main__ - INFO - Applying migration for database C2
2024-11-19 21:22:04,856 - konomi.utils.schema_manager - INFO - Applied migration version 1 to db_grid/C2/database.db
2024-11-19 21:22:04,856 - konomi.utils.schema_manager - INFO - Applied migration version 1 to db_grid/C2/database.db
2024-11-19 21:22:04,857 - __main__ - INFO - Successfully applied migration for database C2
2024-11-19 21:22:04,857 - __main__ - INFO - Initializing database C3...
2024-11-19 21:22:04,857 - __main__ - INFO - Successfully initialized db_grid/C3/database.db
2024-11-19 21:22:04,874 - konomi.utils.schema_manager - INFO - Cleaned migrations from db_grid/C3/database.db
2024-11-19 21:22:04,874 - konomi.utils.schema_manager - INFO - Cleaned migrations from db_grid/C3/database.db
2024-11-19 21:22:04,874 - __main__ - INFO - Registering migration for database C3
2024-11-19 21:22:04,891 - konomi.utils.schema_manager - INFO - Registered migration version 1 for db_grid/C3/database.db
2024-11-19 21:22:04,891 - konomi.utils.schema_manager - INFO - Registered migration version 1 for db_grid/C3/database.db
2024-11-19 21:22:04,891 - __main__ - INFO - Applying migration for database C3
2024-11-19 21:22:04,910 - konomi.utils.schema_manager - INFO - Applied migration version 1 to db_grid/C3/database.db
2024-11-19 21:22:04,910 - konomi.utils.schema_manager - INFO - Applied migration version 1 to db_grid/C3/database.db
2024-11-19 21:22:04,910 - __main__ - INFO - Successfully applied migration for database C3
2024-11-19 21:22:04,910 - __main__ - INFO - Initializing database C4...
2024-11-19 21:22:04,910 - __main__ - INFO - Successfully initialized db_grid/C4/database.db
2024-11-19 21:22:04,926 - konomi.utils.schema_manager - INFO - Cleaned migrations from db_grid/C4/database.db
2024-11-19 21:22:04,926 - konomi.utils.schema_manager - INFO - Cleaned migrations from db_grid/C4/database.db
2024-11-19 21:22:04,926 - __main__ - INFO - Registering migration for database C4
2024-11-19 21:22:04,938 - konomi.utils.schema_manager - INFO - Registered migration version 1 for db_grid/C4/database.db
2024-11-19 21:22:04,938 - konomi.utils.schema_manager - INFO - Registered migration version 1 for db_grid/C4/database.db
2024-11-19 21:22:04,938 - __main__ - INFO - Applying migration for database C4
2024-11-19 21:22:04,950 - konomi.utils.schema_manager - INFO - Applied migration version 1 to db_grid/C4/database.db
2024-11-19 21:22:04,950 - konomi.utils.schema_manager - INFO - Applied migration version 1 to db_grid/C4/database.db
2024-11-19 21:22:04,950 - __main__ - INFO - Successfully applied migration for database C4
2024-11-19 21:22:04,951 - __main__ - INFO - Initializing database C5...
2024-11-19 21:22:04,951 - __main__ - INFO - Successfully initialized db_grid/C5/database.db
2024-11-19 21:22:04,965 - konomi.utils.schema_manager - INFO - Cleaned migrations from db_grid/C5/database.db
2024-11-19 21:22:04,965 - konomi.utils.schema_manager - INFO - Cleaned migrations from db_grid/C5/database.db
2024-11-19 21:22:04,965 - __main__ - INFO - Registering migration for database C5
2024-11-19 21:22:04,978 - konomi.utils.schema_manager - INFO - Registered migration version 1 for db_grid/C5/database.db
2024-11-19 21:22:04,978 - konomi.utils.schema_manager - INFO - Registered migration version 1 for db_grid/C5/database.db
2024-11-19 21:22:04,978 - __main__ - INFO - Applying migration for database C5
2024-11-19 21:22:04,991 - konomi.utils.schema_manager - INFO - Applied migration version 1 to db_grid/C5/database.db
2024-11-19 21:22:04,991 - konomi.utils.schema_manager - INFO - Applied migration version 1 to db_grid/C5/database.db
2024-11-19 21:22:04,991 - __main__ - INFO - Successfully applied migration for database C5
2024-11-19 21:22:04,992 - __main__ - INFO - Initializing database D1...
2024-11-19 21:22:04,992 - __main__ - INFO - Successfully initialized db_grid/D1/database.db
2024-11-19 21:22:05,005 - konomi.utils.schema_manager - INFO - Cleaned migrations from db_grid/D1/database.db
2024-11-19 21:22:05,005 - konomi.utils.schema_manager - INFO - Cleaned migrations from db_grid/D1/database.db
2024-11-19 21:22:05,006 - __main__ - INFO - Registering migration for database D1
2024-11-19 21:22:05,018 - konomi.utils.schema_manager - INFO - Registered migration version 1 for db_grid/D1/database.db
2024-11-19 21:22:05,018 - konomi.utils.schema_manager - INFO - Registered migration version 1 for db_grid/D1/database.db
2024-11-19 21:22:05,018 - __main__ - INFO - Applying migration for database D1
2024-11-19 21:22:05,030 - konomi.utils.schema_manager - INFO - Applied migration version 1 to db_grid/D1/database.db
2024-11-19 21:22:05,030 - konomi.utils.schema_manager - INFO - Applied migration version 1 to db_grid/D1/database.db
2024-11-19 21:22:05,031 - __main__ - INFO - Successfully applied migration for database D1
2024-11-19 21:22:05,031 - __main__ - INFO - Initializing database D2...
2024-11-19 21:22:05,031 - __main__ - INFO - Successfully initialized db_grid/D2/database.db
2024-11-19 21:22:05,046 - konomi.utils.schema_manager - INFO - Cleaned migrations from db_grid/D2/database.db
2024-11-19 21:22:05,046 - konomi.utils.schema_manager - INFO - Cleaned migrations from db_grid/D2/database.db
2024-11-19 21:22:05,046 - __main__ - INFO - Registering migration for database D2
2024-11-19 21:22:05,063 - konomi.utils.schema_manager - INFO - Registered migration version 1 for db_grid/D2/database.db
2024-11-19 21:22:05,063 - konomi.utils.schema_manager - INFO - Registered migration version 1 for db_grid/D2/database.db
2024-11-19 21:22:05,063 - __main__ - INFO - Applying migration for database D2
2024-11-19 21:22:05,080 - konomi.utils.schema_manager - INFO - Applied migration version 1 to db_grid/D2/database.db
2024-11-19 21:22:05,080 - konomi.utils.schema_manager - INFO - Applied migration version 1 to db_grid/D2/database.db
2024-11-19 21:22:05,081 - __main__ - INFO - Successfully applied migration for database D2
2024-11-19 21:22:05,081 - __main__ - INFO - Initializing database D3...
2024-11-19 21:22:05,081 - __main__ - INFO - Successfully initialized db_grid/D3/database.db
2024-11-19 21:22:05,095 - konomi.utils.schema_manager - INFO - Cleaned migrations from db_grid/D3/database.db
2024-11-19 21:22:05,095 - konomi.utils.schema_manager - INFO - Cleaned migrations from db_grid/D3/database.db
2024-11-19 21:22:05,096 - __main__ - INFO - Registering migration for database D3
2024-11-19 21:22:05,108 - konomi.utils.schema_manager - INFO - Registered migration version 1 for db_grid/D3/database.db
2024-11-19 21:22:05,108 - konomi.utils.schema_manager - INFO - Registered migration version 1 for db_grid/D3/database.db
2024-11-19 21:22:05,109 - __main__ - INFO - Applying migration for database D3
2024-11-19 21:22:05,124 - konomi.utils.schema_manager - INFO - Applied migration version 1 to db_grid/D3/database.db
2024-11-19 21:22:05,124 - konomi.utils.schema_manager - INFO - Applied migration version 1 to db_grid/D3/database.db
2024-11-19 21:22:05,124 - __main__ - INFO - Successfully applied migration for database D3
2024-11-19 21:22:05,124 - __main__ - INFO - Initializing database D4...
2024-11-19 21:22:05,125 - __main__ - INFO - Successfully initialized db_grid/D4/database.db
2024-11-19 21:22:05,137 - konomi.utils.schema_manager - INFO - Cleaned migrations from db_grid/D4/database.db
2024-11-19 21:22:05,137 - konomi.utils.schema_manager - INFO - Cleaned migrations from db_grid/D4/database.db
2024-11-19 21:22:05,138 - __main__ - INFO - Registering migration for database D4
2024-11-19 21:22:05,151 - konomi.utils.schema_manager - INFO - Registered migration version 1 for db_grid/D4/database.db
2024-11-19 21:22:05,151 - konomi.utils.schema_manager - INFO - Registered migration version 1 for db_grid/D4/database.db
2024-11-19 21:22:05,151 - __main__ - INFO - Applying migration for database D4
2024-11-19 21:22:05,166 - konomi.utils.schema_manager - INFO - Applied migration version 1 to db_grid/D4/database.db
2024-11-19 21:22:05,166 - konomi.utils.schema_manager - INFO - Applied migration version 1 to db_grid/D4/database.db
2024-11-19 21:22:05,167 - __main__ - INFO - Successfully applied migration for database D4
2024-11-19 21:22:05,167 - __main__ - INFO - Initializing database D5...
2024-11-19 21:22:05,167 - __main__ - INFO - Successfully initialized db_grid/D5/database.db
2024-11-19 21:22:05,182 - konomi.utils.schema_manager - INFO - Cleaned migrations from db_grid/D5/database.db
2024-11-19 21:22:05,182 - konomi.utils.schema_manager - INFO - Cleaned migrations from db_grid/D5/database.db
2024-11-19 21:22:05,182 - __main__ - INFO - Registering migration for database D5
2024-11-19 21:22:05,197 - konomi.utils.schema_manager - INFO - Registered migration version 1 for db_grid/D5/database.db
2024-11-19 21:22:05,197 - konomi.utils.schema_manager - INFO - Registered migration version 1 for db_grid/D5/database.db
2024-11-19 21:22:05,197 - __main__ - INFO - Applying migration for database D5
2024-11-19 21:22:05,211 - konomi.utils.schema_manager - INFO - Applied migration version 1 to db_grid/D5/database.db
2024-11-19 21:22:05,211 - konomi.utils.schema_manager - INFO - Applied migration version 1 to db_grid/D5/database.db
2024-11-19 21:22:05,211 - __main__ - INFO - Successfully applied migration for database D5
2024-11-19 21:22:05,211 - __main__ - INFO - Initializing database E1...
2024-11-19 21:22:05,212 - __main__ - INFO - Successfully initialized db_grid/E1/database.db
2024-11-19 21:22:05,225 - konomi.utils.schema_manager - INFO - Cleaned migrations from db_grid/E1/database.db
2024-11-19 21:22:05,225 - konomi.utils.schema_manager - INFO - Cleaned migrations from db_grid/E1/database.db
2024-11-19 21:22:05,225 - __main__ - INFO - Registering migration for database E1
2024-11-19 21:22:05,238 - konomi.utils.schema_manager - INFO - Registered migration version 1 for db_grid/E1/database.db
2024-11-19 21:22:05,238 - konomi.utils.schema_manager - INFO - Registered migration version 1 for db_grid/E1/database.db
2024-11-19 21:22:05,238 - __main__ - INFO - Applying migration for database E1
2024-11-19 21:22:05,254 - konomi.utils.schema_manager - INFO - Applied migration version 1 to db_grid/E1/database.db
2024-11-19 21:22:05,254 - konomi.utils.schema_manager - INFO - Applied migration version 1 to db_grid/E1/database.db
2024-11-19 21:22:05,254 - __main__ - INFO - Successfully applied migration for database E1
2024-11-19 21:22:05,254 - __main__ - INFO - Initializing database E2...
2024-11-19 21:22:05,254 - __main__ - INFO - Successfully initialized db_grid/E2/database.db
2024-11-19 21:22:05,268 - konomi.utils.schema_manager - INFO - Cleaned migrations from db_grid/E2/database.db
2024-11-19 21:22:05,268 - konomi.utils.schema_manager - INFO - Cleaned migrations from db_grid/E2/database.db
2024-11-19 21:22:05,268 - __main__ - INFO - Registering migration for database E2
2024-11-19 21:22:05,284 - konomi.utils.schema_manager - INFO - Registered migration version 1 for db_grid/E2/database.db
2024-11-19 21:22:05,284 - konomi.utils.schema_manager - INFO - Registered migration version 1 for db_grid/E2/database.db
2024-11-19 21:22:05,284 - __main__ - INFO - Applying migration for database E2
2024-11-19 21:22:05,297 - konomi.utils.schema_manager - INFO - Applied migration version 1 to db_grid/E2/database.db
2024-11-19 21:22:05,297 - konomi.utils.schema_manager - INFO - Applied migration version 1 to db_grid/E2/database.db
2024-11-19 21:22:05,298 - __main__ - INFO - Successfully applied migration for database E2
2024-11-19 21:22:05,298 - __main__ - INFO - Initializing database E3...
2024-11-19 21:22:05,298 - __main__ - INFO - Successfully initialized db_grid/E3/database.db
2024-11-19 21:22:05,309 - konomi.utils.schema_manager - INFO - Cleaned migrations from db_grid/E3/database.db
2024-11-19 21:22:05,309 - konomi.utils.schema_manager - INFO - Cleaned migrations from db_grid/E3/database.db
2024-11-19 21:22:05,309 - __main__ - INFO - Registering migration for database E3
2024-11-19 21:22:05,322 - konomi.utils.schema_manager - INFO - Registered migration version 1 for db_grid/E3/database.db
2024-11-19 21:22:05,322 - konomi.utils.schema_manager - INFO - Registered migration version 1 for db_grid/E3/database.db
2024-11-19 21:22:05,323 - __main__ - INFO - Applying migration for database E3
2024-11-19 21:22:05,336 - konomi.utils.schema_manager - INFO - Applied migration version 1 to db_grid/E3/database.db
2024-11-19 21:22:05,336 - konomi.utils.schema_manager - INFO - Applied migration version 1 to db_grid/E3/database.db
2024-11-19 21:22:05,336 - __main__ - INFO - Successfully applied migration for database E3
2024-11-19 21:22:05,336 - __main__ - INFO - Initializing database E4...
2024-11-19 21:22:05,337 - __main__ - INFO - Successfully initialized db_grid/E4/database.db
2024-11-19 21:22:05,350 - konomi.utils.schema_manager - INFO - Cleaned migrations from db_grid/E4/database.db
2024-11-19 21:22:05,350 - konomi.utils.schema_manager - INFO - Cleaned migrations from db_grid/E4/database.db
2024-11-19 21:22:05,350 - __main__ - INFO - Registering migration for database E4
2024-11-19 21:22:05,361 - konomi.utils.schema_manager - INFO - Registered migration version 1 for db_grid/E4/database.db
2024-11-19 21:22:05,361 - konomi.utils.schema_manager - INFO - Registered migration version 1 for db_grid/E4/database.db
2024-11-19 21:22:05,362 - __main__ - INFO - Applying migration for database E4
2024-11-19 21:22:05,374 - konomi.utils.schema_manager - INFO - Applied migration version 1 to db_grid/E4/database.db
2024-11-19 21:22:05,374 - konomi.utils.schema_manager - INFO - Applied migration version 1 to db_grid/E4/database.db
2024-11-19 21:22:05,374 - __main__ - INFO - Successfully applied migration for database E4
2024-11-19 21:22:05,374 - __main__ - INFO - Initializing database E5...
2024-11-19 21:22:05,375 - __main__ - INFO - Successfully initialized db_grid/E5/database.db
2024-11-19 21:22:05,387 - konomi.utils.schema_manager - INFO - Cleaned migrations from db_grid/E5/database.db
2024-11-19 21:22:05,387 - konomi.utils.schema_manager - INFO - Cleaned migrations from db_grid/E5/database.db
2024-11-19 21:22:05,388 - __main__ - INFO - Registering migration for database E5
2024-11-19 21:22:05,402 - konomi.utils.schema_manager - INFO - Registered migration version 1 for db_grid/E5/database.db
2024-11-19 21:22:05,402 - konomi.utils.schema_manager - INFO - Registered migration version 1 for db_grid/E5/database.db
2024-11-19 21:22:05,403 - __main__ - INFO - Applying migration for database E5
2024-11-19 21:22:05,415 - konomi.utils.schema_manager - INFO - Applied migration version 1 to db_grid/E5/database.db
2024-11-19 21:22:05,415 - konomi.utils.schema_manager - INFO - Applied migration version 1 to db_grid/E5/database.db
2024-11-19 21:22:05,415 - __main__ - INFO - Successfully applied migration for database E5
2024-11-19 21:22:05,415 - __main__ - WARNING - No schema defined for database F1
2024-11-19 21:22:05,415 - __main__ - WARNING - No schema defined for database F2
2024-11-19 21:22:05,415 - __main__ - WARNING - No schema defined for database F3
2024-11-19 21:22:05,416 - __main__ - WARNING - No schema defined for database F4
2024-11-19 21:22:05,416 - __main__ - WARNING - No schema defined for database F5
2024-11-19 21:22:05,416 - __main__ - WARNING - No schema defined for database G1
2024-11-19 21:22:05,416 - __main__ - WARNING - No schema defined for database G2
2024-11-19 21:22:05,416 - __main__ - WARNING - No schema defined for database G3
2024-11-19 21:22:05,416 - __main__ - WARNING - No schema defined for database G4
2024-11-19 21:22:05,416 - __main__ - WARNING - No schema defined for database G5
2024-11-19 21:23:38,035 - __main__ - INFO - Initializing database A1...
2024-11-19 21:23:38,036 - __main__ - INFO - Successfully initialized db_grid/A1/database.db
2024-11-19 21:23:38,052 - konomi.utils.schema_manager - INFO - Cleaned migrations from db_grid/A1/database.db
2024-11-19 21:23:38,052 - konomi.utils.schema_manager - INFO - Cleaned migrations from db_grid/A1/database.db
2024-11-19 21:23:38,052 - __main__ - INFO - Registering migration for database A1
2024-11-19 21:23:38,068 - konomi.utils.schema_manager - INFO - Registered migration version 1 for db_grid/A1/database.db
2024-11-19 21:23:38,068 - konomi.utils.schema_manager - INFO - Registered migration version 1 for db_grid/A1/database.db
2024-11-19 21:23:38,068 - __main__ - INFO - Applying migration for database A1
2024-11-19 21:23:38,083 - konomi.utils.schema_manager - INFO - Applied migration version 1 to db_grid/A1/database.db
2024-11-19 21:23:38,083 - konomi.utils.schema_manager - INFO - Applied migration version 1 to db_grid/A1/database.db
2024-11-19 21:23:38,084 - __main__ - INFO - Successfully applied migration for database A1
2024-11-19 21:23:38,084 - __main__ - INFO - Initializing database A2...
2024-11-19 21:23:38,084 - __main__ - INFO - Successfully initialized db_grid/A2/database.db
2024-11-19 21:23:38,097 - konomi.utils.schema_manager - INFO - Cleaned migrations from db_grid/A2/database.db
2024-11-19 21:23:38,097 - konomi.utils.schema_manager - INFO - Cleaned migrations from db_grid/A2/database.db
2024-11-19 21:23:38,097 - __main__ - INFO - Registering migration for database A2
2024-11-19 21:23:38,109 - konomi.utils.schema_manager - INFO - Registered migration version 1 for db_grid/A2/database.db
2024-11-19 21:23:38,109 - konomi.utils.schema_manager - INFO - Registered migration version 1 for db_grid/A2/database.db
2024-11-19 21:23:38,109 - __main__ - INFO - Applying migration for database A2
2024-11-19 21:23:38,123 - konomi.utils.schema_manager - INFO - Applied migration version 1 to db_grid/A2/database.db
2024-11-19 21:23:38,123 - konomi.utils.schema_manager - INFO - Applied migration version 1 to db_grid/A2/database.db
2024-11-19 21:23:38,124 - __main__ - INFO - Successfully applied migration for database A2
2024-11-19 21:23:38,124 - __main__ - INFO - Initializing database A3...
2024-11-19 21:23:38,125 - __main__ - INFO - Successfully initialized db_grid/A3/database.db
2024-11-19 21:23:38,139 - konomi.utils.schema_manager - INFO - Cleaned migrations from db_grid/A3/database.db
2024-11-19 21:23:38,139 - konomi.utils.schema_manager - INFO - Cleaned migrations from db_grid/A3/database.db
2024-11-19 21:23:38,140 - __main__ - INFO - Registering migration for database A3
2024-11-19 21:23:38,276 - __main__ - INFO - Initializing database A1...
2024-11-19 21:23:38,282 - __main__ - INFO - Successfully initialized db_grid/A1/database.db
2024-11-19 21:23:38,294 - konomi.utils.schema_manager - INFO - Cleaned migrations from db_grid/A1/database.db
2024-11-19 21:23:38,294 - konomi.utils.schema_manager - INFO - Cleaned migrations from db_grid/A1/database.db
2024-11-19 21:23:38,295 - __main__ - INFO - Registering migration for database A1
2024-11-19 21:23:38,307 - konomi.utils.schema_manager - INFO - Registered migration version 1 for db_grid/A1/database.db
2024-11-19 21:23:38,307 - konomi.utils.schema_manager - INFO - Registered migration version 1 for db_grid/A1/database.db
2024-11-19 21:23:38,308 - __main__ - INFO - Applying migration for database A1
2024-11-19 21:23:38,324 - konomi.utils.schema_manager - INFO - Applied migration version 1 to db_grid/A1/database.db
2024-11-19 21:23:38,324 - konomi.utils.schema_manager - INFO - Applied migration version 1 to db_grid/A1/database.db
2024-11-19 21:23:38,324 - __main__ - INFO - Successfully applied migration for database A1
2024-11-19 21:23:38,324 - __main__ - INFO - Initializing database A2...
2024-11-19 21:23:38,325 - __main__ - INFO - Successfully initialized db_grid/A2/database.db
2024-11-19 21:23:38,339 - konomi.utils.schema_manager - INFO - Cleaned migrations from db_grid/A2/database.db
2024-11-19 21:23:38,339 - konomi.utils.schema_manager - INFO - Cleaned migrations from db_grid/A2/database.db
2024-11-19 21:23:38,339 - __main__ - INFO - Registering migration for database A2
2024-11-19 21:23:38,353 - konomi.utils.schema_manager - INFO - Registered migration version 1 for db_grid/A2/database.db
2024-11-19 21:23:38,353 - konomi.utils.schema_manager - INFO - Registered migration version 1 for db_grid/A2/database.db
2024-11-19 21:23:38,353 - __main__ - INFO - Applying migration for database A2
2024-11-19 21:23:38,365 - konomi.utils.schema_manager - INFO - Applied migration version 1 to db_grid/A2/database.db
2024-11-19 21:23:38,365 - konomi.utils.schema_manager - INFO - Applied migration version 1 to db_grid/A2/database.db
2024-11-19 21:23:38,366 - __main__ - INFO - Successfully applied migration for database A2
2024-11-19 21:23:38,366 - __main__ - INFO - Initializing database A3...
2024-11-19 21:23:38,366 - __main__ - INFO - Successfully initialized db_grid/A3/database.db
2024-11-19 21:23:38,390 - konomi.utils.schema_manager - INFO - Cleaned migrations from db_grid/A3/database.db
2024-11-19 21:23:38,390 - konomi.utils.schema_manager - INFO - Cleaned migrations from db_grid/A3/database.db
2024-11-19 21:23:38,391 - __main__ - INFO - Registering migration for database A3
2024-11-19 21:23:38,405 - konomi.utils.schema_manager - INFO - Registered migration version 1 for db_grid/A3/database.db
2024-11-19 21:23:38,405 - konomi.utils.schema_manager - INFO - Registered migration version 1 for db_grid/A3/database.db
2024-11-19 21:23:38,406 - __main__ - INFO - Applying migration for database A3
2024-11-19 21:23:38,422 - konomi.utils.schema_manager - INFO - Applied migration version 1 to db_grid/A3/database.db
2024-11-19 21:23:38,422 - konomi.utils.schema_manager - INFO - Applied migration version 1 to db_grid/A3/database.db
2024-11-19 21:23:38,422 - __main__ - INFO - Successfully applied migration for database A3
2024-11-19 21:23:38,422 - __main__ - INFO - Initializing database A4...
2024-11-19 21:23:38,423 - __main__ - INFO - Successfully initialized db_grid/A4/database.db
2024-11-19 21:23:38,435 - konomi.utils.schema_manager - INFO - Cleaned migrations from db_grid/A4/database.db
2024-11-19 21:23:38,435 - konomi.utils.schema_manager - INFO - Cleaned migrations from db_grid/A4/database.db
2024-11-19 21:23:38,436 - __main__ - INFO - Registering migration for database A4
2024-11-19 21:23:38,449 - konomi.utils.schema_manager - INFO - Registered migration version 1 for db_grid/A4/database.db
2024-11-19 21:23:38,449 - konomi.utils.schema_manager - INFO - Registered migration version 1 for db_grid/A4/database.db
2024-11-19 21:23:38,449 - __main__ - INFO - Applying migration for database A4
2024-11-19 21:23:38,461 - konomi.utils.schema_manager - INFO - Applied migration version 1 to db_grid/A4/database.db
2024-11-19 21:23:38,461 - konomi.utils.schema_manager - INFO - Applied migration version 1 to db_grid/A4/database.db
2024-11-19 21:23:38,461 - __main__ - INFO - Successfully applied migration for database A4
2024-11-19 21:23:38,461 - __main__ - INFO - Initializing database A5...
2024-11-19 21:23:38,461 - __main__ - INFO - Successfully initialized db_grid/A5/database.db
2024-11-19 21:23:38,472 - konomi.utils.schema_manager - INFO - Cleaned migrations from db_grid/A5/database.db
2024-11-19 21:23:38,472 - konomi.utils.schema_manager - INFO - Cleaned migrations from db_grid/A5/database.db
2024-11-19 21:23:38,472 - __main__ - INFO - Registering migration for database A5
2024-11-19 21:23:38,647 - konomi.utils.schema_manager - INFO - Registered migration version 1 for db_grid/A5/database.db
2024-11-19 21:23:38,647 - konomi.utils.schema_manager - INFO - Registered migration version 1 for db_grid/A5/database.db
2024-11-19 21:23:38,649 - __main__ - INFO - Applying migration for database A5
2024-11-19 21:23:38,661 - konomi.utils.schema_manager - INFO - Applied migration version 1 to db_grid/A5/database.db
2024-11-19 21:23:38,661 - konomi.utils.schema_manager - INFO - Applied migration version 1 to db_grid/A5/database.db
2024-11-19 21:23:38,662 - __main__ - INFO - Successfully applied migration for database A5
2024-11-19 21:23:38,662 - __main__ - INFO - Initializing database B1...
2024-11-19 21:23:38,662 - __main__ - INFO - Successfully initialized db_grid/B1/database.db
2024-11-19 21:23:38,672 - konomi.utils.schema_manager - INFO - Cleaned migrations from db_grid/B1/database.db
2024-11-19 21:23:38,672 - konomi.utils.schema_manager - INFO - Cleaned migrations from db_grid/B1/database.db
2024-11-19 21:23:38,672 - __main__ - INFO - Registering migration for database B1
2024-11-19 21:23:38,692 - konomi.utils.schema_manager - INFO - Registered migration version 1 for db_grid/B1/database.db
2024-11-19 21:23:38,692 - konomi.utils.schema_manager - INFO - Registered migration version 1 for db_grid/B1/database.db
2024-11-19 21:23:38,692 - __main__ - INFO - Applying migration for database B1
2024-11-19 21:23:38,703 - konomi.utils.schema_manager - INFO - Applied migration version 1 to db_grid/B1/database.db
2024-11-19 21:23:38,703 - konomi.utils.schema_manager - INFO - Applied migration version 1 to db_grid/B1/database.db
2024-11-19 21:23:38,703 - __main__ - INFO - Successfully applied migration for database B1
2024-11-19 21:23:38,703 - __main__ - INFO - Initializing database B2...
2024-11-19 21:23:38,703 - __main__ - INFO - Successfully initialized db_grid/B2/database.db
2024-11-19 21:23:38,717 - konomi.utils.schema_manager - INFO - Cleaned migrations from db_grid/B2/database.db
2024-11-19 21:23:38,717 - konomi.utils.schema_manager - INFO - Cleaned migrations from db_grid/B2/database.db
2024-11-19 21:23:38,717 - __main__ - INFO - Registering migration for database B2
2024-11-19 21:23:38,729 - konomi.utils.schema_manager - INFO - Registered migration version 1 for db_grid/B2/database.db
2024-11-19 21:23:38,729 - konomi.utils.schema_manager - INFO - Registered migration version 1 for db_grid/B2/database.db
2024-11-19 21:23:38,730 - __main__ - INFO - Applying migration for database B2
2024-11-19 21:23:38,747 - konomi.utils.schema_manager - INFO - Applied migration version 1 to db_grid/B2/database.db
2024-11-19 21:23:38,747 - konomi.utils.schema_manager - INFO - Applied migration version 1 to db_grid/B2/database.db
2024-11-19 21:23:38,748 - __main__ - INFO - Successfully applied migration for database B2
2024-11-19 21:23:38,748 - __main__ - INFO - Initializing database B3...
2024-11-19 21:23:38,748 - __main__ - INFO - Successfully initialized db_grid/B3/database.db
2024-11-19 21:23:38,768 - konomi.utils.schema_manager - INFO - Cleaned migrations from db_grid/B3/database.db
2024-11-19 21:23:38,768 - konomi.utils.schema_manager - INFO - Cleaned migrations from db_grid/B3/database.db
2024-11-19 21:23:38,769 - __main__ - INFO - Registering migration for database B3
2024-11-19 21:23:38,786 - konomi.utils.schema_manager - INFO - Registered migration version 1 for db_grid/B3/database.db
2024-11-19 21:23:38,786 - konomi.utils.schema_manager - INFO - Registered migration version 1 for db_grid/B3/database.db
2024-11-19 21:23:38,786 - __main__ - INFO - Applying migration for database B3
2024-11-19 21:23:38,802 - konomi.utils.schema_manager - INFO - Applied migration version 1 to db_grid/B3/database.db
2024-11-19 21:23:38,802 - konomi.utils.schema_manager - INFO - Applied migration version 1 to db_grid/B3/database.db
2024-11-19 21:23:38,802 - __main__ - INFO - Successfully applied migration for database B3
2024-11-19 21:23:38,802 - __main__ - INFO - Initializing database B4...
2024-11-19 21:23:38,803 - __main__ - INFO - Successfully initialized db_grid/B4/database.db
2024-11-19 21:23:38,817 - konomi.utils.schema_manager - INFO - Cleaned migrations from db_grid/B4/database.db
2024-11-19 21:23:38,817 - konomi.utils.schema_manager - INFO - Cleaned migrations from db_grid/B4/database.db
2024-11-19 21:23:38,817 - __main__ - INFO - Registering migration for database B4
2024-11-19 21:23:38,836 - konomi.utils.schema_manager - INFO - Registered migration version 1 for db_grid/B4/database.db
2024-11-19 21:23:38,836 - konomi.utils.schema_manager - INFO - Registered migration version 1 for db_grid/B4/database.db
2024-11-19 21:23:38,837 - __main__ - INFO - Applying migration for database B4
2024-11-19 21:23:38,854 - konomi.utils.schema_manager - INFO - Applied migration version 1 to db_grid/B4/database.db
2024-11-19 21:23:38,854 - konomi.utils.schema_manager - INFO - Applied migration version 1 to db_grid/B4/database.db
2024-11-19 21:23:38,854 - __main__ - INFO - Successfully applied migration for database B4
2024-11-19 21:23:38,854 - __main__ - INFO - Initializing database B5...
2024-11-19 21:23:38,855 - __main__ - INFO - Successfully initialized db_grid/B5/database.db
2024-11-19 21:23:38,871 - konomi.utils.schema_manager - INFO - Cleaned migrations from db_grid/B5/database.db
2024-11-19 21:23:38,871 - konomi.utils.schema_manager - INFO - Cleaned migrations from db_grid/B5/database.db
2024-11-19 21:23:38,871 - __main__ - INFO - Registering migration for database B5
2024-11-19 21:23:38,885 - konomi.utils.schema_manager - INFO - Registered migration version 1 for db_grid/B5/database.db
2024-11-19 21:23:38,885 - konomi.utils.schema_manager - INFO - Registered migration version 1 for db_grid/B5/database.db
2024-11-19 21:23:38,885 - __main__ - INFO - Applying migration for database B5
2024-11-19 21:23:38,897 - konomi.utils.schema_manager - INFO - Applied migration version 1 to db_grid/B5/database.db
2024-11-19 21:23:38,897 - konomi.utils.schema_manager - INFO - Applied migration version 1 to db_grid/B5/database.db
2024-11-19 21:23:38,897 - __main__ - INFO - Successfully applied migration for database B5
2024-11-19 21:23:38,897 - __main__ - INFO - Initializing database C1...
2024-11-19 21:23:38,898 - __main__ - INFO - Successfully initialized db_grid/C1/database.db
2024-11-19 21:23:38,916 - konomi.utils.schema_manager - INFO - Cleaned migrations from db_grid/C1/database.db
2024-11-19 21:23:38,916 - konomi.utils.schema_manager - INFO - Cleaned migrations from db_grid/C1/database.db
2024-11-19 21:23:38,916 - __main__ - INFO - Registering migration for database C1
2024-11-19 21:23:38,931 - konomi.utils.schema_manager - INFO - Registered migration version 1 for db_grid/C1/database.db
2024-11-19 21:23:38,931 - konomi.utils.schema_manager - INFO - Registered migration version 1 for db_grid/C1/database.db
2024-11-19 21:23:38,931 - __main__ - INFO - Applying migration for database C1
2024-11-19 21:23:38,949 - konomi.utils.schema_manager - INFO - Applied migration version 1 to db_grid/C1/database.db
2024-11-19 21:23:38,949 - konomi.utils.schema_manager - INFO - Applied migration version 1 to db_grid/C1/database.db
2024-11-19 21:23:38,949 - __main__ - INFO - Successfully applied migration for database C1
2024-11-19 21:23:38,949 - __main__ - INFO - Initializing database C2...
2024-11-19 21:23:38,950 - __main__ - INFO - Successfully initialized db_grid/C2/database.db
2024-11-19 21:23:38,969 - konomi.utils.schema_manager - INFO - Cleaned migrations from db_grid/C2/database.db
2024-11-19 21:23:38,969 - konomi.utils.schema_manager - INFO - Cleaned migrations from db_grid/C2/database.db
2024-11-19 21:23:38,969 - __main__ - INFO - Registering migration for database C2
2024-11-19 21:23:38,998 - konomi.utils.schema_manager - INFO - Registered migration version 1 for db_grid/C2/database.db
2024-11-19 21:23:38,998 - konomi.utils.schema_manager - INFO - Registered migration version 1 for db_grid/C2/database.db
2024-11-19 21:23:38,999 - __main__ - INFO - Applying migration for database C2
2024-11-19 21:23:39,024 - konomi.utils.schema_manager - INFO - Applied migration version 1 to db_grid/C2/database.db
2024-11-19 21:23:39,024 - konomi.utils.schema_manager - INFO - Applied migration version 1 to db_grid/C2/database.db
2024-11-19 21:23:39,024 - __main__ - INFO - Successfully applied migration for database C2
2024-11-19 21:23:39,024 - __main__ - INFO - Initializing database C3...
2024-11-19 21:23:39,025 - __main__ - INFO - Successfully initialized db_grid/C3/database.db
2024-11-19 21:23:39,038 - konomi.utils.schema_manager - INFO - Cleaned migrations from db_grid/C3/database.db
2024-11-19 21:23:39,038 - konomi.utils.schema_manager - INFO - Cleaned migrations from db_grid/C3/database.db
2024-11-19 21:23:39,038 - __main__ - INFO - Registering migration for database C3
2024-11-19 21:23:39,049 - konomi.utils.schema_manager - INFO - Registered migration version 1 for db_grid/C3/database.db
2024-11-19 21:23:39,049 - konomi.utils.schema_manager - INFO - Registered migration version 1 for db_grid/C3/database.db
2024-11-19 21:23:39,049 - __main__ - INFO - Applying migration for database C3
2024-11-19 21:23:39,063 - konomi.utils.schema_manager - INFO - Applied migration version 1 to db_grid/C3/database.db
2024-11-19 21:23:39,063 - konomi.utils.schema_manager - INFO - Applied migration version 1 to db_grid/C3/database.db
2024-11-19 21:23:39,064 - __main__ - INFO - Successfully applied migration for database C3
2024-11-19 21:23:39,064 - __main__ - INFO - Initializing database C4...
2024-11-19 21:23:39,065 - __main__ - INFO - Successfully initialized db_grid/C4/database.db
2024-11-19 21:23:39,084 - konomi.utils.schema_manager - INFO - Cleaned migrations from db_grid/C4/database.db
2024-11-19 21:23:39,084 - konomi.utils.schema_manager - INFO - Cleaned migrations from db_grid/C4/database.db
2024-11-19 21:23:39,084 - __main__ - INFO - Registering migration for database C4
2024-11-19 21:23:39,099 - konomi.utils.schema_manager - INFO - Registered migration version 1 for db_grid/C4/database.db
2024-11-19 21:23:39,099 - konomi.utils.schema_manager - INFO - Registered migration version 1 for db_grid/C4/database.db
2024-11-19 21:23:39,100 - __main__ - INFO - Applying migration for database C4
2024-11-19 21:23:39,118 - konomi.utils.schema_manager - INFO - Applied migration version 1 to db_grid/C4/database.db
2024-11-19 21:23:39,118 - konomi.utils.schema_manager - INFO - Applied migration version 1 to db_grid/C4/database.db
2024-11-19 21:23:39,119 - __main__ - INFO - Successfully applied migration for database C4
2024-11-19 21:23:39,119 - __main__ - INFO - Initializing database C5...
2024-11-19 21:23:39,119 - __main__ - INFO - Successfully initialized db_grid/C5/database.db
2024-11-19 21:23:39,132 - konomi.utils.schema_manager - INFO - Cleaned migrations from db_grid/C5/database.db
2024-11-19 21:23:39,132 - konomi.utils.schema_manager - INFO - Cleaned migrations from db_grid/C5/database.db
2024-11-19 21:23:39,133 - __main__ - INFO - Registering migration for database C5
2024-11-19 21:23:39,149 - konomi.utils.schema_manager - INFO - Registered migration version 1 for db_grid/C5/database.db
2024-11-19 21:23:39,149 - konomi.utils.schema_manager - INFO - Registered migration version 1 for db_grid/C5/database.db
2024-11-19 21:23:39,149 - __main__ - INFO - Applying migration for database C5
2024-11-19 21:23:39,163 - konomi.utils.schema_manager - INFO - Applied migration version 1 to db_grid/C5/database.db
2024-11-19 21:23:39,163 - konomi.utils.schema_manager - INFO - Applied migration version 1 to db_grid/C5/database.db
2024-11-19 21:23:39,164 - __main__ - INFO - Successfully applied migration for database C5
2024-11-19 21:23:39,164 - __main__ - INFO - Initializing database D1...
2024-11-19 21:23:39,164 - __main__ - INFO - Successfully initialized db_grid/D1/database.db
2024-11-19 21:23:39,179 - konomi.utils.schema_manager - INFO - Cleaned migrations from db_grid/D1/database.db
2024-11-19 21:23:39,179 - konomi.utils.schema_manager - INFO - Cleaned migrations from db_grid/D1/database.db
2024-11-19 21:23:39,179 - __main__ - INFO - Registering migration for database D1
2024-11-19 21:23:39,194 - konomi.utils.schema_manager - INFO - Registered migration version 1 for db_grid/D1/database.db
2024-11-19 21:23:39,194 - konomi.utils.schema_manager - INFO - Registered migration version 1 for db_grid/D1/database.db
2024-11-19 21:23:39,195 - __main__ - INFO - Applying migration for database D1
2024-11-19 21:23:39,206 - konomi.utils.schema_manager - INFO - Applied migration version 1 to db_grid/D1/database.db
2024-11-19 21:23:39,206 - konomi.utils.schema_manager - INFO - Applied migration version 1 to db_grid/D1/database.db
2024-11-19 21:23:39,206 - __main__ - INFO - Successfully applied migration for database D1
2024-11-19 21:23:39,207 - __main__ - INFO - Initializing database D2...
2024-11-19 21:23:39,207 - __main__ - INFO - Successfully initialized db_grid/D2/database.db
2024-11-19 21:23:39,230 - konomi.utils.schema_manager - INFO - Cleaned migrations from db_grid/D2/database.db
2024-11-19 21:23:39,230 - konomi.utils.schema_manager - INFO - Cleaned migrations from db_grid/D2/database.db
2024-11-19 21:23:39,230 - __main__ - INFO - Registering migration for database D2
2024-11-19 21:23:39,249 - konomi.utils.schema_manager - INFO - Registered migration version 1 for db_grid/D2/database.db
2024-11-19 21:23:39,249 - konomi.utils.schema_manager - INFO - Registered migration version 1 for db_grid/D2/database.db
2024-11-19 21:23:39,249 - __main__ - INFO - Applying migration for database D2
2024-11-19 21:23:39,264 - konomi.utils.schema_manager - INFO - Applied migration version 1 to db_grid/D2/database.db
2024-11-19 21:23:39,264 - konomi.utils.schema_manager - INFO - Applied migration version 1 to db_grid/D2/database.db
2024-11-19 21:23:39,264 - __main__ - INFO - Successfully applied migration for database D2
2024-11-19 21:23:39,265 - __main__ - INFO - Initializing database D3...
2024-11-19 21:23:39,265 - __main__ - INFO - Successfully initialized db_grid/D3/database.db
2024-11-19 21:23:39,275 - konomi.utils.schema_manager - INFO - Cleaned migrations from db_grid/D3/database.db
2024-11-19 21:23:39,275 - konomi.utils.schema_manager - INFO - Cleaned migrations from db_grid/D3/database.db
2024-11-19 21:23:39,276 - __main__ - INFO - Registering migration for database D3
2024-11-19 21:23:39,292 - konomi.utils.schema_manager - INFO - Registered migration version 1 for db_grid/D3/database.db
2024-11-19 21:23:39,292 - konomi.utils.schema_manager - INFO - Registered migration version 1 for db_grid/D3/database.db
2024-11-19 21:23:39,292 - __main__ - INFO - Applying migration for database D3
2024-11-19 21:23:39,311 - konomi.utils.schema_manager - INFO - Applied migration version 1 to db_grid/D3/database.db
2024-11-19 21:23:39,311 - konomi.utils.schema_manager - INFO - Applied migration version 1 to db_grid/D3/database.db
2024-11-19 21:23:39,311 - __main__ - INFO - Successfully applied migration for database D3
2024-11-19 21:23:39,311 - __main__ - INFO - Initializing database D4...
2024-11-19 21:23:39,312 - __main__ - INFO - Successfully initialized db_grid/D4/database.db
2024-11-19 21:23:39,330 - konomi.utils.schema_manager - INFO - Cleaned migrations from db_grid/D4/database.db
2024-11-19 21:23:39,330 - konomi.utils.schema_manager - INFO - Cleaned migrations from db_grid/D4/database.db
2024-11-19 21:23:39,331 - __main__ - INFO - Registering migration for database D4
2024-11-19 21:23:39,341 - konomi.utils.schema_manager - INFO - Registered migration version 1 for db_grid/D4/database.db
2024-11-19 21:23:39,341 - konomi.utils.schema_manager - INFO - Registered migration version 1 for db_grid/D4/database.db
2024-11-19 21:23:39,341 - __main__ - INFO - Applying migration for database D4
2024-11-19 21:23:39,352 - konomi.utils.schema_manager - INFO - Applied migration version 1 to db_grid/D4/database.db
2024-11-19 21:23:39,352 - konomi.utils.schema_manager - INFO - Applied migration version 1 to db_grid/D4/database.db
2024-11-19 21:23:39,353 - __main__ - INFO - Successfully applied migration for database D4
2024-11-19 21:23:39,353 - __main__ - INFO - Initializing database D5...
2024-11-19 21:23:39,353 - __main__ - INFO - Successfully initialized db_grid/D5/database.db
2024-11-19 21:23:39,368 - konomi.utils.schema_manager - INFO - Cleaned migrations from db_grid/D5/database.db
2024-11-19 21:23:39,368 - konomi.utils.schema_manager - INFO - Cleaned migrations from db_grid/D5/database.db
2024-11-19 21:23:39,368 - __main__ - INFO - Registering migration for database D5
2024-11-19 21:23:39,385 - konomi.utils.schema_manager - INFO - Registered migration version 1 for db_grid/D5/database.db
2024-11-19 21:23:39,385 - konomi.utils.schema_manager - INFO - Registered migration version 1 for db_grid/D5/database.db
2024-11-19 21:23:39,385 - __main__ - INFO - Applying migration for database D5
2024-11-19 21:23:39,397 - konomi.utils.schema_manager - INFO - Applied migration version 1 to db_grid/D5/database.db
2024-11-19 21:23:39,397 - konomi.utils.schema_manager - INFO - Applied migration version 1 to db_grid/D5/database.db
2024-11-19 21:23:39,398 - __main__ - INFO - Successfully applied migration for database D5
2024-11-19 21:23:39,398 - __main__ - INFO - Initializing database E1...
2024-11-19 21:23:39,398 - __main__ - INFO - Successfully initialized db_grid/E1/database.db
2024-11-19 21:23:39,412 - konomi.utils.schema_manager - INFO - Cleaned migrations from db_grid/E1/database.db
2024-11-19 21:23:39,412 - konomi.utils.schema_manager - INFO - Cleaned migrations from db_grid/E1/database.db
2024-11-19 21:23:39,412 - __main__ - INFO - Registering migration for database E1
2024-11-19 21:23:39,425 - konomi.utils.schema_manager - INFO - Registered migration version 1 for db_grid/E1/database.db
2024-11-19 21:23:39,425 - konomi.utils.schema_manager - INFO - Registered migration version 1 for db_grid/E1/database.db
2024-11-19 21:23:39,425 - __main__ - INFO - Applying migration for database E1
2024-11-19 21:23:39,441 - konomi.utils.schema_manager - INFO - Applied migration version 1 to db_grid/E1/database.db
2024-11-19 21:23:39,441 - konomi.utils.schema_manager - INFO - Applied migration version 1 to db_grid/E1/database.db
2024-11-19 21:23:39,441 - __main__ - INFO - Successfully applied migration for database E1
2024-11-19 21:23:39,441 - __main__ - INFO - Initializing database E2...
2024-11-19 21:23:39,442 - __main__ - INFO - Successfully initialized db_grid/E2/database.db
2024-11-19 21:23:39,455 - konomi.utils.schema_manager - INFO - Cleaned migrations from db_grid/E2/database.db
2024-11-19 21:23:39,455 - konomi.utils.schema_manager - INFO - Cleaned migrations from db_grid/E2/database.db
2024-11-19 21:23:39,455 - __main__ - INFO - Registering migration for database E2
2024-11-19 21:23:39,465 - konomi.utils.schema_manager - INFO - Registered migration version 1 for db_grid/E2/database.db
2024-11-19 21:23:39,465 - konomi.utils.schema_manager - INFO - Registered migration version 1 for db_grid/E2/database.db
2024-11-19 21:23:39,465 - __main__ - INFO - Applying migration for database E2
2024-11-19 21:23:39,491 - konomi.utils.schema_manager - INFO - Applied migration version 1 to db_grid/E2/database.db
2024-11-19 21:23:39,491 - konomi.utils.schema_manager - INFO - Applied migration version 1 to db_grid/E2/database.db
2024-11-19 21:23:39,491 - __main__ - INFO - Successfully applied migration for database E2
2024-11-19 21:23:39,491 - __main__ - INFO - Initializing database E3...
2024-11-19 21:23:39,492 - __main__ - INFO - Successfully initialized db_grid/E3/database.db
2024-11-19 21:23:39,508 - konomi.utils.schema_manager - INFO - Cleaned migrations from db_grid/E3/database.db
2024-11-19 21:23:39,508 - konomi.utils.schema_manager - INFO - Cleaned migrations from db_grid/E3/database.db
2024-11-19 21:23:39,508 - __main__ - INFO - Registering migration for database E3
2024-11-19 21:23:39,521 - konomi.utils.schema_manager - INFO - Registered migration version 1 for db_grid/E3/database.db
2024-11-19 21:23:39,521 - konomi.utils.schema_manager - INFO - Registered migration version 1 for db_grid/E3/database.db
2024-11-19 21:23:39,521 - __main__ - INFO - Applying migration for database E3
2024-11-19 21:23:39,533 - konomi.utils.schema_manager - INFO - Applied migration version 1 to db_grid/E3/database.db
2024-11-19 21:23:39,533 - konomi.utils.schema_manager - INFO - Applied migration version 1 to db_grid/E3/database.db
2024-11-19 21:23:39,534 - __main__ - INFO - Successfully applied migration for database E3
2024-11-19 21:23:39,534 - __main__ - INFO - Initializing database E4...
2024-11-19 21:23:39,534 - __main__ - INFO - Successfully initialized db_grid/E4/database.db
2024-11-19 21:23:39,545 - konomi.utils.schema_manager - INFO - Cleaned migrations from db_grid/E4/database.db
2024-11-19 21:23:39,545 - konomi.utils.schema_manager - INFO - Cleaned migrations from db_grid/E4/database.db
2024-11-19 21:23:39,546 - __main__ - INFO - Registering migration for database E4
2024-11-19 21:23:39,560 - konomi.utils.schema_manager - INFO - Registered migration version 1 for db_grid/E4/database.db
2024-11-19 21:23:39,560 - konomi.utils.schema_manager - INFO - Registered migration version 1 for db_grid/E4/database.db
2024-11-19 21:23:39,560 - __main__ - INFO - Applying migration for database E4
2024-11-19 21:23:39,573 - konomi.utils.schema_manager - INFO - Applied migration version 1 to db_grid/E4/database.db
2024-11-19 21:23:39,573 - konomi.utils.schema_manager - INFO - Applied migration version 1 to db_grid/E4/database.db
2024-11-19 21:23:39,573 - __main__ - INFO - Successfully applied migration for database E4
2024-11-19 21:23:39,574 - __main__ - INFO - Initializing database E5...
2024-11-19 21:23:39,574 - __main__ - INFO - Successfully initialized db_grid/E5/database.db
2024-11-19 21:23:39,588 - konomi.utils.schema_manager - INFO - Cleaned migrations from db_grid/E5/database.db
2024-11-19 21:23:39,588 - konomi.utils.schema_manager - INFO - Cleaned migrations from db_grid/E5/database.db
2024-11-19 21:23:39,588 - __main__ - INFO - Registering migration for database E5
2024-11-19 21:23:39,602 - konomi.utils.schema_manager - INFO - Registered migration version 1 for db_grid/E5/database.db
2024-11-19 21:23:39,602 - konomi.utils.schema_manager - INFO - Registered migration version 1 for db_grid/E5/database.db
2024-11-19 21:23:39,602 - __main__ - INFO - Applying migration for database E5
2024-11-19 21:23:39,612 - konomi.utils.schema_manager - INFO - Applied migration version 1 to db_grid/E5/database.db
2024-11-19 21:23:39,612 - konomi.utils.schema_manager - INFO - Applied migration version 1 to db_grid/E5/database.db
2024-11-19 21:23:39,613 - __main__ - INFO - Successfully applied migration for database E5
2024-11-19 21:23:39,613 - __main__ - INFO - Initializing database F1...
2024-11-19 21:23:39,614 - __main__ - INFO - Successfully initialized db_grid/F1/database.db
2024-11-19 21:23:39,631 - konomi.utils.schema_manager - INFO - Cleaned migrations from db_grid/F1/database.db
2024-11-19 21:23:39,631 - konomi.utils.schema_manager - INFO - Cleaned migrations from db_grid/F1/database.db
2024-11-19 21:23:39,631 - __main__ - INFO - Registering migration for database F1
2024-11-19 21:23:39,646 - konomi.utils.schema_manager - INFO - Registered migration version 1 for db_grid/F1/database.db
2024-11-19 21:23:39,646 - konomi.utils.schema_manager - INFO - Registered migration version 1 for db_grid/F1/database.db
2024-11-19 21:23:39,647 - __main__ - INFO - Applying migration for database F1
2024-11-19 21:23:39,660 - konomi.utils.schema_manager - INFO - Applied migration version 1 to db_grid/F1/database.db
2024-11-19 21:23:39,660 - konomi.utils.schema_manager - INFO - Applied migration version 1 to db_grid/F1/database.db
2024-11-19 21:23:39,661 - __main__ - INFO - Successfully applied migration for database F1
2024-11-19 21:23:39,661 - __main__ - INFO - Initializing database F2...
2024-11-19 21:23:39,662 - __main__ - INFO - Successfully initialized db_grid/F2/database.db
2024-11-19 21:23:39,680 - konomi.utils.schema_manager - INFO - Cleaned migrations from db_grid/F2/database.db
2024-11-19 21:23:39,680 - konomi.utils.schema_manager - INFO - Cleaned migrations from db_grid/F2/database.db
2024-11-19 21:23:39,681 - __main__ - INFO - Registering migration for database F2
2024-11-19 21:23:39,697 - konomi.utils.schema_manager - INFO - Registered migration version 1 for db_grid/F2/database.db
2024-11-19 21:23:39,697 - konomi.utils.schema_manager - INFO - Registered migration version 1 for db_grid/F2/database.db
2024-11-19 21:23:39,698 - __main__ - INFO - Applying migration for database F2
2024-11-19 21:23:39,710 - konomi.utils.schema_manager - INFO - Applied migration version 1 to db_grid/F2/database.db
2024-11-19 21:23:39,710 - konomi.utils.schema_manager - INFO - Applied migration version 1 to db_grid/F2/database.db
2024-11-19 21:23:39,711 - __main__ - INFO - Successfully applied migration for database F2
2024-11-19 21:23:39,711 - __main__ - INFO - Initializing database F3...
2024-11-19 21:23:39,712 - __main__ - INFO - Successfully initialized db_grid/F3/database.db
2024-11-19 21:23:39,728 - konomi.utils.schema_manager - INFO - Cleaned migrations from db_grid/F3/database.db
2024-11-19 21:23:39,728 - konomi.utils.schema_manager - INFO - Cleaned migrations from db_grid/F3/database.db
2024-11-19 21:23:39,728 - __main__ - INFO - Registering migration for database F3
2024-11-19 21:23:39,741 - konomi.utils.schema_manager - INFO - Registered migration version 1 for db_grid/F3/database.db
2024-11-19 21:23:39,741 - konomi.utils.schema_manager - INFO - Registered migration version 1 for db_grid/F3/database.db
2024-11-19 21:23:39,741 - __main__ - INFO - Applying migration for database F3
2024-11-19 21:23:39,753 - konomi.utils.schema_manager - INFO - Applied migration version 1 to db_grid/F3/database.db
2024-11-19 21:23:39,753 - konomi.utils.schema_manager - INFO - Applied migration version 1 to db_grid/F3/database.db
2024-11-19 21:23:39,753 - __main__ - INFO - Successfully applied migration for database F3
2024-11-19 21:23:39,753 - __main__ - INFO - Initializing database F4...
2024-11-19 21:23:39,754 - __main__ - INFO - Successfully initialized db_grid/F4/database.db
2024-11-19 21:23:39,906 - konomi.utils.schema_manager - INFO - Cleaned migrations from db_grid/F4/database.db
2024-11-19 21:23:39,906 - konomi.utils.schema_manager - INFO - Cleaned migrations from db_grid/F4/database.db
2024-11-19 21:23:39,907 - __main__ - INFO - Registering migration for database F4
2024-11-19 21:23:39,921 - konomi.utils.schema_manager - INFO - Registered migration version 1 for db_grid/F4/database.db
2024-11-19 21:23:39,921 - konomi.utils.schema_manager - INFO - Registered migration version 1 for db_grid/F4/database.db
2024-11-19 21:23:39,921 - __main__ - INFO - Applying migration for database F4
2024-11-19 21:23:39,934 - konomi.utils.schema_manager - INFO - Applied migration version 1 to db_grid/F4/database.db
2024-11-19 21:23:39,934 - konomi.utils.schema_manager - INFO - Applied migration version 1 to db_grid/F4/database.db
2024-11-19 21:23:39,934 - __main__ - INFO - Successfully applied migration for database F4
2024-11-19 21:23:39,934 - __main__ - INFO - Initializing database F5...
2024-11-19 21:23:39,937 - __main__ - INFO - Successfully initialized db_grid/F5/database.db
2024-11-19 21:23:39,953 - konomi.utils.schema_manager - INFO - Cleaned migrations from db_grid/F5/database.db
2024-11-19 21:23:39,953 - konomi.utils.schema_manager - INFO - Cleaned migrations from db_grid/F5/database.db
2024-11-19 21:23:39,953 - __main__ - INFO - Registering migration for database F5
2024-11-19 21:23:39,971 - konomi.utils.schema_manager - INFO - Registered migration version 1 for db_grid/F5/database.db
2024-11-19 21:23:39,971 - konomi.utils.schema_manager - INFO - Registered migration version 1 for db_grid/F5/database.db
2024-11-19 21:23:39,972 - __main__ - INFO - Applying migration for database F5
2024-11-19 21:23:39,985 - konomi.utils.schema_manager - INFO - Applied migration version 1 to db_grid/F5/database.db
2024-11-19 21:23:39,985 - konomi.utils.schema_manager - INFO - Applied migration version 1 to db_grid/F5/database.db
2024-11-19 21:23:39,985 - __main__ - INFO - Successfully applied migration for database F5
2024-11-19 21:23:39,985 - __main__ - INFO - Initializing database G1...
2024-11-19 21:23:39,986 - __main__ - INFO - Successfully initialized db_grid/G1/database.db
2024-11-19 21:23:40,000 - konomi.utils.schema_manager - INFO - Cleaned migrations from db_grid/G1/database.db
2024-11-19 21:23:40,000 - konomi.utils.schema_manager - INFO - Cleaned migrations from db_grid/G1/database.db
2024-11-19 21:23:40,000 - __main__ - INFO - Registering migration for database G1
2024-11-19 21:23:40,018 - konomi.utils.schema_manager - INFO - Registered migration version 1 for db_grid/G1/database.db
2024-11-19 21:23:40,018 - konomi.utils.schema_manager - INFO - Registered migration version 1 for db_grid/G1/database.db
2024-11-19 21:23:40,018 - __main__ - INFO - Applying migration for database G1
2024-11-19 21:23:40,041 - konomi.utils.schema_manager - INFO - Applied migration version 1 to db_grid/G1/database.db
2024-11-19 21:23:40,041 - konomi.utils.schema_manager - INFO - Applied migration version 1 to db_grid/G1/database.db
2024-11-19 21:23:40,042 - __main__ - INFO - Successfully applied migration for database G1
2024-11-19 21:23:40,042 - __main__ - INFO - Initializing database G2...
2024-11-19 21:23:40,044 - __main__ - INFO - Successfully initialized db_grid/G2/database.db
2024-11-19 21:23:40,067 - konomi.utils.schema_manager - INFO - Cleaned migrations from db_grid/G2/database.db
2024-11-19 21:23:40,067 - konomi.utils.schema_manager - INFO - Cleaned migrations from db_grid/G2/database.db
2024-11-19 21:23:40,067 - __main__ - INFO - Registering migration for database G2
2024-11-19 21:23:40,088 - konomi.utils.schema_manager - INFO - Registered migration version 1 for db_grid/G2/database.db
2024-11-19 21:23:40,088 - konomi.utils.schema_manager - INFO - Registered migration version 1 for db_grid/G2/database.db
2024-11-19 21:23:40,088 - __main__ - INFO - Applying migration for database G2
2024-11-19 21:23:40,104 - konomi.utils.schema_manager - INFO - Applied migration version 1 to db_grid/G2/database.db
2024-11-19 21:23:40,104 - konomi.utils.schema_manager - INFO - Applied migration version 1 to db_grid/G2/database.db
2024-11-19 21:23:40,105 - __main__ - INFO - Successfully applied migration for database G2
2024-11-19 21:23:40,105 - __main__ - INFO - Initializing database G3...
2024-11-19 21:23:40,109 - __main__ - INFO - Successfully initialized db_grid/G3/database.db
2024-11-19 21:23:40,131 - konomi.utils.schema_manager - INFO - Cleaned migrations from db_grid/G3/database.db
2024-11-19 21:23:40,131 - konomi.utils.schema_manager - INFO - Cleaned migrations from db_grid/G3/database.db
2024-11-19 21:23:40,131 - __main__ - INFO - Registering migration for database G3
2024-11-19 21:23:40,158 - konomi.utils.schema_manager - INFO - Registered migration version 1 for db_grid/G3/database.db
2024-11-19 21:23:40,158 - konomi.utils.schema_manager - INFO - Registered migration version 1 for db_grid/G3/database.db
2024-11-19 21:23:40,158 - __main__ - INFO - Applying migration for database G3
2024-11-19 21:23:40,180 - konomi.utils.schema_manager - INFO - Applied migration version 1 to db_grid/G3/database.db
2024-11-19 21:23:40,180 - konomi.utils.schema_manager - INFO - Applied migration version 1 to db_grid/G3/database.db
2024-11-19 21:23:40,181 - __main__ - INFO - Successfully applied migration for database G3
2024-11-19 21:23:40,181 - __main__ - INFO - Initializing database G4...
2024-11-19 21:23:40,183 - __main__ - INFO - Successfully initialized db_grid/G4/database.db
2024-11-19 21:23:40,199 - konomi.utils.schema_manager - INFO - Cleaned migrations from db_grid/G4/database.db
2024-11-19 21:23:40,199 - konomi.utils.schema_manager - INFO - Cleaned migrations from db_grid/G4/database.db
2024-11-19 21:23:40,199 - __main__ - INFO - Registering migration for database G4
2024-11-19 21:23:40,218 - konomi.utils.schema_manager - INFO - Registered migration version 1 for db_grid/G4/database.db
2024-11-19 21:23:40,218 - konomi.utils.schema_manager - INFO - Registered migration version 1 for db_grid/G4/database.db
2024-11-19 21:23:40,218 - __main__ - INFO - Applying migration for database G4
2024-11-19 21:23:40,236 - konomi.utils.schema_manager - INFO - Applied migration version 1 to db_grid/G4/database.db
2024-11-19 21:23:40,236 - konomi.utils.schema_manager - INFO - Applied migration version 1 to db_grid/G4/database.db
2024-11-19 21:23:40,236 - __main__ - INFO - Successfully applied migration for database G4
2024-11-19 21:23:40,237 - __main__ - INFO - Initializing database G5...
2024-11-19 21:23:40,238 - __main__ - INFO - Successfully initialized db_grid/G5/database.db
2024-11-19 21:23:40,261 - konomi.utils.schema_manager - INFO - Cleaned migrations from db_grid/G5/database.db
2024-11-19 21:23:40,261 - konomi.utils.schema_manager - INFO - Cleaned migrations from db_grid/G5/database.db
2024-11-19 21:23:40,261 - __main__ - INFO - Registering migration for database G5
2024-11-19 21:23:40,275 - konomi.utils.schema_manager - INFO - Registered migration version 1 for db_grid/G5/database.db
2024-11-19 21:23:40,275 - konomi.utils.schema_manager - INFO - Registered migration version 1 for db_grid/G5/database.db
2024-11-19 21:23:40,276 - __main__ - INFO - Applying migration for database G5
2024-11-19 21:23:40,295 - konomi.utils.schema_manager - INFO - Applied migration version 1 to db_grid/G5/database.db
2024-11-19 21:23:40,295 - konomi.utils.schema_manager - INFO - Applied migration version 1 to db_grid/G5/database.db
2024-11-19 21:23:40,296 - __main__ - INFO - Successfully applied migration for database G5
2024-11-19 21:28:40,935 - __main__ - INFO - Initializing database A1...
2024-11-19 21:28:40,937 - __main__ - INFO - Successfully initialized db_grid/A1/database.db
2024-11-19 21:28:40,968 - konomi.utils.schema_manager - INFO - Cleaned migrations from db_grid/A1/database.db
2024-11-19 21:28:40,968 - konomi.utils.schema_manager - INFO - Cleaned migrations from db_grid/A1/database.db
2024-11-19 21:28:40,969 - __main__ - INFO - Registering migration for database A1
2024-11-19 21:28:41,011 - konomi.utils.schema_manager - INFO - Registered migration version 1 for db_grid/A1/database.db
2024-11-19 21:28:41,011 - konomi.utils.schema_manager - INFO - Registered migration version 1 for db_grid/A1/database.db
2024-11-19 21:28:41,011 - __main__ - INFO - Applying migration for database A1
2024-11-19 21:28:41,061 - konomi.utils.schema_manager - INFO - Applied migration version 1 to db_grid/A1/database.db
2024-11-19 21:28:41,061 - konomi.utils.schema_manager - INFO - Applied migration version 1 to db_grid/A1/database.db
2024-11-19 21:28:41,062 - __main__ - INFO - Successfully applied migration for database A1
2024-11-19 21:28:41,067 - __main__ - INFO - Initializing database A2...
2024-11-19 21:28:41,067 - __main__ - INFO - Successfully initialized db_grid/A2/database.db
2024-11-19 21:28:41,099 - konomi.utils.schema_manager - INFO - Cleaned migrations from db_grid/A2/database.db
2024-11-19 21:28:41,099 - konomi.utils.schema_manager - INFO - Cleaned migrations from db_grid/A2/database.db
2024-11-19 21:28:41,099 - __main__ - INFO - Registering migration for database A2
2024-11-19 21:28:41,120 - konomi.utils.schema_manager - INFO - Registered migration version 1 for db_grid/A2/database.db
2024-11-19 21:28:41,120 - konomi.utils.schema_manager - INFO - Registered migration version 1 for db_grid/A2/database.db
2024-11-19 21:28:41,120 - __main__ - INFO - Applying migration for database A2
2024-11-19 21:28:41,155 - konomi.utils.schema_manager - INFO - Applied migration version 1 to db_grid/A2/database.db
2024-11-19 21:28:41,155 - konomi.utils.schema_manager - INFO - Applied migration version 1 to db_grid/A2/database.db
2024-11-19 21:28:41,156 - __main__ - INFO - Successfully applied migration for database A2
2024-11-19 21:28:41,157 - __main__ - INFO - Initializing database A3...
2024-11-19 21:28:41,158 - __main__ - INFO - Successfully initialized db_grid/A3/database.db
2024-11-19 21:28:41,208 - konomi.utils.schema_manager - INFO - Cleaned migrations from db_grid/A3/database.db
2024-11-19 21:28:41,208 - konomi.utils.schema_manager - INFO - Cleaned migrations from db_grid/A3/database.db
2024-11-19 21:28:41,212 - __main__ - INFO - Registering migration for database A3
2024-11-19 21:28:41,250 - konomi.utils.schema_manager - INFO - Registered migration version 1 for db_grid/A3/database.db
2024-11-19 21:28:41,250 - konomi.utils.schema_manager - INFO - Registered migration version 1 for db_grid/A3/database.db
2024-11-19 21:28:41,251 - __main__ - INFO - Applying migration for database A3
2024-11-19 21:28:41,310 - konomi.utils.schema_manager - INFO - Applied migration version 1 to db_grid/A3/database.db
2024-11-19 21:28:41,310 - konomi.utils.schema_manager - INFO - Applied migration version 1 to db_grid/A3/database.db
2024-11-19 21:28:41,310 - __main__ - INFO - Successfully applied migration for database A3
2024-11-19 21:28:41,311 - __main__ - INFO - Initializing database A4...
2024-11-19 21:28:41,316 - __main__ - INFO - Successfully initialized db_grid/A4/database.db
2024-11-19 21:28:41,356 - konomi.utils.schema_manager - INFO - Cleaned migrations from db_grid/A4/database.db
2024-11-19 21:28:41,356 - konomi.utils.schema_manager - INFO - Cleaned migrations from db_grid/A4/database.db
2024-11-19 21:28:41,356 - __main__ - INFO - Registering migration for database A4
2024-11-19 21:28:41,435 - konomi.utils.schema_manager - INFO - Registered migration version 1 for db_grid/A4/database.db
2024-11-19 21:28:41,435 - konomi.utils.schema_manager - INFO - Registered migration version 1 for db_grid/A4/database.db
2024-11-19 21:28:41,440 - __main__ - INFO - Applying migration for database A4
2024-11-19 21:28:41,498 - konomi.utils.schema_manager - INFO - Applied migration version 1 to db_grid/A4/database.db
2024-11-19 21:28:41,498 - konomi.utils.schema_manager - INFO - Applied migration version 1 to db_grid/A4/database.db
2024-11-19 21:28:41,498 - __main__ - INFO - Successfully applied migration for database A4
2024-11-19 21:28:41,498 - __main__ - INFO - Initializing database A5...
2024-11-19 21:28:41,499 - __main__ - INFO - Successfully initialized db_grid/A5/database.db
2024-11-19 21:28:41,536 - konomi.utils.schema_manager - INFO - Cleaned migrations from db_grid/A5/database.db
2024-11-19 21:28:41,536 - konomi.utils.schema_manager - INFO - Cleaned migrations from db_grid/A5/database.db
2024-11-19 21:28:41,537 - __main__ - INFO - Registering migration for database A5
2024-11-19 21:28:41,569 - konomi.utils.schema_manager - INFO - Registered migration version 1 for db_grid/A5/database.db
2024-11-19 21:28:41,569 - konomi.utils.schema_manager - INFO - Registered migration version 1 for db_grid/A5/database.db
2024-11-19 21:28:41,570 - __main__ - INFO - Applying migration for database A5
2024-11-19 21:28:42,123 - konomi.utils.schema_manager - INFO - Applied migration version 1 to db_grid/A5/database.db
2024-11-19 21:28:42,123 - konomi.utils.schema_manager - INFO - Applied migration version 1 to db_grid/A5/database.db
2024-11-19 21:28:42,124 - __main__ - INFO - Successfully applied migration for database A5
2024-11-19 21:28:42,125 - __main__ - INFO - Initializing database B1...
2024-11-19 21:28:42,127 - __main__ - INFO - Successfully initialized db_grid/B1/database.db
2024-11-19 21:28:42,212 - konomi.utils.schema_manager - INFO - Cleaned migrations from db_grid/B1/database.db
2024-11-19 21:28:42,212 - konomi.utils.schema_manager - INFO - Cleaned migrations from db_grid/B1/database.db
2024-11-19 21:28:42,214 - __main__ - INFO - Registering migration for database B1
2024-11-19 21:28:42,256 - konomi.utils.schema_manager - INFO - Registered migration version 1 for db_grid/B1/database.db
2024-11-19 21:28:42,256 - konomi.utils.schema_manager - INFO - Registered migration version 1 for db_grid/B1/database.db
2024-11-19 21:28:42,268 - __main__ - INFO - Applying migration for database B1
2024-11-19 21:28:42,333 - konomi.utils.schema_manager - INFO - Applied migration version 1 to db_grid/B1/database.db
2024-11-19 21:28:42,333 - konomi.utils.schema_manager - INFO - Applied migration version 1 to db_grid/B1/database.db
2024-11-19 21:28:42,334 - __main__ - INFO - Successfully applied migration for database B1
2024-11-19 21:28:42,334 - __main__ - INFO - Initializing database B2...
2024-11-19 21:28:42,340 - __main__ - INFO - Successfully initialized db_grid/B2/database.db
2024-11-19 21:28:42,444 - konomi.utils.schema_manager - INFO - Cleaned migrations from db_grid/B2/database.db
2024-11-19 21:28:42,444 - konomi.utils.schema_manager - INFO - Cleaned migrations from db_grid/B2/database.db
2024-11-19 21:28:42,444 - __main__ - INFO - Registering migration for database B2
2024-11-19 21:28:42,495 - konomi.utils.schema_manager - INFO - Registered migration version 1 for db_grid/B2/database.db
2024-11-19 21:28:42,495 - konomi.utils.schema_manager - INFO - Registered migration version 1 for db_grid/B2/database.db
2024-11-19 21:28:42,495 - __main__ - INFO - Applying migration for database B2
2024-11-19 21:28:42,566 - konomi.utils.schema_manager - INFO - Applied migration version 1 to db_grid/B2/database.db
2024-11-19 21:28:42,566 - konomi.utils.schema_manager - INFO - Applied migration version 1 to db_grid/B2/database.db
2024-11-19 21:28:42,571 - __main__ - INFO - Successfully applied migration for database B2
2024-11-19 21:28:42,571 - __main__ - INFO - Initializing database B3...
2024-11-19 21:28:42,586 - __main__ - INFO - Successfully initialized db_grid/B3/database.db
2024-11-19 21:28:42,627 - konomi.utils.schema_manager - INFO - Cleaned migrations from db_grid/B3/database.db
2024-11-19 21:28:42,627 - konomi.utils.schema_manager - INFO - Cleaned migrations from db_grid/B3/database.db
2024-11-19 21:28:42,627 - __main__ - INFO - Registering migration for database B3
2024-11-19 21:28:42,671 - konomi.utils.schema_manager - INFO - Registered migration version 1 for db_grid/B3/database.db
2024-11-19 21:28:42,671 - konomi.utils.schema_manager - INFO - Registered migration version 1 for db_grid/B3/database.db
2024-11-19 21:28:42,671 - __main__ - INFO - Applying migration for database B3
2024-11-19 21:28:42,712 - konomi.utils.schema_manager - INFO - Applied migration version 1 to db_grid/B3/database.db
2024-11-19 21:28:42,712 - konomi.utils.schema_manager - INFO - Applied migration version 1 to db_grid/B3/database.db
2024-11-19 21:28:42,712 - __main__ - INFO - Successfully applied migration for database B3
2024-11-19 21:28:42,712 - __main__ - INFO - Initializing database B4...
2024-11-19 21:28:42,721 - __main__ - INFO - Successfully initialized db_grid/B4/database.db
2024-11-19 21:28:42,804 - konomi.utils.schema_manager - INFO - Cleaned migrations from db_grid/B4/database.db
2024-11-19 21:28:42,804 - konomi.utils.schema_manager - INFO - Cleaned migrations from db_grid/B4/database.db
2024-11-19 21:28:42,805 - __main__ - INFO - Registering migration for database B4
2024-11-19 21:28:42,842 - konomi.utils.schema_manager - INFO - Registered migration version 1 for db_grid/B4/database.db
2024-11-19 21:28:42,842 - konomi.utils.schema_manager - INFO - Registered migration version 1 for db_grid/B4/database.db
2024-11-19 21:28:42,843 - __main__ - INFO - Applying migration for database B4
2024-11-19 21:28:42,874 - konomi.utils.schema_manager - INFO - Applied migration version 1 to db_grid/B4/database.db
2024-11-19 21:28:42,874 - konomi.utils.schema_manager - INFO - Applied migration version 1 to db_grid/B4/database.db
2024-11-19 21:28:42,875 - __main__ - INFO - Successfully applied migration for database B4
2024-11-19 21:28:42,875 - __main__ - INFO - Initializing database B5...
2024-11-19 21:28:42,876 - __main__ - INFO - Successfully initialized db_grid/B5/database.db
2024-11-19 21:28:42,923 - konomi.utils.schema_manager - INFO - Cleaned migrations from db_grid/B5/database.db
2024-11-19 21:28:42,923 - konomi.utils.schema_manager - INFO - Cleaned migrations from db_grid/B5/database.db
2024-11-19 21:28:42,923 - __main__ - INFO - Registering migration for database B5
2024-11-19 21:28:42,951 - konomi.utils.schema_manager - INFO - Registered migration version 1 for db_grid/B5/database.db
2024-11-19 21:28:42,951 - konomi.utils.schema_manager - INFO - Registered migration version 1 for db_grid/B5/database.db
2024-11-19 21:28:42,952 - __main__ - INFO - Applying migration for database B5
2024-11-19 21:28:43,015 - konomi.utils.schema_manager - INFO - Applied migration version 1 to db_grid/B5/database.db
2024-11-19 21:28:43,015 - konomi.utils.schema_manager - INFO - Applied migration version 1 to db_grid/B5/database.db
2024-11-19 21:28:43,015 - __main__ - INFO - Successfully applied migration for database B5
2024-11-19 21:28:43,015 - __main__ - INFO - Initializing database C1...
2024-11-19 21:28:43,016 - __main__ - INFO - Successfully initialized db_grid/C1/database.db
2024-11-19 21:28:43,044 - konomi.utils.schema_manager - INFO - Cleaned migrations from db_grid/C1/database.db
2024-11-19 21:28:43,044 - konomi.utils.schema_manager - INFO - Cleaned migrations from db_grid/C1/database.db
2024-11-19 21:28:43,045 - __main__ - INFO - Registering migration for database C1
2024-11-19 21:28:43,076 - konomi.utils.schema_manager - INFO - Registered migration version 1 for db_grid/C1/database.db
2024-11-19 21:28:43,076 - konomi.utils.schema_manager - INFO - Registered migration version 1 for db_grid/C1/database.db
2024-11-19 21:28:43,076 - __main__ - INFO - Applying migration for database C1
2024-11-19 21:28:43,121 - konomi.utils.schema_manager - INFO - Applied migration version 1 to db_grid/C1/database.db
2024-11-19 21:28:43,121 - konomi.utils.schema_manager - INFO - Applied migration version 1 to db_grid/C1/database.db
2024-11-19 21:28:43,122 - __main__ - INFO - Successfully applied migration for database C1
2024-11-19 21:28:43,122 - __main__ - INFO - Initializing database C2...
2024-11-19 21:28:43,122 - __main__ - INFO - Successfully initialized db_grid/C2/database.db
2024-11-19 21:28:43,172 - konomi.utils.schema_manager - INFO - Cleaned migrations from db_grid/C2/database.db
2024-11-19 21:28:43,172 - konomi.utils.schema_manager - INFO - Cleaned migrations from db_grid/C2/database.db
2024-11-19 21:28:43,172 - __main__ - INFO - Registering migration for database C2
2024-11-19 21:28:43,220 - konomi.utils.schema_manager - INFO - Registered migration version 1 for db_grid/C2/database.db
2024-11-19 21:28:43,220 - konomi.utils.schema_manager - INFO - Registered migration version 1 for db_grid/C2/database.db
2024-11-19 21:28:43,220 - __main__ - INFO - Applying migration for database C2
2024-11-19 21:28:43,264 - konomi.utils.schema_manager - INFO - Applied migration version 1 to db_grid/C2/database.db
2024-11-19 21:28:43,264 - konomi.utils.schema_manager - INFO - Applied migration version 1 to db_grid/C2/database.db
2024-11-19 21:28:43,264 - __main__ - INFO - Successfully applied migration for database C2
2024-11-19 21:28:43,264 - __main__ - INFO - Initializing database C3...
2024-11-19 21:28:43,265 - __main__ - INFO - Successfully initialized db_grid/C3/database.db
2024-11-19 21:28:43,296 - konomi.utils.schema_manager - INFO - Cleaned migrations from db_grid/C3/database.db
2024-11-19 21:28:43,296 - konomi.utils.schema_manager - INFO - Cleaned migrations from db_grid/C3/database.db
2024-11-19 21:28:43,297 - __main__ - INFO - Registering migration for database C3
2024-11-19 21:28:43,330 - konomi.utils.schema_manager - INFO - Registered migration version 1 for db_grid/C3/database.db
2024-11-19 21:28:43,330 - konomi.utils.schema_manager - INFO - Registered migration version 1 for db_grid/C3/database.db
2024-11-19 21:28:43,332 - __main__ - INFO - Applying migration for database C3
2024-11-19 21:28:43,371 - konomi.utils.schema_manager - INFO - Applied migration version 1 to db_grid/C3/database.db
2024-11-19 21:28:43,371 - konomi.utils.schema_manager - INFO - Applied migration version 1 to db_grid/C3/database.db
2024-11-19 21:28:43,371 - __main__ - INFO - Successfully applied migration for database C3
2024-11-19 21:28:43,372 - __main__ - INFO - Initializing database C4...
2024-11-19 21:28:43,372 - __main__ - INFO - Successfully initialized db_grid/C4/database.db
2024-11-19 21:28:43,396 - konomi.utils.schema_manager - INFO - Cleaned migrations from db_grid/C4/database.db
2024-11-19 21:28:43,396 - konomi.utils.schema_manager - INFO - Cleaned migrations from db_grid/C4/database.db
2024-11-19 21:28:43,397 - __main__ - INFO - Registering migration for database C4
2024-11-19 21:28:43,425 - konomi.utils.schema_manager - INFO - Registered migration version 1 for db_grid/C4/database.db
2024-11-19 21:28:43,425 - konomi.utils.schema_manager - INFO - Registered migration version 1 for db_grid/C4/database.db
2024-11-19 21:28:43,426 - __main__ - INFO - Applying migration for database C4
2024-11-19 21:28:43,452 - konomi.utils.schema_manager - INFO - Applied migration version 1 to db_grid/C4/database.db
2024-11-19 21:28:43,452 - konomi.utils.schema_manager - INFO - Applied migration version 1 to db_grid/C4/database.db
2024-11-19 21:28:43,454 - __main__ - INFO - Successfully applied migration for database C4
2024-11-19 21:28:43,454 - __main__ - INFO - Initializing database C5...
2024-11-19 21:28:43,456 - __main__ - INFO - Successfully initialized db_grid/C5/database.db
2024-11-19 21:28:43,486 - konomi.utils.schema_manager - INFO - Cleaned migrations from db_grid/C5/database.db
2024-11-19 21:28:43,486 - konomi.utils.schema_manager - INFO - Cleaned migrations from db_grid/C5/database.db
2024-11-19 21:28:43,486 - __main__ - INFO - Registering migration for database C5
2024-11-19 21:28:43,574 - konomi.utils.schema_manager - INFO - Registered migration version 1 for db_grid/C5/database.db
2024-11-19 21:28:43,574 - konomi.utils.schema_manager - INFO - Registered migration version 1 for db_grid/C5/database.db
2024-11-19 21:28:43,574 - __main__ - INFO - Applying migration for database C5
2024-11-19 21:28:43,604 - konomi.utils.schema_manager - INFO - Applied migration version 1 to db_grid/C5/database.db
2024-11-19 21:28:43,604 - konomi.utils.schema_manager - INFO - Applied migration version 1 to db_grid/C5/database.db
2024-11-19 21:28:43,605 - __main__ - INFO - Successfully applied migration for database C5
2024-11-19 21:28:43,605 - __main__ - INFO - Initializing database D1...
2024-11-19 21:28:43,606 - __main__ - INFO - Successfully initialized db_grid/D1/database.db
2024-11-19 21:28:43,633 - konomi.utils.schema_manager - INFO - Cleaned migrations from db_grid/D1/database.db
2024-11-19 21:28:43,633 - konomi.utils.schema_manager - INFO - Cleaned migrations from db_grid/D1/database.db
2024-11-19 21:28:43,633 - __main__ - INFO - Registering migration for database D1
2024-11-19 21:28:43,649 - konomi.utils.schema_manager - INFO - Registered migration version 1 for db_grid/D1/database.db
2024-11-19 21:28:43,649 - konomi.utils.schema_manager - INFO - Registered migration version 1 for db_grid/D1/database.db
2024-11-19 21:28:43,649 - __main__ - INFO - Applying migration for database D1
2024-11-19 21:28:43,667 - konomi.utils.schema_manager - INFO - Applied migration version 1 to db_grid/D1/database.db
2024-11-19 21:28:43,667 - konomi.utils.schema_manager - INFO - Applied migration version 1 to db_grid/D1/database.db
2024-11-19 21:28:43,668 - __main__ - INFO - Successfully applied migration for database D1
2024-11-19 21:28:43,668 - __main__ - INFO - Initializing database D2...
2024-11-19 21:28:43,668 - __main__ - INFO - Successfully initialized db_grid/D2/database.db
2024-11-19 21:28:43,870 - konomi.utils.schema_manager - INFO - Cleaned migrations from db_grid/D2/database.db
2024-11-19 21:28:43,870 - konomi.utils.schema_manager - INFO - Cleaned migrations from db_grid/D2/database.db
2024-11-19 21:28:43,870 - __main__ - INFO - Registering migration for database D2
2024-11-19 21:28:43,892 - konomi.utils.schema_manager - INFO - Registered migration version 1 for db_grid/D2/database.db
2024-11-19 21:28:43,892 - konomi.utils.schema_manager - INFO - Registered migration version 1 for db_grid/D2/database.db
2024-11-19 21:28:43,893 - __main__ - INFO - Applying migration for database D2
2024-11-19 21:28:43,916 - konomi.utils.schema_manager - INFO - Applied migration version 1 to db_grid/D2/database.db
2024-11-19 21:28:43,916 - konomi.utils.schema_manager - INFO - Applied migration version 1 to db_grid/D2/database.db
2024-11-19 21:28:43,916 - __main__ - INFO - Successfully applied migration for database D2
2024-11-19 21:28:43,916 - __main__ - INFO - Initializing database D3...
2024-11-19 21:28:43,917 - __main__ - INFO - Successfully initialized db_grid/D3/database.db
2024-11-19 21:28:43,935 - konomi.utils.schema_manager - INFO - Cleaned migrations from db_grid/D3/database.db
2024-11-19 21:28:43,935 - konomi.utils.schema_manager - INFO - Cleaned migrations from db_grid/D3/database.db
2024-11-19 21:28:43,936 - __main__ - INFO - Registering migration for database D3
2024-11-19 21:28:43,954 - konomi.utils.schema_manager - INFO - Registered migration version 1 for db_grid/D3/database.db
2024-11-19 21:28:43,954 - konomi.utils.schema_manager - INFO - Registered migration version 1 for db_grid/D3/database.db
2024-11-19 21:28:43,954 - __main__ - INFO - Applying migration for database D3
2024-11-19 21:28:43,974 - konomi.utils.schema_manager - INFO - Applied migration version 1 to db_grid/D3/database.db
2024-11-19 21:28:43,974 - konomi.utils.schema_manager - INFO - Applied migration version 1 to db_grid/D3/database.db
2024-11-19 21:28:43,974 - __main__ - INFO - Successfully applied migration for database D3
2024-11-19 21:28:43,974 - __main__ - INFO - Initializing database D4...
2024-11-19 21:28:43,975 - __main__ - INFO - Successfully initialized db_grid/D4/database.db
2024-11-19 21:28:43,992 - konomi.utils.schema_manager - INFO - Cleaned migrations from db_grid/D4/database.db
2024-11-19 21:28:43,992 - konomi.utils.schema_manager - INFO - Cleaned migrations from db_grid/D4/database.db
2024-11-19 21:28:43,992 - __main__ - INFO - Registering migration for database D4
2024-11-19 21:28:44,006 - konomi.utils.schema_manager - INFO - Registered migration version 1 for db_grid/D4/database.db
2024-11-19 21:28:44,006 - konomi.utils.schema_manager - INFO - Registered migration version 1 for db_grid/D4/database.db
2024-11-19 21:28:44,007 - __main__ - INFO - Applying migration for database D4
2024-11-19 21:28:44,028 - konomi.utils.schema_manager - INFO - Applied migration version 1 to db_grid/D4/database.db
2024-11-19 21:28:44,028 - konomi.utils.schema_manager - INFO - Applied migration version 1 to db_grid/D4/database.db
2024-11-19 21:28:44,028 - __main__ - INFO - Successfully applied migration for database D4
2024-11-19 21:28:44,028 - __main__ - INFO - Initializing database D5...
2024-11-19 21:28:44,029 - __main__ - INFO - Successfully initialized db_grid/D5/database.db
2024-11-19 21:28:44,044 - konomi.utils.schema_manager - INFO - Cleaned migrations from db_grid/D5/database.db
2024-11-19 21:28:44,044 - konomi.utils.schema_manager - INFO - Cleaned migrations from db_grid/D5/database.db
2024-11-19 21:28:44,044 - __main__ - INFO - Registering migration for database D5
2024-11-19 21:28:44,063 - konomi.utils.schema_manager - INFO - Registered migration version 1 for db_grid/D5/database.db
2024-11-19 21:28:44,063 - konomi.utils.schema_manager - INFO - Registered migration version 1 for db_grid/D5/database.db
2024-11-19 21:28:44,063 - __main__ - INFO - Applying migration for database D5
2024-11-19 21:28:44,079 - konomi.utils.schema_manager - INFO - Applied migration version 1 to db_grid/D5/database.db
2024-11-19 21:28:44,079 - konomi.utils.schema_manager - INFO - Applied migration version 1 to db_grid/D5/database.db
2024-11-19 21:28:44,080 - __main__ - INFO - Successfully applied migration for database D5
2024-11-19 21:28:44,080 - __main__ - INFO - Initializing database E1...
2024-11-19 21:28:44,080 - __main__ - INFO - Successfully initialized db_grid/E1/database.db
2024-11-19 21:28:44,099 - konomi.utils.schema_manager - INFO - Cleaned migrations from db_grid/E1/database.db
2024-11-19 21:28:44,099 - konomi.utils.schema_manager - INFO - Cleaned migrations from db_grid/E1/database.db
2024-11-19 21:28:44,099 - __main__ - INFO - Registering migration for database E1
2024-11-19 21:28:44,116 - konomi.utils.schema_manager - INFO - Registered migration version 1 for db_grid/E1/database.db
2024-11-19 21:28:44,116 - konomi.utils.schema_manager - INFO - Registered migration version 1 for db_grid/E1/database.db
2024-11-19 21:28:44,116 - __main__ - INFO - Applying migration for database E1
2024-11-19 21:28:44,136 - konomi.utils.schema_manager - INFO - Applied migration version 1 to db_grid/E1/database.db
2024-11-19 21:28:44,136 - konomi.utils.schema_manager - INFO - Applied migration version 1 to db_grid/E1/database.db
2024-11-19 21:28:44,136 - __main__ - INFO - Successfully applied migration for database E1
2024-11-19 21:28:44,136 - __main__ - INFO - Initializing database E2...
2024-11-19 21:28:44,137 - __main__ - INFO - Successfully initialized db_grid/E2/database.db
2024-11-19 21:28:44,154 - konomi.utils.schema_manager - INFO - Cleaned migrations from db_grid/E2/database.db
2024-11-19 21:28:44,154 - konomi.utils.schema_manager - INFO - Cleaned migrations from db_grid/E2/database.db
2024-11-19 21:28:44,155 - __main__ - INFO - Registering migration for database E2
2024-11-19 21:28:44,175 - konomi.utils.schema_manager - INFO - Registered migration version 1 for db_grid/E2/database.db
2024-11-19 21:28:44,175 - konomi.utils.schema_manager - INFO - Registered migration version 1 for db_grid/E2/database.db
2024-11-19 21:28:44,175 - __main__ - INFO - Applying migration for database E2
2024-11-19 21:28:44,194 - konomi.utils.schema_manager - INFO - Applied migration version 1 to db_grid/E2/database.db
2024-11-19 21:28:44,194 - konomi.utils.schema_manager - INFO - Applied migration version 1 to db_grid/E2/database.db
2024-11-19 21:28:44,194 - __main__ - INFO - Successfully applied migration for database E2
2024-11-19 21:28:44,195 - __main__ - INFO - Initializing database E3...
2024-11-19 21:28:44,195 - __main__ - INFO - Successfully initialized db_grid/E3/database.db
2024-11-19 21:28:44,213 - konomi.utils.schema_manager - INFO - Cleaned migrations from db_grid/E3/database.db
2024-11-19 21:28:44,213 - konomi.utils.schema_manager - INFO - Cleaned migrations from db_grid/E3/database.db
2024-11-19 21:28:44,214 - __main__ - INFO - Registering migration for database E3
2024-11-19 21:28:44,233 - konomi.utils.schema_manager - INFO - Registered migration version 1 for db_grid/E3/database.db
2024-11-19 21:28:44,233 - konomi.utils.schema_manager - INFO - Registered migration version 1 for db_grid/E3/database.db
2024-11-19 21:28:44,233 - __main__ - INFO - Applying migration for database E3
2024-11-19 21:28:44,248 - konomi.utils.schema_manager - INFO - Applied migration version 1 to db_grid/E3/database.db
2024-11-19 21:28:44,248 - konomi.utils.schema_manager - INFO - Applied migration version 1 to db_grid/E3/database.db
2024-11-19 21:28:44,248 - __main__ - INFO - Successfully applied migration for database E3
2024-11-19 21:28:44,249 - __main__ - INFO - Initializing database E4...
2024-11-19 21:28:44,249 - __main__ - INFO - Successfully initialized db_grid/E4/database.db
2024-11-19 21:28:44,264 - konomi.utils.schema_manager - INFO - Cleaned migrations from db_grid/E4/database.db
2024-11-19 21:28:44,264 - konomi.utils.schema_manager - INFO - Cleaned migrations from db_grid/E4/database.db
2024-11-19 21:28:44,264 - __main__ - INFO - Registering migration for database E4
2024-11-19 21:28:44,282 - konomi.utils.schema_manager - INFO - Registered migration version 1 for db_grid/E4/database.db
2024-11-19 21:28:44,282 - konomi.utils.schema_manager - INFO - Registered migration version 1 for db_grid/E4/database.db
2024-11-19 21:28:44,282 - __main__ - INFO - Applying migration for database E4
2024-11-19 21:28:44,306 - konomi.utils.schema_manager - INFO - Applied migration version 1 to db_grid/E4/database.db
2024-11-19 21:28:44,306 - konomi.utils.schema_manager - INFO - Applied migration version 1 to db_grid/E4/database.db
2024-11-19 21:28:44,307 - __main__ - INFO - Successfully applied migration for database E4
2024-11-19 21:28:44,307 - __main__ - INFO - Initializing database E5...
2024-11-19 21:28:44,307 - __main__ - INFO - Successfully initialized db_grid/E5/database.db
2024-11-19 21:28:44,333 - konomi.utils.schema_manager - INFO - Cleaned migrations from db_grid/E5/database.db
2024-11-19 21:28:44,333 - konomi.utils.schema_manager - INFO - Cleaned migrations from db_grid/E5/database.db
2024-11-19 21:28:44,334 - __main__ - INFO - Registering migration for database E5
2024-11-19 21:28:44,355 - konomi.utils.schema_manager - INFO - Registered migration version 1 for db_grid/E5/database.db
2024-11-19 21:28:44,355 - konomi.utils.schema_manager - INFO - Registered migration version 1 for db_grid/E5/database.db
2024-11-19 21:28:44,356 - __main__ - INFO - Applying migration for database E5
2024-11-19 21:28:44,372 - konomi.utils.schema_manager - INFO - Applied migration version 1 to db_grid/E5/database.db
2024-11-19 21:28:44,372 - konomi.utils.schema_manager - INFO - Applied migration version 1 to db_grid/E5/database.db
2024-11-19 21:28:44,372 - __main__ - INFO - Successfully applied migration for database E5
2024-11-19 21:28:44,372 - __main__ - INFO - Initializing database F1...
2024-11-19 21:28:44,373 - __main__ - INFO - Successfully initialized db_grid/F1/database.db
2024-11-19 21:28:44,392 - konomi.utils.schema_manager - INFO - Cleaned migrations from db_grid/F1/database.db
2024-11-19 21:28:44,392 - konomi.utils.schema_manager - INFO - Cleaned migrations from db_grid/F1/database.db
2024-11-19 21:28:44,392 - __main__ - INFO - Registering migration for database F1
2024-11-19 21:28:44,407 - konomi.utils.schema_manager - INFO - Registered migration version 1 for db_grid/F1/database.db
2024-11-19 21:28:44,407 - konomi.utils.schema_manager - INFO - Registered migration version 1 for db_grid/F1/database.db
2024-11-19 21:28:44,407 - __main__ - INFO - Applying migration for database F1
2024-11-19 21:28:44,423 - konomi.utils.schema_manager - INFO - Applied migration version 1 to db_grid/F1/database.db
2024-11-19 21:28:44,423 - konomi.utils.schema_manager - INFO - Applied migration version 1 to db_grid/F1/database.db
2024-11-19 21:28:44,424 - __main__ - INFO - Successfully applied migration for database F1
2024-11-19 21:28:44,424 - __main__ - INFO - Initializing database F2...
2024-11-19 21:28:44,424 - __main__ - INFO - Successfully initialized db_grid/F2/database.db
2024-11-19 21:28:44,445 - konomi.utils.schema_manager - INFO - Cleaned migrations from db_grid/F2/database.db
2024-11-19 21:28:44,445 - konomi.utils.schema_manager - INFO - Cleaned migrations from db_grid/F2/database.db
2024-11-19 21:28:44,445 - __main__ - INFO - Registering migration for database F2
2024-11-19 21:28:44,466 - konomi.utils.schema_manager - INFO - Registered migration version 1 for db_grid/F2/database.db
2024-11-19 21:28:44,466 - konomi.utils.schema_manager - INFO - Registered migration version 1 for db_grid/F2/database.db
2024-11-19 21:28:44,467 - __main__ - INFO - Applying migration for database F2
2024-11-19 21:28:44,485 - konomi.utils.schema_manager - INFO - Applied migration version 1 to db_grid/F2/database.db
2024-11-19 21:28:44,485 - konomi.utils.schema_manager - INFO - Applied migration version 1 to db_grid/F2/database.db
2024-11-19 21:28:44,485 - __main__ - INFO - Successfully applied migration for database F2
2024-11-19 21:28:44,485 - __main__ - INFO - Initializing database F3...
2024-11-19 21:28:44,486 - __main__ - INFO - Successfully initialized db_grid/F3/database.db
2024-11-19 21:28:44,501 - konomi.utils.schema_manager - INFO - Cleaned migrations from db_grid/F3/database.db
2024-11-19 21:28:44,501 - konomi.utils.schema_manager - INFO - Cleaned migrations from db_grid/F3/database.db
2024-11-19 21:28:44,501 - __main__ - INFO - Registering migration for database F3
2024-11-19 21:28:44,516 - konomi.utils.schema_manager - INFO - Registered migration version 1 for db_grid/F3/database.db
2024-11-19 21:28:44,516 - konomi.utils.schema_manager - INFO - Registered migration version 1 for db_grid/F3/database.db
2024-11-19 21:28:44,516 - __main__ - INFO - Applying migration for database F3
2024-11-19 21:28:44,530 - konomi.utils.schema_manager - INFO - Applied migration version 1 to db_grid/F3/database.db
2024-11-19 21:28:44,530 - konomi.utils.schema_manager - INFO - Applied migration version 1 to db_grid/F3/database.db
2024-11-19 21:28:44,530 - __main__ - INFO - Successfully applied migration for database F3
2024-11-19 21:28:44,531 - __main__ - INFO - Initializing database F4...
2024-11-19 21:28:44,531 - __main__ - INFO - Successfully initialized db_grid/F4/database.db
2024-11-19 21:28:44,545 - konomi.utils.schema_manager - INFO - Cleaned migrations from db_grid/F4/database.db
2024-11-19 21:28:44,545 - konomi.utils.schema_manager - INFO - Cleaned migrations from db_grid/F4/database.db
2024-11-19 21:28:44,546 - __main__ - INFO - Registering migration for database F4
2024-11-19 21:28:44,563 - konomi.utils.schema_manager - INFO - Registered migration version 1 for db_grid/F4/database.db
2024-11-19 21:28:44,563 - konomi.utils.schema_manager - INFO - Registered migration version 1 for db_grid/F4/database.db
2024-11-19 21:28:44,564 - __main__ - INFO - Applying migration for database F4
2024-11-19 21:28:44,594 - konomi.utils.schema_manager - INFO - Applied migration version 1 to db_grid/F4/database.db
2024-11-19 21:28:44,594 - konomi.utils.schema_manager - INFO - Applied migration version 1 to db_grid/F4/database.db
2024-11-19 21:28:44,594 - __main__ - INFO - Successfully applied migration for database F4
2024-11-19 21:28:44,594 - __main__ - INFO - Initializing database F5...
2024-11-19 21:28:44,595 - __main__ - INFO - Successfully initialized db_grid/F5/database.db
2024-11-19 21:28:44,613 - konomi.utils.schema_manager - INFO - Cleaned migrations from db_grid/F5/database.db
2024-11-19 21:28:44,613 - konomi.utils.schema_manager - INFO - Cleaned migrations from db_grid/F5/database.db
2024-11-19 21:28:44,613 - __main__ - INFO - Registering migration for database F5
2024-11-19 21:28:44,629 - konomi.utils.schema_manager - INFO - Registered migration version 1 for db_grid/F5/database.db
2024-11-19 21:28:44,629 - konomi.utils.schema_manager - INFO - Registered migration version 1 for db_grid/F5/database.db
2024-11-19 21:28:44,629 - __main__ - INFO - Applying migration for database F5
2024-11-19 21:28:44,643 - konomi.utils.schema_manager - INFO - Applied migration version 1 to db_grid/F5/database.db
2024-11-19 21:28:44,643 - konomi.utils.schema_manager - INFO - Applied migration version 1 to db_grid/F5/database.db
2024-11-19 21:28:44,643 - __main__ - INFO - Successfully applied migration for database F5
2024-11-19 21:28:44,643 - __main__ - INFO - Initializing database G1...
2024-11-19 21:28:44,644 - __main__ - INFO - Successfully initialized db_grid/G1/database.db
2024-11-19 21:28:44,657 - konomi.utils.schema_manager - INFO - Cleaned migrations from db_grid/G1/database.db
2024-11-19 21:28:44,657 - konomi.utils.schema_manager - INFO - Cleaned migrations from db_grid/G1/database.db
2024-11-19 21:28:44,658 - __main__ - INFO - Registering migration for database G1
2024-11-19 21:28:44,670 - konomi.utils.schema_manager - INFO - Registered migration version 1 for db_grid/G1/database.db
2024-11-19 21:28:44,670 - konomi.utils.schema_manager - INFO - Registered migration version 1 for db_grid/G1/database.db
2024-11-19 21:28:44,670 - __main__ - INFO - Applying migration for database G1
2024-11-19 21:28:44,690 - konomi.utils.schema_manager - INFO - Applied migration version 1 to db_grid/G1/database.db
2024-11-19 21:28:44,690 - konomi.utils.schema_manager - INFO - Applied migration version 1 to db_grid/G1/database.db
2024-11-19 21:28:44,690 - __main__ - INFO - Successfully applied migration for database G1
2024-11-19 21:28:44,690 - __main__ - INFO - Initializing database G2...
2024-11-19 21:28:44,691 - __main__ - INFO - Successfully initialized db_grid/G2/database.db
2024-11-19 21:28:44,716 - konomi.utils.schema_manager - INFO - Cleaned migrations from db_grid/G2/database.db
2024-11-19 21:28:44,716 - konomi.utils.schema_manager - INFO - Cleaned migrations from db_grid/G2/database.db
2024-11-19 21:28:44,716 - __main__ - INFO - Registering migration for database G2
2024-11-19 21:28:44,736 - konomi.utils.schema_manager - INFO - Registered migration version 1 for db_grid/G2/database.db
2024-11-19 21:28:44,736 - konomi.utils.schema_manager - INFO - Registered migration version 1 for db_grid/G2/database.db
2024-11-19 21:28:44,736 - __main__ - INFO - Applying migration for database G2
2024-11-19 21:28:44,753 - konomi.utils.schema_manager - INFO - Applied migration version 1 to db_grid/G2/database.db
2024-11-19 21:28:44,753 - konomi.utils.schema_manager - INFO - Applied migration version 1 to db_grid/G2/database.db
2024-11-19 21:28:44,754 - __main__ - INFO - Successfully applied migration for database G2
2024-11-19 21:28:44,754 - __main__ - INFO - Initializing database G3...
2024-11-19 21:28:44,754 - __main__ - INFO - Successfully initialized db_grid/G3/database.db
2024-11-19 21:28:44,772 - konomi.utils.schema_manager - INFO - Cleaned migrations from db_grid/G3/database.db
2024-11-19 21:28:44,772 - konomi.utils.schema_manager - INFO - Cleaned migrations from db_grid/G3/database.db
2024-11-19 21:28:44,772 - __main__ - INFO - Registering migration for database G3
2024-11-19 21:28:44,808 - konomi.utils.schema_manager - INFO - Registered migration version 1 for db_grid/G3/database.db
2024-11-19 21:28:44,808 - konomi.utils.schema_manager - INFO - Registered migration version 1 for db_grid/G3/database.db
2024-11-19 21:28:44,808 - __main__ - INFO - Applying migration for database G3
2024-11-19 21:28:44,821 - konomi.utils.schema_manager - INFO - Applied migration version 1 to db_grid/G3/database.db
2024-11-19 21:28:44,821 - konomi.utils.schema_manager - INFO - Applied migration version 1 to db_grid/G3/database.db
2024-11-19 21:28:44,821 - __main__ - INFO - Successfully applied migration for database G3
2024-11-19 21:28:44,821 - __main__ - INFO - Initializing database G4...
2024-11-19 21:28:44,822 - __main__ - INFO - Successfully initialized db_grid/G4/database.db
2024-11-19 21:28:44,838 - konomi.utils.schema_manager - INFO - Cleaned migrations from db_grid/G4/database.db
2024-11-19 21:28:44,838 - konomi.utils.schema_manager - INFO - Cleaned migrations from db_grid/G4/database.db
2024-11-19 21:28:44,839 - __main__ - INFO - Registering migration for database G4
2024-11-19 21:28:44,865 - konomi.utils.schema_manager - INFO - Registered migration version 1 for db_grid/G4/database.db
2024-11-19 21:28:44,865 - konomi.utils.schema_manager - INFO - Registered migration version 1 for db_grid/G4/database.db
2024-11-19 21:28:44,865 - __main__ - INFO - Applying migration for database G4
2024-11-19 21:28:44,885 - konomi.utils.schema_manager - INFO - Applied migration version 1 to db_grid/G4/database.db
2024-11-19 21:28:44,885 - konomi.utils.schema_manager - INFO - Applied migration version 1 to db_grid/G4/database.db
2024-11-19 21:28:44,885 - __main__ - INFO - Successfully applied migration for database G4
2024-11-19 21:28:44,885 - __main__ - INFO - Initializing database G5...
2024-11-19 21:28:44,886 - __main__ - INFO - Successfully initialized db_grid/G5/database.db
2024-11-19 21:28:44,899 - konomi.utils.schema_manager - INFO - Cleaned migrations from db_grid/G5/database.db
2024-11-19 21:28:44,899 - konomi.utils.schema_manager - INFO - Cleaned migrations from db_grid/G5/database.db
2024-11-19 21:28:44,899 - __main__ - INFO - Registering migration for database G5
2024-11-19 21:28:44,913 - konomi.utils.schema_manager - INFO - Registered migration version 1 for db_grid/G5/database.db
2024-11-19 21:28:44,913 - konomi.utils.schema_manager - INFO - Registered migration version 1 for db_grid/G5/database.db
2024-11-19 21:28:44,913 - __main__ - INFO - Applying migration for database G5
2024-11-19 21:28:44,947 - konomi.utils.schema_manager - INFO - Applied migration version 1 to db_grid/G5/database.db
2024-11-19 21:28:44,947 - konomi.utils.schema_manager - INFO - Applied migration version 1 to db_grid/G5/database.db
2024-11-19 21:28:44,947 - __main__ - INFO - Successfully applied migration for database G5
2024-11-20 12:13:12,810 - __main__ - INFO - Initializing database A1...
2024-11-20 12:13:12,813 - __main__ - INFO - Successfully initialized db_grid/A1/database.db
2024-11-20 12:13:12,875 - konomi.utils.schema_manager - INFO - Cleaned migrations from db_grid/A1/database.db
2024-11-20 12:13:12,875 - konomi.utils.schema_manager - INFO - Cleaned migrations from db_grid/A1/database.db
2024-11-20 12:13:12,905 - konomi.utils.schema_manager - INFO - Registered migration version 1 for db_grid/A1/database.db
2024-11-20 12:13:12,905 - konomi.utils.schema_manager - INFO - Registered migration version 1 for db_grid/A1/database.db
2024-11-20 12:13:12,937 - konomi.utils.schema_manager - INFO - Applied migration version 1 to db_grid/A1/database.db
2024-11-20 12:13:12,937 - konomi.utils.schema_manager - INFO - Applied migration version 1 to db_grid/A1/database.db
2024-11-20 12:13:12,937 - __main__ - INFO - Initializing database A2...
2024-11-20 12:13:12,943 - __main__ - INFO - Successfully initialized db_grid/A2/database.db
2024-11-20 12:13:12,990 - konomi.utils.schema_manager - INFO - Cleaned migrations from db_grid/A2/database.db
2024-11-20 12:13:12,990 - konomi.utils.schema_manager - INFO - Cleaned migrations from db_grid/A2/database.db
2024-11-20 12:13:13,023 - konomi.utils.schema_manager - INFO - Registered migration version 1 for db_grid/A2/database.db
2024-11-20 12:13:13,023 - konomi.utils.schema_manager - INFO - Registered migration version 1 for db_grid/A2/database.db
2024-11-20 12:13:13,050 - konomi.utils.schema_manager - INFO - Applied migration version 1 to db_grid/A2/database.db
2024-11-20 12:13:13,050 - konomi.utils.schema_manager - INFO - Applied migration version 1 to db_grid/A2/database.db
2024-11-20 12:13:13,050 - __main__ - INFO - Initializing database A3...
2024-11-20 12:13:13,053 - __main__ - INFO - Successfully initialized db_grid/A3/database.db
2024-11-20 12:13:13,083 - konomi.utils.schema_manager - INFO - Cleaned migrations from db_grid/A3/database.db
2024-11-20 12:13:13,083 - konomi.utils.schema_manager - INFO - Cleaned migrations from db_grid/A3/database.db
2024-11-20 12:13:13,117 - konomi.utils.schema_manager - INFO - Registered migration version 1 for db_grid/A3/database.db
2024-11-20 12:13:13,117 - konomi.utils.schema_manager - INFO - Registered migration version 1 for db_grid/A3/database.db
2024-11-20 12:13:13,142 - konomi.utils.schema_manager - INFO - Applied migration version 1 to db_grid/A3/database.db
2024-11-20 12:13:13,142 - konomi.utils.schema_manager - INFO - Applied migration version 1 to db_grid/A3/database.db
2024-11-20 12:13:13,142 - __main__ - INFO - Initializing database A4...
2024-11-20 12:13:13,149 - __main__ - INFO - Successfully initialized db_grid/A4/database.db
2024-11-20 12:13:13,330 - konomi.utils.schema_manager - INFO - Cleaned migrations from db_grid/A4/database.db
2024-11-20 12:13:13,330 - konomi.utils.schema_manager - INFO - Cleaned migrations from db_grid/A4/database.db
2024-11-20 12:13:13,355 - konomi.utils.schema_manager - INFO - Registered migration version 1 for db_grid/A4/database.db
2024-11-20 12:13:13,355 - konomi.utils.schema_manager - INFO - Registered migration version 1 for db_grid/A4/database.db
2024-11-20 12:13:13,384 - konomi.utils.schema_manager - INFO - Applied migration version 1 to db_grid/A4/database.db
2024-11-20 12:13:13,384 - konomi.utils.schema_manager - INFO - Applied migration version 1 to db_grid/A4/database.db
2024-11-20 12:13:13,385 - __main__ - INFO - Initializing database A5...
2024-11-20 12:13:13,387 - __main__ - INFO - Successfully initialized db_grid/A5/database.db
2024-11-20 12:13:13,418 - konomi.utils.schema_manager - INFO - Cleaned migrations from db_grid/A5/database.db
2024-11-20 12:13:13,418 - konomi.utils.schema_manager - INFO - Cleaned migrations from db_grid/A5/database.db
2024-11-20 12:13:13,448 - konomi.utils.schema_manager - INFO - Registered migration version 1 for db_grid/A5/database.db
2024-11-20 12:13:13,448 - konomi.utils.schema_manager - INFO - Registered migration version 1 for db_grid/A5/database.db
2024-11-20 12:13:13,473 - konomi.utils.schema_manager - INFO - Applied migration version 1 to db_grid/A5/database.db
2024-11-20 12:13:13,473 - konomi.utils.schema_manager - INFO - Applied migration version 1 to db_grid/A5/database.db
2024-11-20 12:13:13,474 - __main__ - INFO - Initializing database B1...
2024-11-20 12:13:13,477 - __main__ - INFO - Successfully initialized db_grid/B1/database.db
2024-11-20 12:13:13,638 - konomi.utils.schema_manager - INFO - Cleaned migrations from db_grid/B1/database.db
2024-11-20 12:13:13,638 - konomi.utils.schema_manager - INFO - Cleaned migrations from db_grid/B1/database.db
2024-11-20 12:13:13,666 - konomi.utils.schema_manager - INFO - Registered migration version 1 for db_grid/B1/database.db
2024-11-20 12:13:13,666 - konomi.utils.schema_manager - INFO - Registered migration version 1 for db_grid/B1/database.db
2024-11-20 12:13:13,694 - konomi.utils.schema_manager - INFO - Applied migration version 1 to db_grid/B1/database.db
2024-11-20 12:13:13,694 - konomi.utils.schema_manager - INFO - Applied migration version 1 to db_grid/B1/database.db
2024-11-20 12:13:13,695 - __main__ - INFO - Initializing database B2...
2024-11-20 12:13:13,697 - __main__ - INFO - Successfully initialized db_grid/B2/database.db
2024-11-20 12:13:13,725 - konomi.utils.schema_manager - INFO - Cleaned migrations from db_grid/B2/database.db
2024-11-20 12:13:13,725 - konomi.utils.schema_manager - INFO - Cleaned migrations from db_grid/B2/database.db
2024-11-20 12:13:13,752 - konomi.utils.schema_manager - INFO - Registered migration version 1 for db_grid/B2/database.db
2024-11-20 12:13:13,752 - konomi.utils.schema_manager - INFO - Registered migration version 1 for db_grid/B2/database.db
2024-11-20 12:13:13,779 - konomi.utils.schema_manager - INFO - Applied migration version 1 to db_grid/B2/database.db
2024-11-20 12:13:13,779 - konomi.utils.schema_manager - INFO - Applied migration version 1 to db_grid/B2/database.db
2024-11-20 12:13:13,780 - __main__ - INFO - Initializing database B3...
2024-11-20 12:13:13,783 - __main__ - INFO - Successfully initialized db_grid/B3/database.db
2024-11-20 12:13:13,810 - konomi.utils.schema_manager - INFO - Cleaned migrations from db_grid/B3/database.db
2024-11-20 12:13:13,810 - konomi.utils.schema_manager - INFO - Cleaned migrations from db_grid/B3/database.db
2024-11-20 12:13:13,838 - konomi.utils.schema_manager - INFO - Registered migration version 1 for db_grid/B3/database.db
2024-11-20 12:13:13,838 - konomi.utils.schema_manager - INFO - Registered migration version 1 for db_grid/B3/database.db
2024-11-20 12:13:13,868 - konomi.utils.schema_manager - INFO - Applied migration version 1 to db_grid/B3/database.db
2024-11-20 12:13:13,868 - konomi.utils.schema_manager - INFO - Applied migration version 1 to db_grid/B3/database.db
2024-11-20 12:13:13,868 - __main__ - INFO - Initializing database B4...
2024-11-20 12:13:13,870 - __main__ - INFO - Successfully initialized db_grid/B4/database.db
2024-11-20 12:13:13,899 - konomi.utils.schema_manager - INFO - Cleaned migrations from db_grid/B4/database.db
2024-11-20 12:13:13,899 - konomi.utils.schema_manager - INFO - Cleaned migrations from db_grid/B4/database.db
2024-11-20 12:13:13,928 - konomi.utils.schema_manager - INFO - Registered migration version 1 for db_grid/B4/database.db
2024-11-20 12:13:13,928 - konomi.utils.schema_manager - INFO - Registered migration version 1 for db_grid/B4/database.db
2024-11-20 12:13:13,954 - konomi.utils.schema_manager - INFO - Applied migration version 1 to db_grid/B4/database.db
2024-11-20 12:13:13,954 - konomi.utils.schema_manager - INFO - Applied migration version 1 to db_grid/B4/database.db
2024-11-20 12:13:13,955 - __main__ - INFO - Initializing database B5...
2024-11-20 12:13:13,957 - __main__ - INFO - Successfully initialized db_grid/B5/database.db
2024-11-20 12:13:13,987 - konomi.utils.schema_manager - INFO - Cleaned migrations from db_grid/B5/database.db
2024-11-20 12:13:13,987 - konomi.utils.schema_manager - INFO - Cleaned migrations from db_grid/B5/database.db
2024-11-20 12:13:14,014 - konomi.utils.schema_manager - INFO - Registered migration version 1 for db_grid/B5/database.db
2024-11-20 12:13:14,014 - konomi.utils.schema_manager - INFO - Registered migration version 1 for db_grid/B5/database.db
2024-11-20 12:13:14,039 - konomi.utils.schema_manager - INFO - Applied migration version 1 to db_grid/B5/database.db
2024-11-20 12:13:14,039 - konomi.utils.schema_manager - INFO - Applied migration version 1 to db_grid/B5/database.db
2024-11-20 12:13:14,039 - __main__ - INFO - Initializing database C1...
2024-11-20 12:13:14,042 - __main__ - INFO - Successfully initialized db_grid/C1/database.db
2024-11-20 12:13:14,070 - konomi.utils.schema_manager - INFO - Cleaned migrations from db_grid/C1/database.db
2024-11-20 12:13:14,070 - konomi.utils.schema_manager - INFO - Cleaned migrations from db_grid/C1/database.db
2024-11-20 12:13:14,276 - konomi.utils.schema_manager - INFO - Registered migration version 1 for db_grid/C1/database.db
2024-11-20 12:13:14,276 - konomi.utils.schema_manager - INFO - Registered migration version 1 for db_grid/C1/database.db
2024-11-20 12:13:14,301 - konomi.utils.schema_manager - INFO - Applied migration version 1 to db_grid/C1/database.db
2024-11-20 12:13:14,301 - konomi.utils.schema_manager - INFO - Applied migration version 1 to db_grid/C1/database.db
2024-11-20 12:13:14,301 - __main__ - INFO - Initializing database C2...
2024-11-20 12:13:14,303 - __main__ - INFO - Successfully initialized db_grid/C2/database.db
2024-11-20 12:13:14,332 - konomi.utils.schema_manager - INFO - Cleaned migrations from db_grid/C2/database.db
2024-11-20 12:13:14,332 - konomi.utils.schema_manager - INFO - Cleaned migrations from db_grid/C2/database.db
2024-11-20 12:13:14,360 - konomi.utils.schema_manager - INFO - Registered migration version 1 for db_grid/C2/database.db
2024-11-20 12:13:14,360 - konomi.utils.schema_manager - INFO - Registered migration version 1 for db_grid/C2/database.db
2024-11-20 12:13:14,387 - konomi.utils.schema_manager - INFO - Applied migration version 1 to db_grid/C2/database.db
2024-11-20 12:13:14,387 - konomi.utils.schema_manager - INFO - Applied migration version 1 to db_grid/C2/database.db
2024-11-20 12:13:14,389 - __main__ - INFO - Initializing database C3...
2024-11-20 12:13:14,393 - __main__ - INFO - Successfully initialized db_grid/C3/database.db
2024-11-20 12:13:14,420 - konomi.utils.schema_manager - INFO - Cleaned migrations from db_grid/C3/database.db
2024-11-20 12:13:14,420 - konomi.utils.schema_manager - INFO - Cleaned migrations from db_grid/C3/database.db
2024-11-20 12:13:14,456 - konomi.utils.schema_manager - INFO - Registered migration version 1 for db_grid/C3/database.db
2024-11-20 12:13:14,456 - konomi.utils.schema_manager - INFO - Registered migration version 1 for db_grid/C3/database.db
2024-11-20 12:13:14,489 - konomi.utils.schema_manager - INFO - Applied migration version 1 to db_grid/C3/database.db
2024-11-20 12:13:14,489 - konomi.utils.schema_manager - INFO - Applied migration version 1 to db_grid/C3/database.db
2024-11-20 12:13:14,489 - __main__ - INFO - Initializing database C4...
2024-11-20 12:13:14,493 - __main__ - INFO - Successfully initialized db_grid/C4/database.db
2024-11-20 12:13:14,521 - konomi.utils.schema_manager - INFO - Cleaned migrations from db_grid/C4/database.db
2024-11-20 12:13:14,521 - konomi.utils.schema_manager - INFO - Cleaned migrations from db_grid/C4/database.db
2024-11-20 12:13:14,548 - konomi.utils.schema_manager - INFO - Registered migration version 1 for db_grid/C4/database.db
2024-11-20 12:13:14,548 - konomi.utils.schema_manager - INFO - Registered migration version 1 for db_grid/C4/database.db
2024-11-20 12:13:14,719 - konomi.utils.schema_manager - INFO - Applied migration version 1 to db_grid/C4/database.db
2024-11-20 12:13:14,719 - konomi.utils.schema_manager - INFO - Applied migration version 1 to db_grid/C4/database.db
2024-11-20 12:13:14,719 - __main__ - INFO - Initializing database C5...
2024-11-20 12:13:14,721 - __main__ - INFO - Successfully initialized db_grid/C5/database.db
2024-11-20 12:13:14,747 - konomi.utils.schema_manager - INFO - Cleaned migrations from db_grid/C5/database.db
2024-11-20 12:13:14,747 - konomi.utils.schema_manager - INFO - Cleaned migrations from db_grid/C5/database.db
2024-11-20 12:13:14,774 - konomi.utils.schema_manager - INFO - Registered migration version 1 for db_grid/C5/database.db
2024-11-20 12:13:14,774 - konomi.utils.schema_manager - INFO - Registered migration version 1 for db_grid/C5/database.db
2024-11-20 12:13:14,801 - konomi.utils.schema_manager - INFO - Applied migration version 1 to db_grid/C5/database.db
2024-11-20 12:13:14,801 - konomi.utils.schema_manager - INFO - Applied migration version 1 to db_grid/C5/database.db
2024-11-20 12:13:14,802 - __main__ - INFO - Initializing database D1...
2024-11-20 12:13:14,811 - __main__ - INFO - Successfully initialized db_grid/D1/database.db
2024-11-20 12:13:14,841 - konomi.utils.schema_manager - INFO - Cleaned migrations from db_grid/D1/database.db
2024-11-20 12:13:14,841 - konomi.utils.schema_manager - INFO - Cleaned migrations from db_grid/D1/database.db
2024-11-20 12:13:14,867 - konomi.utils.schema_manager - INFO - Registered migration version 1 for db_grid/D1/database.db
2024-11-20 12:13:14,867 - konomi.utils.schema_manager - INFO - Registered migration version 1 for db_grid/D1/database.db
2024-11-20 12:13:14,894 - konomi.utils.schema_manager - INFO - Applied migration version 1 to db_grid/D1/database.db
2024-11-20 12:13:14,894 - konomi.utils.schema_manager - INFO - Applied migration version 1 to db_grid/D1/database.db
2024-11-20 12:13:14,894 - __main__ - INFO - Initializing database D2...
2024-11-20 12:13:14,896 - __main__ - INFO - Successfully initialized db_grid/D2/database.db
2024-11-20 12:13:14,933 - konomi.utils.schema_manager - INFO - Cleaned migrations from db_grid/D2/database.db
2024-11-20 12:13:14,933 - konomi.utils.schema_manager - INFO - Cleaned migrations from db_grid/D2/database.db
2024-11-20 12:13:14,960 - konomi.utils.schema_manager - INFO - Registered migration version 1 for db_grid/D2/database.db
2024-11-20 12:13:14,960 - konomi.utils.schema_manager - INFO - Registered migration version 1 for db_grid/D2/database.db
2024-11-20 12:13:14,985 - konomi.utils.schema_manager - INFO - Applied migration version 1 to db_grid/D2/database.db
2024-11-20 12:13:14,985 - konomi.utils.schema_manager - INFO - Applied migration version 1 to db_grid/D2/database.db
2024-11-20 12:13:14,985 - __main__ - INFO - Initializing database D3...
2024-11-20 12:13:14,987 - __main__ - INFO - Successfully initialized db_grid/D3/database.db
2024-11-20 12:13:15,013 - konomi.utils.schema_manager - INFO - Cleaned migrations from db_grid/D3/database.db
2024-11-20 12:13:15,013 - konomi.utils.schema_manager - INFO - Cleaned migrations from db_grid/D3/database.db
2024-11-20 12:13:15,041 - konomi.utils.schema_manager - INFO - Registered migration version 1 for db_grid/D3/database.db
2024-11-20 12:13:15,041 - konomi.utils.schema_manager - INFO - Registered migration version 1 for db_grid/D3/database.db
2024-11-20 12:13:15,075 - konomi.utils.schema_manager - INFO - Applied migration version 1 to db_grid/D3/database.db
2024-11-20 12:13:15,075 - konomi.utils.schema_manager - INFO - Applied migration version 1 to db_grid/D3/database.db
2024-11-20 12:13:15,077 - __main__ - INFO - Initializing database D4...
2024-11-20 12:13:15,079 - __main__ - INFO - Successfully initialized db_grid/D4/database.db
2024-11-20 12:13:15,108 - konomi.utils.schema_manager - INFO - Cleaned migrations from db_grid/D4/database.db
2024-11-20 12:13:15,108 - konomi.utils.schema_manager - INFO - Cleaned migrations from db_grid/D4/database.db
2024-11-20 12:13:15,135 - konomi.utils.schema_manager - INFO - Registered migration version 1 for db_grid/D4/database.db
2024-11-20 12:13:15,135 - konomi.utils.schema_manager - INFO - Registered migration version 1 for db_grid/D4/database.db
2024-11-20 12:13:15,160 - konomi.utils.schema_manager - INFO - Applied migration version 1 to db_grid/D4/database.db
2024-11-20 12:13:15,160 - konomi.utils.schema_manager - INFO - Applied migration version 1 to db_grid/D4/database.db
2024-11-20 12:13:15,163 - __main__ - INFO - Initializing database D5...
2024-11-20 12:13:15,165 - __main__ - INFO - Successfully initialized db_grid/D5/database.db
2024-11-20 12:13:15,194 - konomi.utils.schema_manager - INFO - Cleaned migrations from db_grid/D5/database.db
2024-11-20 12:13:15,194 - konomi.utils.schema_manager - INFO - Cleaned migrations from db_grid/D5/database.db
2024-11-20 12:13:15,222 - konomi.utils.schema_manager - INFO - Registered migration version 1 for db_grid/D5/database.db
2024-11-20 12:13:15,222 - konomi.utils.schema_manager - INFO - Registered migration version 1 for db_grid/D5/database.db
2024-11-20 12:13:15,248 - konomi.utils.schema_manager - INFO - Applied migration version 1 to db_grid/D5/database.db
2024-11-20 12:13:15,248 - konomi.utils.schema_manager - INFO - Applied migration version 1 to db_grid/D5/database.db
2024-11-20 12:13:15,249 - __main__ - INFO - Initializing database E1...
2024-11-20 12:13:15,249 - __main__ - INFO - Successfully initialized db_grid/E1/database.db
2024-11-20 12:13:15,276 - konomi.utils.schema_manager - INFO - Cleaned migrations from db_grid/E1/database.db
2024-11-20 12:13:15,276 - konomi.utils.schema_manager - INFO - Cleaned migrations from db_grid/E1/database.db
2024-11-20 12:13:15,301 - konomi.utils.schema_manager - INFO - Registered migration version 1 for db_grid/E1/database.db
2024-11-20 12:13:15,301 - konomi.utils.schema_manager - INFO - Registered migration version 1 for db_grid/E1/database.db
2024-11-20 12:13:15,328 - konomi.utils.schema_manager - INFO - Applied migration version 1 to db_grid/E1/database.db
2024-11-20 12:13:15,328 - konomi.utils.schema_manager - INFO - Applied migration version 1 to db_grid/E1/database.db
2024-11-20 12:13:15,329 - __main__ - INFO - Initializing database E2...
2024-11-20 12:13:15,332 - __main__ - INFO - Successfully initialized db_grid/E2/database.db
2024-11-20 12:13:15,359 - konomi.utils.schema_manager - INFO - Cleaned migrations from db_grid/E2/database.db
2024-11-20 12:13:15,359 - konomi.utils.schema_manager - INFO - Cleaned migrations from db_grid/E2/database.db
2024-11-20 12:13:15,389 - konomi.utils.schema_manager - INFO - Registered migration version 1 for db_grid/E2/database.db
2024-11-20 12:13:15,389 - konomi.utils.schema_manager - INFO - Registered migration version 1 for db_grid/E2/database.db
2024-11-20 12:13:15,413 - konomi.utils.schema_manager - INFO - Applied migration version 1 to db_grid/E2/database.db
2024-11-20 12:13:15,413 - konomi.utils.schema_manager - INFO - Applied migration version 1 to db_grid/E2/database.db
2024-11-20 12:13:15,413 - __main__ - INFO - Initializing database E3...
2024-11-20 12:13:15,415 - __main__ - INFO - Successfully initialized db_grid/E3/database.db
2024-11-20 12:13:15,441 - konomi.utils.schema_manager - INFO - Cleaned migrations from db_grid/E3/database.db
2024-11-20 12:13:15,441 - konomi.utils.schema_manager - INFO - Cleaned migrations from db_grid/E3/database.db
2024-11-20 12:13:15,470 - konomi.utils.schema_manager - INFO - Registered migration version 1 for db_grid/E3/database.db
2024-11-20 12:13:15,470 - konomi.utils.schema_manager - INFO - Registered migration version 1 for db_grid/E3/database.db
2024-11-20 12:13:15,497 - konomi.utils.schema_manager - INFO - Applied migration version 1 to db_grid/E3/database.db
2024-11-20 12:13:15,497 - konomi.utils.schema_manager - INFO - Applied migration version 1 to db_grid/E3/database.db
2024-11-20 12:13:15,497 - __main__ - INFO - Initializing database E4...
2024-11-20 12:13:15,498 - __main__ - INFO - Successfully initialized db_grid/E4/database.db
2024-11-20 12:13:15,524 - konomi.utils.schema_manager - INFO - Cleaned migrations from db_grid/E4/database.db
2024-11-20 12:13:15,524 - konomi.utils.schema_manager - INFO - Cleaned migrations from db_grid/E4/database.db
2024-11-20 12:13:15,551 - konomi.utils.schema_manager - INFO - Registered migration version 1 for db_grid/E4/database.db
2024-11-20 12:13:15,551 - konomi.utils.schema_manager - INFO - Registered migration version 1 for db_grid/E4/database.db
2024-11-20 12:13:15,578 - konomi.utils.schema_manager - INFO - Applied migration version 1 to db_grid/E4/database.db
2024-11-20 12:13:15,578 - konomi.utils.schema_manager - INFO - Applied migration version 1 to db_grid/E4/database.db
2024-11-20 12:13:15,578 - __main__ - INFO - Initializing database E5...
2024-11-20 12:13:15,582 - __main__ - INFO - Successfully initialized db_grid/E5/database.db
2024-11-20 12:13:15,608 - konomi.utils.schema_manager - INFO - Cleaned migrations from db_grid/E5/database.db
2024-11-20 12:13:15,608 - konomi.utils.schema_manager - INFO - Cleaned migrations from db_grid/E5/database.db
2024-11-20 12:13:15,634 - konomi.utils.schema_manager - INFO - Registered migration version 1 for db_grid/E5/database.db
2024-11-20 12:13:15,634 - konomi.utils.schema_manager - INFO - Registered migration version 1 for db_grid/E5/database.db
2024-11-20 12:13:15,659 - konomi.utils.schema_manager - INFO - Applied migration version 1 to db_grid/E5/database.db
2024-11-20 12:13:15,659 - konomi.utils.schema_manager - INFO - Applied migration version 1 to db_grid/E5/database.db
2024-11-20 12:13:15,660 - __main__ - INFO - Initializing database F1...
2024-11-20 12:13:15,662 - __main__ - INFO - Successfully initialized db_grid/F1/database.db
2024-11-20 12:13:15,690 - konomi.utils.schema_manager - INFO - Cleaned migrations from db_grid/F1/database.db
2024-11-20 12:13:15,690 - konomi.utils.schema_manager - INFO - Cleaned migrations from db_grid/F1/database.db
2024-11-20 12:13:15,716 - konomi.utils.schema_manager - INFO - Registered migration version 1 for db_grid/F1/database.db
2024-11-20 12:13:15,716 - konomi.utils.schema_manager - INFO - Registered migration version 1 for db_grid/F1/database.db
2024-11-20 12:13:15,742 - konomi.utils.schema_manager - INFO - Applied migration version 1 to db_grid/F1/database.db
2024-11-20 12:13:15,742 - konomi.utils.schema_manager - INFO - Applied migration version 1 to db_grid/F1/database.db
2024-11-20 12:13:15,742 - __main__ - INFO - Initializing database F2...
2024-11-20 12:13:15,745 - __main__ - INFO - Successfully initialized db_grid/F2/database.db
2024-11-20 12:13:15,774 - konomi.utils.schema_manager - INFO - Cleaned migrations from db_grid/F2/database.db
2024-11-20 12:13:15,774 - konomi.utils.schema_manager - INFO - Cleaned migrations from db_grid/F2/database.db
2024-11-20 12:13:15,799 - konomi.utils.schema_manager - INFO - Registered migration version 1 for db_grid/F2/database.db
2024-11-20 12:13:15,799 - konomi.utils.schema_manager - INFO - Registered migration version 1 for db_grid/F2/database.db
2024-11-20 12:13:15,823 - konomi.utils.schema_manager - INFO - Applied migration version 1 to db_grid/F2/database.db
2024-11-20 12:13:15,823 - konomi.utils.schema_manager - INFO - Applied migration version 1 to db_grid/F2/database.db
2024-11-20 12:13:15,825 - __main__ - INFO - Initializing database F3...
2024-11-20 12:13:15,827 - __main__ - INFO - Successfully initialized db_grid/F3/database.db
2024-11-20 12:13:15,855 - konomi.utils.schema_manager - INFO - Cleaned migrations from db_grid/F3/database.db
2024-11-20 12:13:15,855 - konomi.utils.schema_manager - INFO - Cleaned migrations from db_grid/F3/database.db
2024-11-20 12:13:15,880 - konomi.utils.schema_manager - INFO - Registered migration version 1 for db_grid/F3/database.db
2024-11-20 12:13:15,880 - konomi.utils.schema_manager - INFO - Registered migration version 1 for db_grid/F3/database.db
2024-11-20 12:13:15,903 - konomi.utils.schema_manager - INFO - Applied migration version 1 to db_grid/F3/database.db
2024-11-20 12:13:15,903 - konomi.utils.schema_manager - INFO - Applied migration version 1 to db_grid/F3/database.db
2024-11-20 12:13:15,904 - __main__ - INFO - Initializing database F4...
2024-11-20 12:13:15,905 - __main__ - INFO - Successfully initialized db_grid/F4/database.db
2024-11-20 12:13:15,934 - konomi.utils.schema_manager - INFO - Cleaned migrations from db_grid/F4/database.db
2024-11-20 12:13:15,934 - konomi.utils.schema_manager - INFO - Cleaned migrations from db_grid/F4/database.db
2024-11-20 12:13:15,961 - konomi.utils.schema_manager - INFO - Registered migration version 1 for db_grid/F4/database.db
2024-11-20 12:13:15,961 - konomi.utils.schema_manager - INFO - Registered migration version 1 for db_grid/F4/database.db
2024-11-20 12:13:15,986 - konomi.utils.schema_manager - INFO - Applied migration version 1 to db_grid/F4/database.db
2024-11-20 12:13:15,986 - konomi.utils.schema_manager - INFO - Applied migration version 1 to db_grid/F4/database.db
2024-11-20 12:13:15,986 - __main__ - INFO - Initializing database F5...
2024-11-20 12:13:15,990 - __main__ - INFO - Successfully initialized db_grid/F5/database.db
2024-11-20 12:13:16,017 - konomi.utils.schema_manager - INFO - Cleaned migrations from db_grid/F5/database.db
2024-11-20 12:13:16,017 - konomi.utils.schema_manager - INFO - Cleaned migrations from db_grid/F5/database.db
2024-11-20 12:13:16,041 - konomi.utils.schema_manager - INFO - Registered migration version 1 for db_grid/F5/database.db
2024-11-20 12:13:16,041 - konomi.utils.schema_manager - INFO - Registered migration version 1 for db_grid/F5/database.db
2024-11-20 12:13:16,067 - konomi.utils.schema_manager - INFO - Applied migration version 1 to db_grid/F5/database.db
2024-11-20 12:13:16,067 - konomi.utils.schema_manager - INFO - Applied migration version 1 to db_grid/F5/database.db
2024-11-20 12:13:16,067 - __main__ - INFO - Initializing database G1...
2024-11-20 12:13:16,069 - __main__ - INFO - Successfully initialized db_grid/G1/database.db
2024-11-20 12:13:16,097 - konomi.utils.schema_manager - INFO - Cleaned migrations from db_grid/G1/database.db
2024-11-20 12:13:16,097 - konomi.utils.schema_manager - INFO - Cleaned migrations from db_grid/G1/database.db
2024-11-20 12:13:16,123 - konomi.utils.schema_manager - INFO - Registered migration version 1 for db_grid/G1/database.db
2024-11-20 12:13:16,123 - konomi.utils.schema_manager - INFO - Registered migration version 1 for db_grid/G1/database.db
2024-11-20 12:13:16,147 - konomi.utils.schema_manager - INFO - Applied migration version 1 to db_grid/G1/database.db
2024-11-20 12:13:16,147 - konomi.utils.schema_manager - INFO - Applied migration version 1 to db_grid/G1/database.db
2024-11-20 12:13:16,147 - __main__ - INFO - Initializing database G2...
2024-11-20 12:13:16,149 - __main__ - INFO - Successfully initialized db_grid/G2/database.db
2024-11-20 12:13:16,179 - konomi.utils.schema_manager - INFO - Cleaned migrations from db_grid/G2/database.db
2024-11-20 12:13:16,179 - konomi.utils.schema_manager - INFO - Cleaned migrations from db_grid/G2/database.db
2024-11-20 12:13:16,204 - konomi.utils.schema_manager - INFO - Registered migration version 1 for db_grid/G2/database.db
2024-11-20 12:13:16,204 - konomi.utils.schema_manager - INFO - Registered migration version 1 for db_grid/G2/database.db
2024-11-20 12:13:16,229 - konomi.utils.schema_manager - INFO - Applied migration version 1 to db_grid/G2/database.db
2024-11-20 12:13:16,229 - konomi.utils.schema_manager - INFO - Applied migration version 1 to db_grid/G2/database.db
2024-11-20 12:13:16,229 - __main__ - INFO - Initializing database G3...
2024-11-20 12:13:16,231 - __main__ - INFO - Successfully initialized db_grid/G3/database.db
2024-11-20 12:13:16,431 - konomi.utils.schema_manager - INFO - Cleaned migrations from db_grid/G3/database.db
2024-11-20 12:13:16,431 - konomi.utils.schema_manager - INFO - Cleaned migrations from db_grid/G3/database.db
2024-11-20 12:13:16,456 - konomi.utils.schema_manager - INFO - Registered migration version 1 for db_grid/G3/database.db
2024-11-20 12:13:16,456 - konomi.utils.schema_manager - INFO - Registered migration version 1 for db_grid/G3/database.db
2024-11-20 12:13:16,480 - konomi.utils.schema_manager - INFO - Applied migration version 1 to db_grid/G3/database.db
2024-11-20 12:13:16,480 - konomi.utils.schema_manager - INFO - Applied migration version 1 to db_grid/G3/database.db
2024-11-20 12:13:16,480 - __main__ - INFO - Initializing database G4...
2024-11-20 12:13:16,483 - __main__ - INFO - Successfully initialized db_grid/G4/database.db
2024-11-20 12:13:16,512 - konomi.utils.schema_manager - INFO - Cleaned migrations from db_grid/G4/database.db
2024-11-20 12:13:16,512 - konomi.utils.schema_manager - INFO - Cleaned migrations from db_grid/G4/database.db
2024-11-20 12:13:16,537 - konomi.utils.schema_manager - INFO - Registered migration version 1 for db_grid/G4/database.db
2024-11-20 12:13:16,537 - konomi.utils.schema_manager - INFO - Registered migration version 1 for db_grid/G4/database.db
2024-11-20 12:13:16,565 - konomi.utils.schema_manager - INFO - Applied migration version 1 to db_grid/G4/database.db
2024-11-20 12:13:16,565 - konomi.utils.schema_manager - INFO - Applied migration version 1 to db_grid/G4/database.db
2024-11-20 12:13:16,565 - __main__ - INFO - Initializing database G5...
2024-11-20 12:13:16,567 - __main__ - INFO - Successfully initialized db_grid/G5/database.db
2024-11-20 12:13:16,601 - konomi.utils.schema_manager - INFO - Cleaned migrations from db_grid/G5/database.db
2024-11-20 12:13:16,601 - konomi.utils.schema_manager - INFO - Cleaned migrations from db_grid/G5/database.db
2024-11-20 12:13:16,630 - konomi.utils.schema_manager - INFO - Registered migration version 1 for db_grid/G5/database.db
2024-11-20 12:13:16,630 - konomi.utils.schema_manager - INFO - Registered migration version 1 for db_grid/G5/database.db
2024-11-20 12:13:16,657 - konomi.utils.schema_manager - INFO - Applied migration version 1 to db_grid/G5/database.db
2024-11-20 12:13:16,657 - konomi.utils.schema_manager - INFO - Applied migration version 1 to db_grid/G5/database.db
2024-11-20 12:22:07,355 - __main__ - INFO - Initializing database A1...
2024-11-20 12:22:07,357 - __main__ - INFO - Successfully initialized db_grid/A1/database.db
2024-11-20 12:22:07,405 - konomi.utils.schema_manager - INFO - Cleaned migrations from db_grid/A1/database.db
2024-11-20 12:22:07,405 - konomi.utils.schema_manager - INFO - Cleaned migrations from db_grid/A1/database.db
2024-11-20 12:22:07,456 - konomi.utils.schema_manager - INFO - Registered migration version 1 for db_grid/A1/database.db
2024-11-20 12:22:07,456 - konomi.utils.schema_manager - INFO - Registered migration version 1 for db_grid/A1/database.db
2024-11-20 12:22:07,489 - konomi.utils.schema_manager - INFO - Applied migration version 1 to db_grid/A1/database.db
2024-11-20 12:22:07,489 - konomi.utils.schema_manager - INFO - Applied migration version 1 to db_grid/A1/database.db
2024-11-20 12:22:07,489 - __main__ - INFO - Initializing database A2...
2024-11-20 12:22:07,490 - __main__ - INFO - Successfully initialized db_grid/A2/database.db
2024-11-20 12:22:07,526 - konomi.utils.schema_manager - INFO - Cleaned migrations from db_grid/A2/database.db
2024-11-20 12:22:07,526 - konomi.utils.schema_manager - INFO - Cleaned migrations from db_grid/A2/database.db
2024-11-20 12:22:07,571 - konomi.utils.schema_manager - INFO - Registered migration version 1 for db_grid/A2/database.db
2024-11-20 12:22:07,571 - konomi.utils.schema_manager - INFO - Registered migration version 1 for db_grid/A2/database.db
2024-11-20 12:22:07,630 - konomi.utils.schema_manager - INFO - Applied migration version 1 to db_grid/A2/database.db
2024-11-20 12:22:07,630 - konomi.utils.schema_manager - INFO - Applied migration version 1 to db_grid/A2/database.db
2024-11-20 12:22:07,631 - __main__ - INFO - Initializing database A3...
2024-11-20 12:22:07,631 - __main__ - INFO - Successfully initialized db_grid/A3/database.db
2024-11-20 12:22:07,671 - konomi.utils.schema_manager - INFO - Cleaned migrations from db_grid/A3/database.db
2024-11-20 12:22:07,671 - konomi.utils.schema_manager - INFO - Cleaned migrations from db_grid/A3/database.db
2024-11-20 12:22:07,713 - konomi.utils.schema_manager - INFO - Registered migration version 1 for db_grid/A3/database.db
2024-11-20 12:22:07,713 - konomi.utils.schema_manager - INFO - Registered migration version 1 for db_grid/A3/database.db
2024-11-20 12:22:07,754 - konomi.utils.schema_manager - INFO - Applied migration version 1 to db_grid/A3/database.db
2024-11-20 12:22:07,754 - konomi.utils.schema_manager - INFO - Applied migration version 1 to db_grid/A3/database.db
2024-11-20 12:22:07,755 - __main__ - INFO - Initializing database A4...
2024-11-20 12:22:07,756 - __main__ - INFO - Successfully initialized db_grid/A4/database.db
2024-11-20 12:22:07,807 - konomi.utils.schema_manager - INFO - Cleaned migrations from db_grid/A4/database.db
2024-11-20 12:22:07,807 - konomi.utils.schema_manager - INFO - Cleaned migrations from db_grid/A4/database.db
2024-11-20 12:22:07,864 - konomi.utils.schema_manager - INFO - Registered migration version 1 for db_grid/A4/database.db
2024-11-20 12:22:07,864 - konomi.utils.schema_manager - INFO - Registered migration version 1 for db_grid/A4/database.db
2024-11-20 12:22:07,931 - konomi.utils.schema_manager - INFO - Applied migration version 1 to db_grid/A4/database.db
2024-11-20 12:22:07,931 - konomi.utils.schema_manager - INFO - Applied migration version 1 to db_grid/A4/database.db
2024-11-20 12:22:07,931 - __main__ - INFO - Initializing database A5...
2024-11-20 12:22:07,932 - __main__ - INFO - Successfully initialized db_grid/A5/database.db
2024-11-20 12:22:07,968 - konomi.utils.schema_manager - INFO - Cleaned migrations from db_grid/A5/database.db
2024-11-20 12:22:07,968 - konomi.utils.schema_manager - INFO - Cleaned migrations from db_grid/A5/database.db
2024-11-20 12:22:08,014 - konomi.utils.schema_manager - INFO - Registered migration version 1 for db_grid/A5/database.db
2024-11-20 12:22:08,014 - konomi.utils.schema_manager - INFO - Registered migration version 1 for db_grid/A5/database.db
2024-11-20 12:22:08,053 - konomi.utils.schema_manager - INFO - Applied migration version 1 to db_grid/A5/database.db
2024-11-20 12:22:08,053 - konomi.utils.schema_manager - INFO - Applied migration version 1 to db_grid/A5/database.db
2024-11-20 12:22:08,053 - __main__ - INFO - Initializing database B1...
2024-11-20 12:22:08,054 - __main__ - INFO - Successfully initialized db_grid/B1/database.db
2024-11-20 12:22:08,095 - konomi.utils.schema_manager - INFO - Cleaned migrations from db_grid/B1/database.db
2024-11-20 12:22:08,095 - konomi.utils.schema_manager - INFO - Cleaned migrations from db_grid/B1/database.db
2024-11-20 12:22:08,132 - konomi.utils.schema_manager - INFO - Registered migration version 1 for db_grid/B1/database.db
2024-11-20 12:22:08,132 - konomi.utils.schema_manager - INFO - Registered migration version 1 for db_grid/B1/database.db
2024-11-20 12:22:08,177 - konomi.utils.schema_manager - INFO - Applied migration version 1 to db_grid/B1/database.db
2024-11-20 12:22:08,177 - konomi.utils.schema_manager - INFO - Applied migration version 1 to db_grid/B1/database.db
2024-11-20 12:22:08,178 - __main__ - INFO - Initializing database B2...
2024-11-20 12:22:08,180 - __main__ - INFO - Successfully initialized db_grid/B2/database.db
2024-11-20 12:22:08,222 - konomi.utils.schema_manager - INFO - Cleaned migrations from db_grid/B2/database.db
2024-11-20 12:22:08,222 - konomi.utils.schema_manager - INFO - Cleaned migrations from db_grid/B2/database.db
2024-11-20 12:22:08,437 - konomi.utils.schema_manager - INFO - Registered migration version 1 for db_grid/B2/database.db
2024-11-20 12:22:08,437 - konomi.utils.schema_manager - INFO - Registered migration version 1 for db_grid/B2/database.db
2024-11-20 12:22:08,485 - konomi.utils.schema_manager - INFO - Applied migration version 1 to db_grid/B2/database.db
2024-11-20 12:22:08,485 - konomi.utils.schema_manager - INFO - Applied migration version 1 to db_grid/B2/database.db
2024-11-20 12:22:08,485 - __main__ - INFO - Initializing database B3...
2024-11-20 12:22:08,486 - __main__ - INFO - Successfully initialized db_grid/B3/database.db
2024-11-20 12:22:08,548 - konomi.utils.schema_manager - INFO - Cleaned migrations from db_grid/B3/database.db
2024-11-20 12:22:08,548 - konomi.utils.schema_manager - INFO - Cleaned migrations from db_grid/B3/database.db
2024-11-20 12:22:08,603 - konomi.utils.schema_manager - INFO - Registered migration version 1 for db_grid/B3/database.db
2024-11-20 12:22:08,603 - konomi.utils.schema_manager - INFO - Registered migration version 1 for db_grid/B3/database.db
2024-11-20 12:22:08,666 - konomi.utils.schema_manager - INFO - Applied migration version 1 to db_grid/B3/database.db
2024-11-20 12:22:08,666 - konomi.utils.schema_manager - INFO - Applied migration version 1 to db_grid/B3/database.db
2024-11-20 12:22:08,667 - __main__ - INFO - Initializing database B4...
2024-11-20 12:22:08,667 - __main__ - INFO - Successfully initialized db_grid/B4/database.db
2024-11-20 12:22:08,707 - konomi.utils.schema_manager - INFO - Cleaned migrations from db_grid/B4/database.db
2024-11-20 12:22:08,707 - konomi.utils.schema_manager - INFO - Cleaned migrations from db_grid/B4/database.db
2024-11-20 12:22:08,753 - konomi.utils.schema_manager - INFO - Registered migration version 1 for db_grid/B4/database.db
2024-11-20 12:22:08,753 - konomi.utils.schema_manager - INFO - Registered migration version 1 for db_grid/B4/database.db
2024-11-20 12:22:08,792 - konomi.utils.schema_manager - INFO - Applied migration version 1 to db_grid/B4/database.db
2024-11-20 12:22:08,792 - konomi.utils.schema_manager - INFO - Applied migration version 1 to db_grid/B4/database.db
2024-11-20 12:22:08,793 - __main__ - INFO - Initializing database B5...
2024-11-20 12:22:08,794 - __main__ - INFO - Successfully initialized db_grid/B5/database.db
2024-11-20 12:22:08,843 - konomi.utils.schema_manager - INFO - Cleaned migrations from db_grid/B5/database.db
2024-11-20 12:22:08,843 - konomi.utils.schema_manager - INFO - Cleaned migrations from db_grid/B5/database.db
2024-11-20 12:22:08,880 - konomi.utils.schema_manager - INFO - Registered migration version 1 for db_grid/B5/database.db
2024-11-20 12:22:08,880 - konomi.utils.schema_manager - INFO - Registered migration version 1 for db_grid/B5/database.db
2024-11-20 12:22:08,916 - konomi.utils.schema_manager - INFO - Applied migration version 1 to db_grid/B5/database.db
2024-11-20 12:22:08,916 - konomi.utils.schema_manager - INFO - Applied migration version 1 to db_grid/B5/database.db
2024-11-20 12:22:08,917 - __main__ - INFO - Initializing database C1...
2024-11-20 12:22:08,917 - __main__ - INFO - Successfully initialized db_grid/C1/database.db
2024-11-20 12:22:08,961 - konomi.utils.schema_manager - INFO - Cleaned migrations from db_grid/C1/database.db
2024-11-20 12:22:08,961 - konomi.utils.schema_manager - INFO - Cleaned migrations from db_grid/C1/database.db
2024-11-20 12:22:09,001 - konomi.utils.schema_manager - INFO - Registered migration version 1 for db_grid/C1/database.db
2024-11-20 12:22:09,001 - konomi.utils.schema_manager - INFO - Registered migration version 1 for db_grid/C1/database.db
2024-11-20 12:22:09,040 - konomi.utils.schema_manager - INFO - Applied migration version 1 to db_grid/C1/database.db
2024-11-20 12:22:09,040 - konomi.utils.schema_manager - INFO - Applied migration version 1 to db_grid/C1/database.db
2024-11-20 12:22:09,040 - __main__ - INFO - Initializing database C2...
2024-11-20 12:22:09,041 - __main__ - INFO - Successfully initialized db_grid/C2/database.db
2024-11-20 12:22:09,077 - konomi.utils.schema_manager - INFO - Cleaned migrations from db_grid/C2/database.db
2024-11-20 12:22:09,077 - konomi.utils.schema_manager - INFO - Cleaned migrations from db_grid/C2/database.db
2024-11-20 12:22:09,116 - konomi.utils.schema_manager - INFO - Registered migration version 1 for db_grid/C2/database.db
2024-11-20 12:22:09,116 - konomi.utils.schema_manager - INFO - Registered migration version 1 for db_grid/C2/database.db
2024-11-20 12:22:09,317 - konomi.utils.schema_manager - INFO - Applied migration version 1 to db_grid/C2/database.db
2024-11-20 12:22:09,317 - konomi.utils.schema_manager - INFO - Applied migration version 1 to db_grid/C2/database.db
2024-11-20 12:22:09,317 - __main__ - INFO - Initializing database C3...
2024-11-20 12:22:09,317 - __main__ - INFO - Successfully initialized db_grid/C3/database.db
2024-11-20 12:22:09,357 - konomi.utils.schema_manager - INFO - Cleaned migrations from db_grid/C3/database.db
2024-11-20 12:22:09,357 - konomi.utils.schema_manager - INFO - Cleaned migrations from db_grid/C3/database.db
2024-11-20 12:22:09,421 - konomi.utils.schema_manager - INFO - Registered migration version 1 for db_grid/C3/database.db
2024-11-20 12:22:09,421 - konomi.utils.schema_manager - INFO - Registered migration version 1 for db_grid/C3/database.db
2024-11-20 12:22:09,464 - konomi.utils.schema_manager - INFO - Applied migration version 1 to db_grid/C3/database.db
2024-11-20 12:22:09,464 - konomi.utils.schema_manager - INFO - Applied migration version 1 to db_grid/C3/database.db
2024-11-20 12:22:09,464 - __main__ - INFO - Initializing database C4...
2024-11-20 12:22:09,465 - __main__ - INFO - Successfully initialized db_grid/C4/database.db
2024-11-20 12:22:09,516 - konomi.utils.schema_manager - INFO - Cleaned migrations from db_grid/C4/database.db
2024-11-20 12:22:09,516 - konomi.utils.schema_manager - INFO - Cleaned migrations from db_grid/C4/database.db
2024-11-20 12:22:09,554 - konomi.utils.schema_manager - INFO - Registered migration version 1 for db_grid/C4/database.db
2024-11-20 12:22:09,554 - konomi.utils.schema_manager - INFO - Registered migration version 1 for db_grid/C4/database.db
2024-11-20 12:22:09,587 - konomi.utils.schema_manager - INFO - Applied migration version 1 to db_grid/C4/database.db
2024-11-20 12:22:09,587 - konomi.utils.schema_manager - INFO - Applied migration version 1 to db_grid/C4/database.db
2024-11-20 12:22:09,587 - __main__ - INFO - Initializing database C5...
2024-11-20 12:22:09,589 - __main__ - INFO - Successfully initialized db_grid/C5/database.db
2024-11-20 12:22:09,624 - konomi.utils.schema_manager - INFO - Cleaned migrations from db_grid/C5/database.db
2024-11-20 12:22:09,624 - konomi.utils.schema_manager - INFO - Cleaned migrations from db_grid/C5/database.db
2024-11-20 12:22:09,664 - konomi.utils.schema_manager - INFO - Registered migration version 1 for db_grid/C5/database.db
2024-11-20 12:22:09,664 - konomi.utils.schema_manager - INFO - Registered migration version 1 for db_grid/C5/database.db
2024-11-20 12:22:09,702 - konomi.utils.schema_manager - INFO - Applied migration version 1 to db_grid/C5/database.db
2024-11-20 12:22:09,702 - konomi.utils.schema_manager - INFO - Applied migration version 1 to db_grid/C5/database.db
2024-11-20 12:22:09,703 - __main__ - INFO - Initializing database D1...
2024-11-20 12:22:09,705 - __main__ - INFO - Successfully initialized db_grid/D1/database.db
2024-11-20 12:22:09,732 - konomi.utils.schema_manager - INFO - Cleaned migrations from db_grid/D1/database.db
2024-11-20 12:22:09,732 - konomi.utils.schema_manager - INFO - Cleaned migrations from db_grid/D1/database.db
2024-11-20 12:22:09,760 - konomi.utils.schema_manager - INFO - Registered migration version 1 for db_grid/D1/database.db
2024-11-20 12:22:09,760 - konomi.utils.schema_manager - INFO - Registered migration version 1 for db_grid/D1/database.db
2024-11-20 12:22:09,797 - konomi.utils.schema_manager - INFO - Applied migration version 1 to db_grid/D1/database.db
2024-11-20 12:22:09,797 - konomi.utils.schema_manager - INFO - Applied migration version 1 to db_grid/D1/database.db
2024-11-20 12:22:09,798 - __main__ - INFO - Initializing database D2...
2024-11-20 12:22:09,799 - __main__ - INFO - Successfully initialized db_grid/D2/database.db
2024-11-20 12:22:09,848 - konomi.utils.schema_manager - INFO - Cleaned migrations from db_grid/D2/database.db
2024-11-20 12:22:09,848 - konomi.utils.schema_manager - INFO - Cleaned migrations from db_grid/D2/database.db
2024-11-20 12:22:09,891 - konomi.utils.schema_manager - INFO - Registered migration version 1 for db_grid/D2/database.db
2024-11-20 12:22:09,891 - konomi.utils.schema_manager - INFO - Registered migration version 1 for db_grid/D2/database.db
2024-11-20 12:22:09,938 - konomi.utils.schema_manager - INFO - Applied migration version 1 to db_grid/D2/database.db
2024-11-20 12:22:09,938 - konomi.utils.schema_manager - INFO - Applied migration version 1 to db_grid/D2/database.db
2024-11-20 12:22:09,939 - __main__ - INFO - Initializing database D3...
2024-11-20 12:22:09,939 - __main__ - INFO - Successfully initialized db_grid/D3/database.db
2024-11-20 12:22:09,981 - konomi.utils.schema_manager - INFO - Cleaned migrations from db_grid/D3/database.db
2024-11-20 12:22:09,981 - konomi.utils.schema_manager - INFO - Cleaned migrations from db_grid/D3/database.db
2024-11-20 12:22:10,020 - konomi.utils.schema_manager - INFO - Registered migration version 1 for db_grid/D3/database.db
2024-11-20 12:22:10,020 - konomi.utils.schema_manager - INFO - Registered migration version 1 for db_grid/D3/database.db
2024-11-20 12:22:10,057 - konomi.utils.schema_manager - INFO - Applied migration version 1 to db_grid/D3/database.db
2024-11-20 12:22:10,057 - konomi.utils.schema_manager - INFO - Applied migration version 1 to db_grid/D3/database.db
2024-11-20 12:22:10,058 - __main__ - INFO - Initializing database D4...
2024-11-20 12:22:10,058 - __main__ - INFO - Successfully initialized db_grid/D4/database.db
2024-11-20 12:22:10,103 - konomi.utils.schema_manager - INFO - Cleaned migrations from db_grid/D4/database.db
2024-11-20 12:22:10,103 - konomi.utils.schema_manager - INFO - Cleaned migrations from db_grid/D4/database.db
2024-11-20 12:22:10,148 - konomi.utils.schema_manager - INFO - Registered migration version 1 for db_grid/D4/database.db
2024-11-20 12:22:10,148 - konomi.utils.schema_manager - INFO - Registered migration version 1 for db_grid/D4/database.db
2024-11-20 12:22:10,360 - konomi.utils.schema_manager - INFO - Applied migration version 1 to db_grid/D4/database.db
2024-11-20 12:22:10,360 - konomi.utils.schema_manager - INFO - Applied migration version 1 to db_grid/D4/database.db
2024-11-20 12:22:10,360 - __main__ - INFO - Initializing database D5...
2024-11-20 12:22:10,361 - __main__ - INFO - Successfully initialized db_grid/D5/database.db
2024-11-20 12:22:10,403 - konomi.utils.schema_manager - INFO - Cleaned migrations from db_grid/D5/database.db
2024-11-20 12:22:10,403 - konomi.utils.schema_manager - INFO - Cleaned migrations from db_grid/D5/database.db
2024-11-20 12:22:10,444 - konomi.utils.schema_manager - INFO - Registered migration version 1 for db_grid/D5/database.db
2024-11-20 12:22:10,444 - konomi.utils.schema_manager - INFO - Registered migration version 1 for db_grid/D5/database.db
2024-11-20 12:22:10,472 - konomi.utils.schema_manager - INFO - Applied migration version 1 to db_grid/D5/database.db
2024-11-20 12:22:10,472 - konomi.utils.schema_manager - INFO - Applied migration version 1 to db_grid/D5/database.db
2024-11-20 12:22:10,472 - __main__ - INFO - Initializing database E1...
2024-11-20 12:22:10,473 - __main__ - INFO - Successfully initialized db_grid/E1/database.db
2024-11-20 12:22:10,500 - konomi.utils.schema_manager - INFO - Cleaned migrations from db_grid/E1/database.db
2024-11-20 12:22:10,500 - konomi.utils.schema_manager - INFO - Cleaned migrations from db_grid/E1/database.db
2024-11-20 12:22:10,524 - konomi.utils.schema_manager - INFO - Registered migration version 1 for db_grid/E1/database.db
2024-11-20 12:22:10,524 - konomi.utils.schema_manager - INFO - Registered migration version 1 for db_grid/E1/database.db
2024-11-20 12:22:10,546 - konomi.utils.schema_manager - INFO - Applied migration version 1 to db_grid/E1/database.db
2024-11-20 12:22:10,546 - konomi.utils.schema_manager - INFO - Applied migration version 1 to db_grid/E1/database.db
2024-11-20 12:22:10,548 - __main__ - INFO - Initializing database E2...
2024-11-20 12:22:10,548 - __main__ - INFO - Successfully initialized db_grid/E2/database.db
2024-11-20 12:22:10,573 - konomi.utils.schema_manager - INFO - Cleaned migrations from db_grid/E2/database.db
2024-11-20 12:22:10,573 - konomi.utils.schema_manager - INFO - Cleaned migrations from db_grid/E2/database.db
2024-11-20 12:22:10,598 - konomi.utils.schema_manager - INFO - Registered migration version 1 for db_grid/E2/database.db
2024-11-20 12:22:10,598 - konomi.utils.schema_manager - INFO - Registered migration version 1 for db_grid/E2/database.db
2024-11-20 12:22:10,623 - konomi.utils.schema_manager - INFO - Applied migration version 1 to db_grid/E2/database.db
2024-11-20 12:22:10,623 - konomi.utils.schema_manager - INFO - Applied migration version 1 to db_grid/E2/database.db
2024-11-20 12:22:10,623 - __main__ - INFO - Initializing database E3...
2024-11-20 12:22:10,624 - __main__ - INFO - Successfully initialized db_grid/E3/database.db
2024-11-20 12:22:10,647 - konomi.utils.schema_manager - INFO - Cleaned migrations from db_grid/E3/database.db
2024-11-20 12:22:10,647 - konomi.utils.schema_manager - INFO - Cleaned migrations from db_grid/E3/database.db
2024-11-20 12:22:10,694 - konomi.utils.schema_manager - INFO - Registered migration version 1 for db_grid/E3/database.db
2024-11-20 12:22:10,694 - konomi.utils.schema_manager - INFO - Registered migration version 1 for db_grid/E3/database.db
2024-11-20 12:22:10,736 - konomi.utils.schema_manager - INFO - Applied migration version 1 to db_grid/E3/database.db
2024-11-20 12:22:10,736 - konomi.utils.schema_manager - INFO - Applied migration version 1 to db_grid/E3/database.db
2024-11-20 12:22:10,737 - __main__ - INFO - Initializing database E4...
2024-11-20 12:22:10,737 - __main__ - INFO - Successfully initialized db_grid/E4/database.db
2024-11-20 12:22:10,773 - konomi.utils.schema_manager - INFO - Cleaned migrations from db_grid/E4/database.db
2024-11-20 12:22:10,773 - konomi.utils.schema_manager - INFO - Cleaned migrations from db_grid/E4/database.db
2024-11-20 12:22:10,798 - konomi.utils.schema_manager - INFO - Registered migration version 1 for db_grid/E4/database.db
2024-11-20 12:22:10,798 - konomi.utils.schema_manager - INFO - Registered migration version 1 for db_grid/E4/database.db
2024-11-20 12:22:10,825 - konomi.utils.schema_manager - INFO - Applied migration version 1 to db_grid/E4/database.db
2024-11-20 12:22:10,825 - konomi.utils.schema_manager - INFO - Applied migration version 1 to db_grid/E4/database.db
2024-11-20 12:22:10,825 - __main__ - INFO - Initializing database E5...
2024-11-20 12:22:10,826 - __main__ - INFO - Successfully initialized db_grid/E5/database.db
2024-11-20 12:22:10,852 - konomi.utils.schema_manager - INFO - Cleaned migrations from db_grid/E5/database.db
2024-11-20 12:22:10,852 - konomi.utils.schema_manager - INFO - Cleaned migrations from db_grid/E5/database.db
2024-11-20 12:22:10,889 - konomi.utils.schema_manager - INFO - Registered migration version 1 for db_grid/E5/database.db
2024-11-20 12:22:10,889 - konomi.utils.schema_manager - INFO - Registered migration version 1 for db_grid/E5/database.db
2024-11-20 12:22:10,916 - konomi.utils.schema_manager - INFO - Applied migration version 1 to db_grid/E5/database.db
2024-11-20 12:22:10,916 - konomi.utils.schema_manager - INFO - Applied migration version 1 to db_grid/E5/database.db
2024-11-20 12:22:10,916 - __main__ - INFO - Initializing database F1...
2024-11-20 12:22:10,917 - __main__ - INFO - Successfully initialized db_grid/F1/database.db
2024-11-20 12:22:10,946 - konomi.utils.schema_manager - INFO - Cleaned migrations from db_grid/F1/database.db
2024-11-20 12:22:10,946 - konomi.utils.schema_manager - INFO - Cleaned migrations from db_grid/F1/database.db
2024-11-20 12:22:10,980 - konomi.utils.schema_manager - INFO - Registered migration version 1 for db_grid/F1/database.db
2024-11-20 12:22:10,980 - konomi.utils.schema_manager - INFO - Registered migration version 1 for db_grid/F1/database.db
2024-11-20 12:22:11,006 - konomi.utils.schema_manager - INFO - Applied migration version 1 to db_grid/F1/database.db
2024-11-20 12:22:11,006 - konomi.utils.schema_manager - INFO - Applied migration version 1 to db_grid/F1/database.db
2024-11-20 12:22:11,006 - __main__ - INFO - Initializing database F2...
2024-11-20 12:22:11,007 - __main__ - INFO - Successfully initialized db_grid/F2/database.db
2024-11-20 12:22:11,043 - konomi.utils.schema_manager - INFO - Cleaned migrations from db_grid/F2/database.db
2024-11-20 12:22:11,043 - konomi.utils.schema_manager - INFO - Cleaned migrations from db_grid/F2/database.db
2024-11-20 12:22:11,084 - konomi.utils.schema_manager - INFO - Registered migration version 1 for db_grid/F2/database.db
2024-11-20 12:22:11,084 - konomi.utils.schema_manager - INFO - Registered migration version 1 for db_grid/F2/database.db
2024-11-20 12:22:11,110 - konomi.utils.schema_manager - INFO - Applied migration version 1 to db_grid/F2/database.db
2024-11-20 12:22:11,110 - konomi.utils.schema_manager - INFO - Applied migration version 1 to db_grid/F2/database.db
2024-11-20 12:22:11,110 - __main__ - INFO - Initializing database F3...
2024-11-20 12:22:11,111 - __main__ - INFO - Successfully initialized db_grid/F3/database.db
2024-11-20 12:22:11,136 - konomi.utils.schema_manager - INFO - Cleaned migrations from db_grid/F3/database.db
2024-11-20 12:22:11,136 - konomi.utils.schema_manager - INFO - Cleaned migrations from db_grid/F3/database.db
2024-11-20 12:22:11,183 - konomi.utils.schema_manager - INFO - Registered migration version 1 for db_grid/F3/database.db
2024-11-20 12:22:11,183 - konomi.utils.schema_manager - INFO - Registered migration version 1 for db_grid/F3/database.db
2024-11-20 12:22:11,208 - konomi.utils.schema_manager - INFO - Applied migration version 1 to db_grid/F3/database.db
2024-11-20 12:22:11,208 - konomi.utils.schema_manager - INFO - Applied migration version 1 to db_grid/F3/database.db
2024-11-20 12:22:11,208 - __main__ - INFO - Initializing database F4...
2024-11-20 12:22:11,209 - __main__ - INFO - Successfully initialized db_grid/F4/database.db
2024-11-20 12:22:11,248 - konomi.utils.schema_manager - INFO - Cleaned migrations from db_grid/F4/database.db
2024-11-20 12:22:11,248 - konomi.utils.schema_manager - INFO - Cleaned migrations from db_grid/F4/database.db
2024-11-20 12:22:11,272 - konomi.utils.schema_manager - INFO - Registered migration version 1 for db_grid/F4/database.db
2024-11-20 12:22:11,272 - konomi.utils.schema_manager - INFO - Registered migration version 1 for db_grid/F4/database.db
2024-11-20 12:22:11,298 - konomi.utils.schema_manager - INFO - Applied migration version 1 to db_grid/F4/database.db
2024-11-20 12:22:11,298 - konomi.utils.schema_manager - INFO - Applied migration version 1 to db_grid/F4/database.db
2024-11-20 12:22:11,299 - __main__ - INFO - Initializing database F5...
2024-11-20 12:22:11,300 - __main__ - INFO - Successfully initialized db_grid/F5/database.db
2024-11-20 12:22:11,342 - konomi.utils.schema_manager - INFO - Cleaned migrations from db_grid/F5/database.db
2024-11-20 12:22:11,342 - konomi.utils.schema_manager - INFO - Cleaned migrations from db_grid/F5/database.db
2024-11-20 12:22:11,378 - konomi.utils.schema_manager - INFO - Registered migration version 1 for db_grid/F5/database.db
2024-11-20 12:22:11,378 - konomi.utils.schema_manager - INFO - Registered migration version 1 for db_grid/F5/database.db
2024-11-20 12:22:11,403 - konomi.utils.schema_manager - INFO - Applied migration version 1 to db_grid/F5/database.db
2024-11-20 12:22:11,403 - konomi.utils.schema_manager - INFO - Applied migration version 1 to db_grid/F5/database.db
2024-11-20 12:22:11,403 - __main__ - INFO - Initializing database G1...
2024-11-20 12:22:11,404 - __main__ - INFO - Successfully initialized db_grid/G1/database.db
2024-11-20 12:22:11,438 - konomi.utils.schema_manager - INFO - Cleaned migrations from db_grid/G1/database.db
2024-11-20 12:22:11,438 - konomi.utils.schema_manager - INFO - Cleaned migrations from db_grid/G1/database.db
2024-11-20 12:22:11,471 - konomi.utils.schema_manager - INFO - Registered migration version 1 for db_grid/G1/database.db
2024-11-20 12:22:11,471 - konomi.utils.schema_manager - INFO - Registered migration version 1 for db_grid/G1/database.db
2024-11-20 12:22:11,472 - konomi.utils.schema_manager - WARNING - Attempt 1 failed: Failed to execute migration: database is locked
2024-11-20 12:22:11,472 - konomi.utils.schema_manager - WARNING - Attempt 1 failed: Failed to execute migration: database is locked
2024-11-20 12:22:12,499 - konomi.utils.schema_manager - INFO - Applied migration version 1 to db_grid/G1/database.db
2024-11-20 12:22:12,499 - konomi.utils.schema_manager - INFO - Applied migration version 1 to db_grid/G1/database.db
2024-11-20 12:22:12,500 - __main__ - INFO - Initializing database G2...
2024-11-20 12:22:12,500 - __main__ - INFO - Successfully initialized db_grid/G2/database.db
2024-11-20 12:22:12,524 - konomi.utils.schema_manager - INFO - Cleaned migrations from db_grid/G2/database.db
2024-11-20 12:22:12,524 - konomi.utils.schema_manager - INFO - Cleaned migrations from db_grid/G2/database.db
2024-11-20 12:22:12,550 - konomi.utils.schema_manager - INFO - Registered migration version 1 for db_grid/G2/database.db
2024-11-20 12:22:12,550 - konomi.utils.schema_manager - INFO - Registered migration version 1 for db_grid/G2/database.db
2024-11-20 12:22:12,575 - konomi.utils.schema_manager - INFO - Applied migration version 1 to db_grid/G2/database.db
2024-11-20 12:22:12,575 - konomi.utils.schema_manager - INFO - Applied migration version 1 to db_grid/G2/database.db
2024-11-20 12:22:12,576 - __main__ - INFO - Initializing database G3...
2024-11-20 12:22:12,576 - __main__ - INFO - Successfully initialized db_grid/G3/database.db
2024-11-20 12:22:12,600 - konomi.utils.schema_manager - INFO - Cleaned migrations from db_grid/G3/database.db
2024-11-20 12:22:12,600 - konomi.utils.schema_manager - INFO - Cleaned migrations from db_grid/G3/database.db
2024-11-20 12:22:12,630 - konomi.utils.schema_manager - INFO - Registered migration version 1 for db_grid/G3/database.db
2024-11-20 12:22:12,630 - konomi.utils.schema_manager - INFO - Registered migration version 1 for db_grid/G3/database.db
2024-11-20 12:22:12,654 - konomi.utils.schema_manager - INFO - Applied migration version 1 to db_grid/G3/database.db
2024-11-20 12:22:12,654 - konomi.utils.schema_manager - INFO - Applied migration version 1 to db_grid/G3/database.db
2024-11-20 12:22:12,654 - __main__ - INFO - Initializing database G4...
2024-11-20 12:22:12,655 - __main__ - INFO - Successfully initialized db_grid/G4/database.db
2024-11-20 12:22:12,681 - konomi.utils.schema_manager - INFO - Cleaned migrations from db_grid/G4/database.db
2024-11-20 12:22:12,681 - konomi.utils.schema_manager - INFO - Cleaned migrations from db_grid/G4/database.db
2024-11-20 12:22:12,704 - konomi.utils.schema_manager - INFO - Registered migration version 1 for db_grid/G4/database.db
2024-11-20 12:22:12,704 - konomi.utils.schema_manager - INFO - Registered migration version 1 for db_grid/G4/database.db
2024-11-20 12:22:12,731 - konomi.utils.schema_manager - INFO - Applied migration version 1 to db_grid/G4/database.db
2024-11-20 12:22:12,731 - konomi.utils.schema_manager - INFO - Applied migration version 1 to db_grid/G4/database.db
2024-11-20 12:22:12,731 - __main__ - INFO - Initializing database G5...
2024-11-20 12:22:12,732 - __main__ - INFO - Successfully initialized db_grid/G5/database.db
2024-11-20 12:22:12,759 - konomi.utils.schema_manager - INFO - Cleaned migrations from db_grid/G5/database.db
2024-11-20 12:22:12,759 - konomi.utils.schema_manager - INFO - Cleaned migrations from db_grid/G5/database.db
2024-11-20 12:22:12,784 - konomi.utils.schema_manager - INFO - Registered migration version 1 for db_grid/G5/database.db
2024-11-20 12:22:12,784 - konomi.utils.schema_manager - INFO - Registered migration version 1 for db_grid/G5/database.db
2024-11-20 12:22:12,828 - konomi.utils.schema_manager - INFO - Applied migration version 1 to db_grid/G5/database.db
2024-11-20 12:22:12,828 - konomi.utils.schema_manager - INFO - Applied migration version 1 to db_grid/G5/database.db
2024-11-20 12:23:11,866 - __main__ - INFO - Initializing database A1...
2024-11-20 12:23:11,867 - __main__ - INFO - Successfully initialized db_grid/A1/database.db
2024-11-20 12:23:11,944 - konomi.utils.schema_manager - INFO - Cleaned migrations from db_grid/A1/database.db
2024-11-20 12:23:11,944 - konomi.utils.schema_manager - INFO - Cleaned migrations from db_grid/A1/database.db
2024-11-20 12:23:11,987 - konomi.utils.schema_manager - INFO - Registered migration version 1 for db_grid/A1/database.db
2024-11-20 12:23:11,987 - konomi.utils.schema_manager - INFO - Registered migration version 1 for db_grid/A1/database.db
2024-11-20 12:23:12,058 - konomi.utils.schema_manager - INFO - Applied migration version 1 to db_grid/A1/database.db
2024-11-20 12:23:12,058 - konomi.utils.schema_manager - INFO - Applied migration version 1 to db_grid/A1/database.db
2024-11-20 12:23:12,059 - __main__ - INFO - Initializing database A2...
2024-11-20 12:23:12,059 - __main__ - INFO - Successfully initialized db_grid/A2/database.db
2024-11-20 12:23:12,099 - konomi.utils.schema_manager - INFO - Cleaned migrations from db_grid/A2/database.db
2024-11-20 12:23:12,099 - konomi.utils.schema_manager - INFO - Cleaned migrations from db_grid/A2/database.db
2024-11-20 12:23:12,144 - konomi.utils.schema_manager - INFO - Registered migration version 1 for db_grid/A2/database.db
2024-11-20 12:23:12,144 - konomi.utils.schema_manager - INFO - Registered migration version 1 for db_grid/A2/database.db
2024-11-20 12:23:12,204 - konomi.utils.schema_manager - INFO - Applied migration version 1 to db_grid/A2/database.db
2024-11-20 12:23:12,204 - konomi.utils.schema_manager - INFO - Applied migration version 1 to db_grid/A2/database.db
2024-11-20 12:23:12,208 - __main__ - INFO - Initializing database A3...
2024-11-20 12:23:12,209 - __main__ - INFO - Successfully initialized db_grid/A3/database.db
2024-11-20 12:23:12,257 - konomi.utils.schema_manager - INFO - Cleaned migrations from db_grid/A3/database.db
2024-11-20 12:23:12,257 - konomi.utils.schema_manager - INFO - Cleaned migrations from db_grid/A3/database.db
2024-11-20 12:23:12,400 - konomi.utils.schema_manager - INFO - Registered migration version 1 for db_grid/A3/database.db
2024-11-20 12:23:12,400 - konomi.utils.schema_manager - INFO - Registered migration version 1 for db_grid/A3/database.db
2024-11-20 12:23:12,460 - konomi.utils.schema_manager - INFO - Applied migration version 1 to db_grid/A3/database.db
2024-11-20 12:23:12,460 - konomi.utils.schema_manager - INFO - Applied migration version 1 to db_grid/A3/database.db
2024-11-20 12:23:12,460 - __main__ - INFO - Initializing database A4...
2024-11-20 12:23:12,461 - __main__ - INFO - Successfully initialized db_grid/A4/database.db
2024-11-20 12:23:12,507 - konomi.utils.schema_manager - INFO - Cleaned migrations from db_grid/A4/database.db
2024-11-20 12:23:12,507 - konomi.utils.schema_manager - INFO - Cleaned migrations from db_grid/A4/database.db
2024-11-20 12:23:12,551 - konomi.utils.schema_manager - INFO - Registered migration version 1 for db_grid/A4/database.db
2024-11-20 12:23:12,551 - konomi.utils.schema_manager - INFO - Registered migration version 1 for db_grid/A4/database.db
2024-11-20 12:23:12,598 - konomi.utils.schema_manager - INFO - Applied migration version 1 to db_grid/A4/database.db
2024-11-20 12:23:12,598 - konomi.utils.schema_manager - INFO - Applied migration version 1 to db_grid/A4/database.db
2024-11-20 12:23:12,598 - __main__ - INFO - Initializing database A5...
2024-11-20 12:23:12,599 - __main__ - INFO - Successfully initialized db_grid/A5/database.db
2024-11-20 12:23:12,650 - konomi.utils.schema_manager - INFO - Cleaned migrations from db_grid/A5/database.db
2024-11-20 12:23:12,650 - konomi.utils.schema_manager - INFO - Cleaned migrations from db_grid/A5/database.db
2024-11-20 12:23:12,699 - konomi.utils.schema_manager - INFO - Registered migration version 1 for db_grid/A5/database.db
2024-11-20 12:23:12,699 - konomi.utils.schema_manager - INFO - Registered migration version 1 for db_grid/A5/database.db
2024-11-20 12:23:12,736 - konomi.utils.schema_manager - INFO - Applied migration version 1 to db_grid/A5/database.db
2024-11-20 12:23:12,736 - konomi.utils.schema_manager - INFO - Applied migration version 1 to db_grid/A5/database.db
2024-11-20 12:23:12,737 - __main__ - INFO - Initializing database B1...
2024-11-20 12:23:12,741 - __main__ - INFO - Successfully initialized db_grid/B1/database.db
2024-11-20 12:23:12,793 - konomi.utils.schema_manager - INFO - Cleaned migrations from db_grid/B1/database.db
2024-11-20 12:23:12,793 - konomi.utils.schema_manager - INFO - Cleaned migrations from db_grid/B1/database.db
2024-11-20 12:23:12,871 - konomi.utils.schema_manager - INFO - Registered migration version 1 for db_grid/B1/database.db
2024-11-20 12:23:12,871 - konomi.utils.schema_manager - INFO - Registered migration version 1 for db_grid/B1/database.db
2024-11-20 12:23:12,914 - konomi.utils.schema_manager - INFO - Applied migration version 1 to db_grid/B1/database.db
2024-11-20 12:23:12,914 - konomi.utils.schema_manager - INFO - Applied migration version 1 to db_grid/B1/database.db
2024-11-20 12:23:12,916 - __main__ - INFO - Initializing database B2...
2024-11-20 12:23:12,916 - __main__ - INFO - Successfully initialized db_grid/B2/database.db
2024-11-20 12:23:12,962 - konomi.utils.schema_manager - INFO - Cleaned migrations from db_grid/B2/database.db
2024-11-20 12:23:12,962 - konomi.utils.schema_manager - INFO - Cleaned migrations from db_grid/B2/database.db
2024-11-20 12:23:12,998 - konomi.utils.schema_manager - INFO - Registered migration version 1 for db_grid/B2/database.db
2024-11-20 12:23:12,998 - konomi.utils.schema_manager - INFO - Registered migration version 1 for db_grid/B2/database.db
2024-11-20 12:23:13,055 - konomi.utils.schema_manager - INFO - Applied migration version 1 to db_grid/B2/database.db
2024-11-20 12:23:13,055 - konomi.utils.schema_manager - INFO - Applied migration version 1 to db_grid/B2/database.db
2024-11-20 12:23:13,056 - __main__ - INFO - Initializing database B3...
2024-11-20 12:23:13,058 - __main__ - INFO - Successfully initialized db_grid/B3/database.db
2024-11-20 12:23:13,123 - konomi.utils.schema_manager - INFO - Cleaned migrations from db_grid/B3/database.db
2024-11-20 12:23:13,123 - konomi.utils.schema_manager - INFO - Cleaned migrations from db_grid/B3/database.db
2024-11-20 12:23:13,227 - konomi.utils.schema_manager - INFO - Registered migration version 1 for db_grid/B3/database.db
2024-11-20 12:23:13,227 - konomi.utils.schema_manager - INFO - Registered migration version 1 for db_grid/B3/database.db
2024-11-20 12:23:13,282 - konomi.utils.schema_manager - INFO - Applied migration version 1 to db_grid/B3/database.db
2024-11-20 12:23:13,282 - konomi.utils.schema_manager - INFO - Applied migration version 1 to db_grid/B3/database.db
2024-11-20 12:23:13,283 - __main__ - INFO - Initializing database B4...
2024-11-20 12:23:13,285 - __main__ - INFO - Successfully initialized db_grid/B4/database.db
2024-11-20 12:23:13,360 - konomi.utils.schema_manager - INFO - Cleaned migrations from db_grid/B4/database.db
2024-11-20 12:23:13,360 - konomi.utils.schema_manager - INFO - Cleaned migrations from db_grid/B4/database.db
2024-11-20 12:23:13,398 - konomi.utils.schema_manager - INFO - Registered migration version 1 for db_grid/B4/database.db
2024-11-20 12:23:13,398 - konomi.utils.schema_manager - INFO - Registered migration version 1 for db_grid/B4/database.db
2024-11-20 12:23:13,472 - konomi.utils.schema_manager - INFO - Applied migration version 1 to db_grid/B4/database.db
2024-11-20 12:23:13,472 - konomi.utils.schema_manager - INFO - Applied migration version 1 to db_grid/B4/database.db
2024-11-20 12:23:13,472 - __main__ - INFO - Initializing database B5...
2024-11-20 12:23:13,473 - __main__ - INFO - Successfully initialized db_grid/B5/database.db
2024-11-20 12:23:13,528 - konomi.utils.schema_manager - INFO - Cleaned migrations from db_grid/B5/database.db
2024-11-20 12:23:13,528 - konomi.utils.schema_manager - INFO - Cleaned migrations from db_grid/B5/database.db
2024-11-20 12:23:13,580 - konomi.utils.schema_manager - INFO - Registered migration version 1 for db_grid/B5/database.db
2024-11-20 12:23:13,580 - konomi.utils.schema_manager - INFO - Registered migration version 1 for db_grid/B5/database.db
2024-11-20 12:23:13,621 - konomi.utils.schema_manager - INFO - Applied migration version 1 to db_grid/B5/database.db
2024-11-20 12:23:13,621 - konomi.utils.schema_manager - INFO - Applied migration version 1 to db_grid/B5/database.db
2024-11-20 12:23:13,621 - __main__ - INFO - Initializing database C1...
2024-11-20 12:23:13,622 - __main__ - INFO - Successfully initialized db_grid/C1/database.db
2024-11-20 12:23:13,672 - konomi.utils.schema_manager - INFO - Cleaned migrations from db_grid/C1/database.db
2024-11-20 12:23:13,672 - konomi.utils.schema_manager - INFO - Cleaned migrations from db_grid/C1/database.db
2024-11-20 12:23:13,753 - konomi.utils.schema_manager - INFO - Registered migration version 1 for db_grid/C1/database.db
2024-11-20 12:23:13,753 - konomi.utils.schema_manager - INFO - Registered migration version 1 for db_grid/C1/database.db
2024-11-20 12:23:13,804 - konomi.utils.schema_manager - INFO - Applied migration version 1 to db_grid/C1/database.db
2024-11-20 12:23:13,804 - konomi.utils.schema_manager - INFO - Applied migration version 1 to db_grid/C1/database.db
2024-11-20 12:23:13,806 - __main__ - INFO - Initializing database C2...
2024-11-20 12:23:13,807 - __main__ - INFO - Successfully initialized db_grid/C2/database.db
2024-11-20 12:23:13,864 - konomi.utils.schema_manager - INFO - Cleaned migrations from db_grid/C2/database.db
2024-11-20 12:23:13,864 - konomi.utils.schema_manager - INFO - Cleaned migrations from db_grid/C2/database.db
2024-11-20 12:23:13,926 - konomi.utils.schema_manager - INFO - Registered migration version 1 for db_grid/C2/database.db
2024-11-20 12:23:13,926 - konomi.utils.schema_manager - INFO - Registered migration version 1 for db_grid/C2/database.db
2024-11-20 12:23:13,981 - konomi.utils.schema_manager - INFO - Applied migration version 1 to db_grid/C2/database.db
2024-11-20 12:23:13,981 - konomi.utils.schema_manager - INFO - Applied migration version 1 to db_grid/C2/database.db
2024-11-20 12:23:13,982 - __main__ - INFO - Initializing database C3...
2024-11-20 12:23:13,983 - __main__ - INFO - Successfully initialized db_grid/C3/database.db
2024-11-20 12:23:14,022 - konomi.utils.schema_manager - INFO - Cleaned migrations from db_grid/C3/database.db
2024-11-20 12:23:14,022 - konomi.utils.schema_manager - INFO - Cleaned migrations from db_grid/C3/database.db
2024-11-20 12:23:14,062 - konomi.utils.schema_manager - INFO - Registered migration version 1 for db_grid/C3/database.db
2024-11-20 12:23:14,062 - konomi.utils.schema_manager - INFO - Registered migration version 1 for db_grid/C3/database.db
2024-11-20 12:23:14,111 - konomi.utils.schema_manager - INFO - Applied migration version 1 to db_grid/C3/database.db
2024-11-20 12:23:14,111 - konomi.utils.schema_manager - INFO - Applied migration version 1 to db_grid/C3/database.db
2024-11-20 12:23:14,112 - __main__ - INFO - Initializing database C4...
2024-11-20 12:23:14,112 - __main__ - INFO - Successfully initialized db_grid/C4/database.db
2024-11-20 12:23:14,140 - konomi.utils.schema_manager - INFO - Cleaned migrations from db_grid/C4/database.db
2024-11-20 12:23:14,140 - konomi.utils.schema_manager - INFO - Cleaned migrations from db_grid/C4/database.db
2024-11-20 12:23:14,190 - konomi.utils.schema_manager - INFO - Registered migration version 1 for db_grid/C4/database.db
2024-11-20 12:23:14,190 - konomi.utils.schema_manager - INFO - Registered migration version 1 for db_grid/C4/database.db
2024-11-20 12:23:14,234 - konomi.utils.schema_manager - INFO - Applied migration version 1 to db_grid/C4/database.db
2024-11-20 12:23:14,234 - konomi.utils.schema_manager - INFO - Applied migration version 1 to db_grid/C4/database.db
2024-11-20 12:23:14,235 - __main__ - INFO - Initializing database C5...
2024-11-20 12:23:14,235 - __main__ - INFO - Successfully initialized db_grid/C5/database.db
2024-11-20 12:23:14,275 - konomi.utils.schema_manager - INFO - Cleaned migrations from db_grid/C5/database.db
2024-11-20 12:23:14,275 - konomi.utils.schema_manager - INFO - Cleaned migrations from db_grid/C5/database.db
2024-11-20 12:23:14,315 - konomi.utils.schema_manager - INFO - Registered migration version 1 for db_grid/C5/database.db
2024-11-20 12:23:14,315 - konomi.utils.schema_manager - INFO - Registered migration version 1 for db_grid/C5/database.db
2024-11-20 12:23:14,345 - konomi.utils.schema_manager - INFO - Applied migration version 1 to db_grid/C5/database.db
2024-11-20 12:23:14,345 - konomi.utils.schema_manager - INFO - Applied migration version 1 to db_grid/C5/database.db
2024-11-20 12:23:14,346 - __main__ - INFO - Initializing database D1...
2024-11-20 12:23:14,346 - __main__ - INFO - Successfully initialized db_grid/D1/database.db
2024-11-20 12:23:14,377 - konomi.utils.schema_manager - INFO - Cleaned migrations from db_grid/D1/database.db
2024-11-20 12:23:14,377 - konomi.utils.schema_manager - INFO - Cleaned migrations from db_grid/D1/database.db
2024-11-20 12:23:14,407 - konomi.utils.schema_manager - INFO - Registered migration version 1 for db_grid/D1/database.db
2024-11-20 12:23:14,407 - konomi.utils.schema_manager - INFO - Registered migration version 1 for db_grid/D1/database.db
2024-11-20 12:23:14,433 - konomi.utils.schema_manager - INFO - Applied migration version 1 to db_grid/D1/database.db
2024-11-20 12:23:14,433 - konomi.utils.schema_manager - INFO - Applied migration version 1 to db_grid/D1/database.db
2024-11-20 12:23:14,433 - __main__ - INFO - Initializing database D2...
2024-11-20 12:23:14,433 - __main__ - INFO - Successfully initialized db_grid/D2/database.db
2024-11-20 12:23:14,459 - konomi.utils.schema_manager - INFO - Cleaned migrations from db_grid/D2/database.db
2024-11-20 12:23:14,459 - konomi.utils.schema_manager - INFO - Cleaned migrations from db_grid/D2/database.db
2024-11-20 12:23:14,499 - konomi.utils.schema_manager - INFO - Registered migration version 1 for db_grid/D2/database.db
2024-11-20 12:23:14,499 - konomi.utils.schema_manager - INFO - Registered migration version 1 for db_grid/D2/database.db
2024-11-20 12:23:14,524 - konomi.utils.schema_manager - INFO - Applied migration version 1 to db_grid/D2/database.db
2024-11-20 12:23:14,524 - konomi.utils.schema_manager - INFO - Applied migration version 1 to db_grid/D2/database.db
2024-11-20 12:23:14,525 - __main__ - INFO - Initializing database D3...
2024-11-20 12:23:14,525 - __main__ - INFO - Successfully initialized db_grid/D3/database.db
2024-11-20 12:23:14,556 - konomi.utils.schema_manager - INFO - Cleaned migrations from db_grid/D3/database.db
2024-11-20 12:23:14,556 - konomi.utils.schema_manager - INFO - Cleaned migrations from db_grid/D3/database.db
2024-11-20 12:23:14,590 - konomi.utils.schema_manager - INFO - Registered migration version 1 for db_grid/D3/database.db
2024-11-20 12:23:14,590 - konomi.utils.schema_manager - INFO - Registered migration version 1 for db_grid/D3/database.db
2024-11-20 12:23:14,625 - konomi.utils.schema_manager - INFO - Applied migration version 1 to db_grid/D3/database.db
2024-11-20 12:23:14,625 - konomi.utils.schema_manager - INFO - Applied migration version 1 to db_grid/D3/database.db
2024-11-20 12:23:14,625 - __main__ - INFO - Initializing database D4...
2024-11-20 12:23:14,626 - __main__ - INFO - Successfully initialized db_grid/D4/database.db
2024-11-20 12:23:14,658 - konomi.utils.schema_manager - INFO - Cleaned migrations from db_grid/D4/database.db
2024-11-20 12:23:14,658 - konomi.utils.schema_manager - INFO - Cleaned migrations from db_grid/D4/database.db
2024-11-20 12:23:14,698 - konomi.utils.schema_manager - INFO - Registered migration version 1 for db_grid/D4/database.db
2024-11-20 12:23:14,698 - konomi.utils.schema_manager - INFO - Registered migration version 1 for db_grid/D4/database.db
2024-11-20 12:23:14,726 - konomi.utils.schema_manager - INFO - Applied migration version 1 to db_grid/D4/database.db
2024-11-20 12:23:14,726 - konomi.utils.schema_manager - INFO - Applied migration version 1 to db_grid/D4/database.db
2024-11-20 12:23:14,729 - __main__ - INFO - Initializing database D5...
2024-11-20 12:23:14,729 - __main__ - INFO - Successfully initialized db_grid/D5/database.db
2024-11-20 12:23:14,765 - konomi.utils.schema_manager - INFO - Cleaned migrations from db_grid/D5/database.db
2024-11-20 12:23:14,765 - konomi.utils.schema_manager - INFO - Cleaned migrations from db_grid/D5/database.db
2024-11-20 12:23:14,794 - konomi.utils.schema_manager - INFO - Registered migration version 1 for db_grid/D5/database.db
2024-11-20 12:23:14,794 - konomi.utils.schema_manager - INFO - Registered migration version 1 for db_grid/D5/database.db
2024-11-20 12:23:14,818 - konomi.utils.schema_manager - INFO - Applied migration version 1 to db_grid/D5/database.db
2024-11-20 12:23:14,818 - konomi.utils.schema_manager - INFO - Applied migration version 1 to db_grid/D5/database.db
2024-11-20 12:23:14,819 - __main__ - INFO - Initializing database E1...
2024-11-20 12:23:14,820 - __main__ - INFO - Successfully initialized db_grid/E1/database.db
2024-11-20 12:23:14,846 - konomi.utils.schema_manager - INFO - Cleaned migrations from db_grid/E1/database.db
2024-11-20 12:23:14,846 - konomi.utils.schema_manager - INFO - Cleaned migrations from db_grid/E1/database.db
2024-11-20 12:23:14,872 - konomi.utils.schema_manager - INFO - Registered migration version 1 for db_grid/E1/database.db
2024-11-20 12:23:14,872 - konomi.utils.schema_manager - INFO - Registered migration version 1 for db_grid/E1/database.db
2024-11-20 12:23:14,901 - konomi.utils.schema_manager - INFO - Applied migration version 1 to db_grid/E1/database.db
2024-11-20 12:23:14,901 - konomi.utils.schema_manager - INFO - Applied migration version 1 to db_grid/E1/database.db
2024-11-20 12:23:14,902 - __main__ - INFO - Initializing database E2...
2024-11-20 12:23:14,902 - __main__ - INFO - Successfully initialized db_grid/E2/database.db
2024-11-20 12:23:14,946 - konomi.utils.schema_manager - INFO - Cleaned migrations from db_grid/E2/database.db
2024-11-20 12:23:14,946 - konomi.utils.schema_manager - INFO - Cleaned migrations from db_grid/E2/database.db
2024-11-20 12:23:14,974 - konomi.utils.schema_manager - INFO - Registered migration version 1 for db_grid/E2/database.db
2024-11-20 12:23:14,974 - konomi.utils.schema_manager - INFO - Registered migration version 1 for db_grid/E2/database.db
2024-11-20 12:23:15,008 - konomi.utils.schema_manager - INFO - Applied migration version 1 to db_grid/E2/database.db
2024-11-20 12:23:15,008 - konomi.utils.schema_manager - INFO - Applied migration version 1 to db_grid/E2/database.db
2024-11-20 12:23:15,009 - __main__ - INFO - Initializing database E3...
2024-11-20 12:23:15,013 - __main__ - INFO - Successfully initialized db_grid/E3/database.db
2024-11-20 12:23:15,063 - konomi.utils.schema_manager - INFO - Cleaned migrations from db_grid/E3/database.db
2024-11-20 12:23:15,063 - konomi.utils.schema_manager - INFO - Cleaned migrations from db_grid/E3/database.db
2024-11-20 12:23:15,090 - konomi.utils.schema_manager - INFO - Registered migration version 1 for db_grid/E3/database.db
2024-11-20 12:23:15,090 - konomi.utils.schema_manager - INFO - Registered migration version 1 for db_grid/E3/database.db
2024-11-20 12:23:15,117 - konomi.utils.schema_manager - INFO - Applied migration version 1 to db_grid/E3/database.db
2024-11-20 12:23:15,117 - konomi.utils.schema_manager - INFO - Applied migration version 1 to db_grid/E3/database.db
2024-11-20 12:23:15,117 - __main__ - INFO - Initializing database E4...
2024-11-20 12:23:15,118 - __main__ - INFO - Successfully initialized db_grid/E4/database.db
2024-11-20 12:23:15,143 - konomi.utils.schema_manager - INFO - Cleaned migrations from db_grid/E4/database.db
2024-11-20 12:23:15,143 - konomi.utils.schema_manager - INFO - Cleaned migrations from db_grid/E4/database.db
2024-11-20 12:23:15,179 - konomi.utils.schema_manager - INFO - Registered migration version 1 for db_grid/E4/database.db
2024-11-20 12:23:15,179 - konomi.utils.schema_manager - INFO - Registered migration version 1 for db_grid/E4/database.db
2024-11-20 12:23:15,205 - konomi.utils.schema_manager - INFO - Applied migration version 1 to db_grid/E4/database.db
2024-11-20 12:23:15,205 - konomi.utils.schema_manager - INFO - Applied migration version 1 to db_grid/E4/database.db
2024-11-20 12:23:15,206 - __main__ - INFO - Initializing database E5...
2024-11-20 12:23:15,206 - __main__ - INFO - Successfully initialized db_grid/E5/database.db
2024-11-20 12:23:15,247 - konomi.utils.schema_manager - INFO - Cleaned migrations from db_grid/E5/database.db
2024-11-20 12:23:15,247 - konomi.utils.schema_manager - INFO - Cleaned migrations from db_grid/E5/database.db
2024-11-20 12:23:15,271 - konomi.utils.schema_manager - INFO - Registered migration version 1 for db_grid/E5/database.db
2024-11-20 12:23:15,271 - konomi.utils.schema_manager - INFO - Registered migration version 1 for db_grid/E5/database.db
2024-11-20 12:23:15,296 - konomi.utils.schema_manager - INFO - Applied migration version 1 to db_grid/E5/database.db
2024-11-20 12:23:15,296 - konomi.utils.schema_manager - INFO - Applied migration version 1 to db_grid/E5/database.db
2024-11-20 12:23:15,296 - __main__ - INFO - Initializing database F1...
2024-11-20 12:23:15,297 - __main__ - INFO - Successfully initialized db_grid/F1/database.db
2024-11-20 12:23:15,335 - konomi.utils.schema_manager - INFO - Cleaned migrations from db_grid/F1/database.db
2024-11-20 12:23:15,335 - konomi.utils.schema_manager - INFO - Cleaned migrations from db_grid/F1/database.db
2024-11-20 12:23:15,365 - konomi.utils.schema_manager - INFO - Registered migration version 1 for db_grid/F1/database.db
2024-11-20 12:23:15,365 - konomi.utils.schema_manager - INFO - Registered migration version 1 for db_grid/F1/database.db
2024-11-20 12:23:15,392 - konomi.utils.schema_manager - INFO - Applied migration version 1 to db_grid/F1/database.db
2024-11-20 12:23:15,392 - konomi.utils.schema_manager - INFO - Applied migration version 1 to db_grid/F1/database.db
2024-11-20 12:23:15,392 - __main__ - INFO - Initializing database F2...
2024-11-20 12:23:15,393 - __main__ - INFO - Successfully initialized db_grid/F2/database.db
2024-11-20 12:23:15,425 - konomi.utils.schema_manager - INFO - Cleaned migrations from db_grid/F2/database.db
2024-11-20 12:23:15,425 - konomi.utils.schema_manager - INFO - Cleaned migrations from db_grid/F2/database.db
2024-11-20 12:23:15,454 - konomi.utils.schema_manager - INFO - Registered migration version 1 for db_grid/F2/database.db
2024-11-20 12:23:15,454 - konomi.utils.schema_manager - INFO - Registered migration version 1 for db_grid/F2/database.db
2024-11-20 12:23:15,482 - konomi.utils.schema_manager - INFO - Applied migration version 1 to db_grid/F2/database.db
2024-11-20 12:23:15,482 - konomi.utils.schema_manager - INFO - Applied migration version 1 to db_grid/F2/database.db
2024-11-20 12:23:15,482 - __main__ - INFO - Initializing database F3...
2024-11-20 12:23:15,483 - __main__ - INFO - Successfully initialized db_grid/F3/database.db
2024-11-20 12:23:15,525 - konomi.utils.schema_manager - INFO - Cleaned migrations from db_grid/F3/database.db
2024-11-20 12:23:15,525 - konomi.utils.schema_manager - INFO - Cleaned migrations from db_grid/F3/database.db
2024-11-20 12:23:15,554 - konomi.utils.schema_manager - INFO - Registered migration version 1 for db_grid/F3/database.db
2024-11-20 12:23:15,554 - konomi.utils.schema_manager - INFO - Registered migration version 1 for db_grid/F3/database.db
2024-11-20 12:23:15,579 - konomi.utils.schema_manager - INFO - Applied migration version 1 to db_grid/F3/database.db
2024-11-20 12:23:15,579 - konomi.utils.schema_manager - INFO - Applied migration version 1 to db_grid/F3/database.db
2024-11-20 12:23:15,580 - __main__ - INFO - Initializing database F4...
2024-11-20 12:23:15,580 - __main__ - INFO - Successfully initialized db_grid/F4/database.db
2024-11-20 12:23:15,616 - konomi.utils.schema_manager - INFO - Cleaned migrations from db_grid/F4/database.db
2024-11-20 12:23:15,616 - konomi.utils.schema_manager - INFO - Cleaned migrations from db_grid/F4/database.db
2024-11-20 12:23:15,651 - konomi.utils.schema_manager - INFO - Registered migration version 1 for db_grid/F4/database.db
2024-11-20 12:23:15,651 - konomi.utils.schema_manager - INFO - Registered migration version 1 for db_grid/F4/database.db
2024-11-20 12:23:15,676 - konomi.utils.schema_manager - INFO - Applied migration version 1 to db_grid/F4/database.db
2024-11-20 12:23:15,676 - konomi.utils.schema_manager - INFO - Applied migration version 1 to db_grid/F4/database.db
2024-11-20 12:23:15,676 - __main__ - INFO - Initializing database F5...
2024-11-20 12:23:15,677 - __main__ - INFO - Successfully initialized db_grid/F5/database.db
2024-11-20 12:23:15,709 - konomi.utils.schema_manager - INFO - Cleaned migrations from db_grid/F5/database.db
2024-11-20 12:23:15,709 - konomi.utils.schema_manager - INFO - Cleaned migrations from db_grid/F5/database.db
2024-11-20 12:23:15,743 - konomi.utils.schema_manager - INFO - Registered migration version 1 for db_grid/F5/database.db
2024-11-20 12:23:15,743 - konomi.utils.schema_manager - INFO - Registered migration version 1 for db_grid/F5/database.db
2024-11-20 12:23:15,767 - konomi.utils.schema_manager - INFO - Applied migration version 1 to db_grid/F5/database.db
2024-11-20 12:23:15,767 - konomi.utils.schema_manager - INFO - Applied migration version 1 to db_grid/F5/database.db
2024-11-20 12:23:15,767 - __main__ - INFO - Initializing database G1...
2024-11-20 12:23:15,768 - __main__ - INFO - Successfully initialized db_grid/G1/database.db
2024-11-20 12:23:15,796 - konomi.utils.schema_manager - INFO - Cleaned migrations from db_grid/G1/database.db
2024-11-20 12:23:15,796 - konomi.utils.schema_manager - INFO - Cleaned migrations from db_grid/G1/database.db
2024-11-20 12:23:15,838 - konomi.utils.schema_manager - INFO - Registered migration version 1 for db_grid/G1/database.db
2024-11-20 12:23:15,838 - konomi.utils.schema_manager - INFO - Registered migration version 1 for db_grid/G1/database.db
2024-11-20 12:23:15,865 - konomi.utils.schema_manager - INFO - Applied migration version 1 to db_grid/G1/database.db
2024-11-20 12:23:15,865 - konomi.utils.schema_manager - INFO - Applied migration version 1 to db_grid/G1/database.db
2024-11-20 12:23:15,865 - __main__ - INFO - Initializing database G2...
2024-11-20 12:23:15,866 - __main__ - INFO - Successfully initialized db_grid/G2/database.db
2024-11-20 12:23:15,895 - konomi.utils.schema_manager - INFO - Cleaned migrations from db_grid/G2/database.db
2024-11-20 12:23:15,895 - konomi.utils.schema_manager - INFO - Cleaned migrations from db_grid/G2/database.db
2024-11-20 12:23:15,930 - konomi.utils.schema_manager - INFO - Registered migration version 1 for db_grid/G2/database.db
2024-11-20 12:23:15,930 - konomi.utils.schema_manager - INFO - Registered migration version 1 for db_grid/G2/database.db
2024-11-20 12:23:15,957 - konomi.utils.schema_manager - INFO - Applied migration version 1 to db_grid/G2/database.db
2024-11-20 12:23:15,957 - konomi.utils.schema_manager - INFO - Applied migration version 1 to db_grid/G2/database.db
2024-11-20 12:23:15,958 - __main__ - INFO - Initializing database G3...
2024-11-20 12:23:15,958 - __main__ - INFO - Successfully initialized db_grid/G3/database.db
2024-11-20 12:23:15,989 - konomi.utils.schema_manager - INFO - Cleaned migrations from db_grid/G3/database.db
2024-11-20 12:23:15,989 - konomi.utils.schema_manager - INFO - Cleaned migrations from db_grid/G3/database.db
2024-11-20 12:23:16,019 - konomi.utils.schema_manager - INFO - Registered migration version 1 for db_grid/G3/database.db
2024-11-20 12:23:16,019 - konomi.utils.schema_manager - INFO - Registered migration version 1 for db_grid/G3/database.db
2024-11-20 12:23:16,047 - konomi.utils.schema_manager - INFO - Applied migration version 1 to db_grid/G3/database.db
2024-11-20 12:23:16,047 - konomi.utils.schema_manager - INFO - Applied migration version 1 to db_grid/G3/database.db
2024-11-20 12:23:16,048 - __main__ - INFO - Initializing database G4...
2024-11-20 12:23:16,048 - __main__ - INFO - Successfully initialized db_grid/G4/database.db
2024-11-20 12:23:16,082 - konomi.utils.schema_manager - INFO - Cleaned migrations from db_grid/G4/database.db
2024-11-20 12:23:16,082 - konomi.utils.schema_manager - INFO - Cleaned migrations from db_grid/G4/database.db
2024-11-20 12:23:16,119 - konomi.utils.schema_manager - INFO - Registered migration version 1 for db_grid/G4/database.db
2024-11-20 12:23:16,119 - konomi.utils.schema_manager - INFO - Registered migration version 1 for db_grid/G4/database.db
2024-11-20 12:23:16,145 - konomi.utils.schema_manager - INFO - Applied migration version 1 to db_grid/G4/database.db
2024-11-20 12:23:16,145 - konomi.utils.schema_manager - INFO - Applied migration version 1 to db_grid/G4/database.db
2024-11-20 12:23:16,145 - __main__ - INFO - Initializing database G5...
2024-11-20 12:23:16,145 - __main__ - INFO - Successfully initialized db_grid/G5/database.db
2024-11-20 12:23:16,181 - konomi.utils.schema_manager - INFO - Cleaned migrations from db_grid/G5/database.db
2024-11-20 12:23:16,181 - konomi.utils.schema_manager - INFO - Cleaned migrations from db_grid/G5/database.db
2024-11-20 12:23:16,210 - konomi.utils.schema_manager - INFO - Registered migration version 1 for db_grid/G5/database.db
2024-11-20 12:23:16,210 - konomi.utils.schema_manager - INFO - Registered migration version 1 for db_grid/G5/database.db
2024-11-20 12:23:16,236 - konomi.utils.schema_manager - INFO - Applied migration version 1 to db_grid/G5/database.db
2024-11-20 12:23:16,236 - konomi.utils.schema_manager - INFO - Applied migration version 1 to db_grid/G5/database.db
